trade_date,settlement_date,trade_id,customer_id,account_number,order_id,exec_id,symbol,isin,side,quantity,price,currency,gross_amount,commission,net_amount,base_currency,base_gross_amount,base_net_amount,fx_rate,market,order_type,exec_type,time_in_force,broker_id,venue
2024-07-10T15:38:09.696689Z,2024-07-12,TRD_30ECD5BEF0A5,CUST_00001,CUST_00001_INVESTMENT_01,ORD_3255F73F1833,EXE_FF59921B5DA8,7267,JP4350771199,1,740.0336,3028.0,JPY,2240821.74,13444.9304,2227376.81,CHF,2240821.74,2227376.81,1.0,TSE,STOP,NEW,FOK,JPM,CHI-X
2024-07-10T16:29:35.359890Z,2024-07-12,TRD_41E0305AC7A5,CUST_00001,CUST_00001_INVESTMENT_01,ORD_9CE35F246D52,EXE_72710D713C0F,VOW,DE7369430666,1,319.2915,76.95,EUR,24569.48,98.2779,24471.2,CHF,24569.48,24471.2,1.0,XETRA,MARKET,REPLACED,IOC,MS,BLOCK
2024-07-10T10:18:19.367536Z,2024-07-12,TRD_B3ECE6A85447,CUST_00001,CUST_00001_INVESTMENT_01,ORD_3D5577317F35,EXE_5318A4E018B8,AAPL,US1777554685,1,704.6261,150.5,USD,106046.23,530.2311,105516.0,CHF,106046.23,105516.0,1.0,NASDAQ,STOP_LIMIT,FILL,FOK,CS,DARK
2024-07-10T13:42:01.060996Z,2024-07-12,TRD_CA2FBB21DE22,CUST_00001,CUST_00001_INVESTMENT_01,ORD_9858A1CA966C,EXE_3617ED634F81,NVDA,US9218155991,1,380.9285,212.69,USD,81019.68,405.0984,80614.58,CHF,81019.68,80614.58,1.0,NYSE,LIMIT,FILL,GTC,CITI,DARK
2024-07-10T13:53:46.614510Z,2024-07-12,TRD_E2E5B07A1BEF,CUST_00001,CUST_00001_INVESTMENT_01,ORD_FA1CE4E5432E,EXE_4F40DA53D266,TSLA,US8073464028,2,468.7909,273.61,USD,-128265.88,641.3294,-127624.55,CHF,-128265.88,-127624.55,1.0,NASDAQ,STOP_LIMIT,FILL,FOK,BAML,DARK
