trade_date,settlement_date,trade_id,customer_id,account_number,order_id,exec_id,symbol,isin,side,quantity,price,currency,gross_amount,commission,net_amount,base_currency,base_gross_amount,base_net_amount,fx_rate,market,order_type,exec_type,time_in_force,broker_id,venue
2024-11-28T13:19:12.284019Z,2024-12-02,TRD_15D7DB49AD83,CUST_00001,CUST_00001_INVESTMENT_01,ORD_2455476BC6A6,EXE_3F65EB6E0252,JNJ,US9944099267,2,304.3156,109.94,USD,-33456.46,167.2823,-33289.17,CHF,-33456.46,-33289.17,1.0,NYSE,STOP_LIMIT,NEW,DAY,TD,BLOCK
2024-11-28T10:19:45.955843Z,2024-12-02,TRD_01DF87FACAC6,CUST_00001,CUST_00001_INVESTMENT_01,ORD_BDA2DB68E772,EXE_1E1A6C14547E,ZURN,CH3074451094,1,592.6124,652.85,CHF,386887.01,3095.096,383791.91,CHF,386887.01,383791.91,1.0,SIX,LIMIT,FILL,FOK,TD,SIP
2024-11-28T11:21:05.027968Z,2024-12-02,TRD_DAD181E53255,CUST_00001,CUST_00001_INVESTMENT_01,ORD_BA46DBBE2085,EXE_8DB78E302F05,BP,GB5879587396,1,30.684,1799.4,GBP,55212.79,331.2767,54881.51,CHF,55212.79,54881.51,1.0,LSE,STOP_LIMIT,PARTIAL_FILL,FOK,MS,CROSS
2024-11-28T12:55:08.709165Z,2024-12-02,TRD_83F349B232B1,CUST_00001,CUST_00001_INVESTMENT_01,ORD_E9F9B0B3BA3B,EXE_C5C830D3C15C,VOD,GB2719841787,1,310.5643,519.54,GBP,161350.58,968.1035,160382.47,CHF,161350.58,160382.47,1.0,LSE,STOP,REPLACED,DAY,CS,SIP
