trade_date,settlement_date,trade_id,customer_id,account_number,order_id,exec_id,symbol,isin,side,quantity,price,currency,gross_amount,commission,net_amount,base_currency,base_gross_amount,base_net_amount,fx_rate,market,order_type,exec_type,time_in_force,broker_id,venue
2024-07-22T12:53:03.066743Z,2024-07-24,TRD_5E9A1C8E7931,CUST_00001,CUST_00001_INVESTMENT_01,ORD_4E9C77FE50E6,EXE_8C4FB3E9E0F7,NOVN,CH6719287009,2,982.1704,193.96,CHF,-190501.77,1524.0142,-188977.76,CHF,-190501.77,-188977.76,1.0,SIX,MARKET,PARTIAL_FILL,DAY,GS,CHI-X
2024-07-22T15:40:54.972312Z,2024-07-24,TRD_66280DE591B4,CUST_00001,CUST_00001_INVESTMENT_01,ORD_ADE98066BF26,EXE_D8028B0B02CE,7267,JP4653797935,1,633.8281,2125.0,JPY,1346884.71,8081.3083,1338803.4,CHF,1346884.71,1338803.4,1.0,TSE,STOP_LIMIT,PARTIAL_FILL,GTC,JPM,BLOCK
2024-07-22T15:24:52.268497Z,2024-07-24,TRD_56C02EA08952,CUST_00001,CUST_00001_INVESTMENT_01,ORD_3D549A3CF20C,EXE_5F3E4C9FB355,NESN,CH1879963761,2,128.6468,148.12,CHF,-19055.16,152.4413,-18902.72,CHF,-19055.16,-18902.72,1.0,SIX,MARKET,REPLACED,FOK,DB,DARK
2024-07-22T12:11:36.041683Z,2024-07-24,TRD_10EE972F2FA6,CUST_00001,CUST_00001_INVESTMENT_01,ORD_A7DAF0E7ADEF,EXE_AF19DFC07150,CSCO,US6697601981,1,184.6599,262.04,USD,48388.28,241.9414,48146.34,CHF,48388.28,48146.34,1.0,NASDAQ,MARKET,CANCELED,FOK,DB,BLOCK
