trade_date,settlement_date,trade_id,customer_id,account_number,order_id,exec_id,symbol,isin,side,quantity,price,currency,gross_amount,commission,net_amount,base_currency,base_gross_amount,base_net_amount,fx_rate,market,order_type,exec_type,time_in_force,broker_id,venue
2025-06-02T12:37:56.651144Z,2025-06-04,TRD_666BA1505710,CUST_00001,CUST_00001_INVESTMENT_01,ORD_D9C8CEE61082,EXE_82E7B9086C5F,SHEL,GB4392622849,1,91.9707,756.82,GBP,69605.27,417.6316,69187.63,CHF,69605.27,69187.63,1.0,LSE,STOP_LIMIT,FILL,GTC,CS,CHI-X
2025-06-02T13:07:32.060137Z,2025-06-04,TRD_7B64EF8CC77E,CUST_00001,CUST_00001_INVESTMENT_01,ORD_EBA23D311972,EXE_42C093F0481A,4063,JP6841562376,2,583.4485,4765.0,JPY,-2780132.1,16680.7926,-2763451.31,CHF,-2780132.1,-2763451.31,1.0,TSE,STOP,PARTIAL_FILL,GTC,DB,BLOCK
2025-06-02T12:40:02.665490Z,2025-06-04,TRD_B80658C23831,CUST_00001,CUST_00001_INVESTMENT_01,ORD_84FD07A0E80D,EXE_6A9E590ABD39,CS,CH6111136216,1,254.371,247.37,CHF,62923.75,503.39,62420.36,CHF,62923.75,62420.36,1.0,SIX,STOP_LIMIT,REPLACED,FOK,JPM,CROSS
2025-06-02T15:15:33.810688Z,2025-06-04,TRD_C60BC9957F64,CUST_00001,CUST_00001_INVESTMENT_01,ORD_85822BAED967,EXE_46FDBD99DACB,CS,CH1312209627,2,843.0679,937.42,CHF,-790308.71,6322.4697,-783986.24,CHF,-790308.71,-783986.24,1.0,SIX,STOP_LIMIT,NEW,IOC,MS,BATS
2025-06-02T15:19:13.199030Z,2025-06-04,TRD_F84E48BC20E5,CUST_00001,CUST_00001_INVESTMENT_01,ORD_B582F8426E5F,EXE_7118E6F130BC,8306,JP9515509569,1,668.1934,4994.0,JPY,3336957.84,20021.747,3316936.09,CHF,3336957.84,3316936.09,1.0,TSE,STOP_LIMIT,PARTIAL_FILL,IOC,GS,SIP
2025-06-02T09:07:12.869268Z,2025-06-04,TRD_CB134068BE69,CUST_00001,CUST_00001_INVESTMENT_01,ORD_CCBDE37B79CE,EXE_283AB447AB44,ZURN,CH2945721670,2,358.8643,790.32,CHF,-283617.63,2268.9411,-281348.69,CHF,-283617.63,-281348.69,1.0,SIX,LIMIT,REPLACED,FOK,CITI,CHI-X
