trade_date,settlement_date,trade_id,customer_id,account_number,order_id,exec_id,symbol,isin,side,quantity,price,currency,gross_amount,commission,net_amount,base_currency,base_gross_amount,base_net_amount,fx_rate,market,order_type,exec_type,time_in_force,broker_id,venue
2024-05-24T15:15:04.289348Z,2024-05-28,TRD_C2D10DD083BD,CUST_00001,CUST_00001_INVESTMENT_01,ORD_15B43DAAEE4D,EXE_56C4A84EE0E9,ZURN,CH7376374326,2,250.1017,353.81,CHF,-88488.48,707.9079,-87780.57,CHF,-88488.48,-87780.57,1.0,SIX,LIMIT,NEW,GTC,JPM,BATS
2024-05-24T13:38:28.508583Z,2024-05-28,TRD_E9B973AEED16,CUST_00001,CUST_00001_INVESTMENT_01,ORD_0C0878E23970,EXE_A664FA90CE0D,MUV2,DE8212020547,1,725.4119,120.38,EUR,87325.08,349.3003,86975.78,CHF,87325.08,86975.78,1.0,XETRA,STOP,FILL,FOK,CS,SIP
2024-05-24T15:03:54.885457Z,2024-05-28,TRD_273083F45288,CUST_00001,CUST_00001_INVESTMENT_01,ORD_5E42C3AD567F,EXE_E1737A00B498,9984,JP4589012517,2,388.2956,4995.0,JPY,-1939536.52,11637.2191,-1927899.3,CHF,-1939536.52,-1927899.3,1.0,TSE,LIMIT,FILL,DAY,JPM,BLOCK
2024-05-24T10:34:06.653433Z,2024-05-28,TRD_81E83DE42B40,CUST_00001,CUST_00001_INVESTMENT_01,ORD_9F3D8B112B36,EXE_7A787D4D6159,DAI,DE3311180262,1,323.9792,73.22,EUR,23721.76,94.887,23626.87,CHF,23721.76,23626.87,1.0,XETRA,MARKET,PARTIAL_FILL,DAY,BAML,CHI-X
