trade_date,settlement_date,trade_id,customer_id,account_number,order_id,exec_id,symbol,isin,side,quantity,price,currency,gross_amount,commission,net_amount,base_currency,base_gross_amount,base_net_amount,fx_rate,market,order_type,exec_type,time_in_force,broker_id,venue
2025-08-26T12:34:02.289023Z,2025-08-28,TRD_207E971C5B61,CUST_00001,CUST_00001_INVESTMENT_01,ORD_07926681F0E3,EXE_98E4C48DA671,ABB,CH6543587750,1,411.6423,990.76,CHF,407838.73,3262.7098,404576.02,CHF,407838.73,404576.02,1.0,SIX,MARKET,CANCELED,IOC,JPM,CHI-X
2025-08-26T14:56:26.623655Z,2025-08-28,TRD_E24B1C3F4E68,CUST_00001,CUST_00001_INVESTMENT_01,ORD_C4ACAD1C6D6D,EXE_D16FF020E3E6,SHEL,GB9135857535,2,605.7991,1985.5,GBP,-1202814.11,7216.8847,-1195597.23,CHF,-1202814.11,-1195597.23,1.0,LSE,STOP,CANCELED,DAY,DB,BLOCK
2025-08-26T16:56:17.941144Z,2025-08-28,TRD_EA2372728823,CUST_00001,CUST_00001_INVESTMENT_01,ORD_D6FDDB70FE1B,EXE_2F9D306A769F,AZN,GB6149285806,2,152.7883,715.85,GBP,-109373.5,656.241,-108717.26,CHF,-109373.5,-108717.26,1.0,LSE,MARKET,FILL,GTC,CS,BATS
2025-08-26T15:21:55.001966Z,2025-08-28,TRD_D71D4248F1AD,CUST_00001,CUST_00001_INVESTMENT_01,ORD_54F4EDA2F746,EXE_D1F8966259DE,BT,GB7883621559,2,280.1324,648.62,GBP,-181699.48,1090.1969,-180609.28,CHF,-181699.48,-180609.28,1.0,LSE,STOP_LIMIT,REPLACED,DAY,JPM,BLOCK
