trade_date,settlement_date,trade_id,customer_id,account_number,order_id,exec_id,symbol,isin,side,quantity,price,currency,gross_amount,commission,net_amount,base_currency,base_gross_amount,base_net_amount,fx_rate,market,order_type,exec_type,time_in_force,broker_id,venue
2024-02-26T11:57:59.143757Z,2024-02-28,TRD_ECBA7519CE7C,CUST_00001,CUST_00001_INVESTMENT_01,ORD_9FDCE09622BD,EXE_0BB140E32169,LLOY,GB2317863136,1,821.8425,842.44,GBP,692353.0,4154.118,688198.88,CHF,692353.0,688198.88,1.0,LSE,STOP_LIMIT,CANCELED,FOK,CITI,CHI-X
2024-02-26T15:48:25.533892Z,2024-02-28,TRD_D572E4DB485C,CUST_00001,CUST_00001_INVESTMENT_01,ORD_09EA8CC80119,EXE_3F12362BCDF5,4063,JP8471220273,2,870.3414,3164.0,JPY,-2753760.19,16522.5611,-2737237.63,CHF,-2753760.19,-2737237.63,1.0,TSE,STOP_LIMIT,REPLACED,FOK,UBS,DARK
2024-02-26T16:00:30.535883Z,2024-02-28,TRD_C22F2040D763,CUST_00001,CUST_00001_INVESTMENT_01,ORD_BAAC98C1B4FB,EXE_AFF9508BB5C5,MUV2,DE7397085860,1,897.177,42.16,EUR,37824.98,151.2999,37673.68,CHF,37824.98,37673.68,1.0,XETRA,STOP,FILL,DAY,MS,BLOCK
2024-02-26T14:12:19.619461Z,2024-02-28,TRD_5F30FB5FD0D8,CUST_00001,CUST_00001_INVESTMENT_01,ORD_EE927491CD19,EXE_7814853A8C0B,BMW,DE6962679874,1,576.2709,105.39,EUR,60733.19,242.9328,60490.26,CHF,60733.19,60490.26,1.0,XETRA,STOP_LIMIT,PARTIAL_FILL,DAY,DB,DARK
2024-02-26T09:24:27.226149Z,2024-02-28,TRD_19CFF5CD735B,CUST_00001,CUST_00001_INVESTMENT_01,ORD_CC8DA0511BB0,EXE_CB7EF81560F9,AZN,GB7225311967,2,594.3788,853.26,GBP,-507159.65,3042.9579,-504116.7,CHF,-507159.65,-504116.7,1.0,LSE,LIMIT,CANCELED,FOK,UBS,SIP
2024-02-26T14:26:19.669974Z,2024-02-28,TRD_49786E74C5C6,CUST_00001,CUST_00001_INVESTMENT_01,ORD_96A9B3D2DE64,EXE_8314AC410F92,AMZN,US8996975820,1,673.0725,278.99,USD,187780.5,938.9025,186841.59,CHF,187780.5,186841.59,1.0,NASDAQ,MARKET,CANCELED,DAY,BAML,SIP
