trade_date,settlement_date,trade_id,customer_id,account_number,order_id,exec_id,symbol,isin,side,quantity,price,currency,gross_amount,commission,net_amount,base_currency,base_gross_amount,base_net_amount,fx_rate,market,order_type,exec_type,time_in_force,broker_id,venue
2025-04-11T09:22:52.653325Z,2025-04-15,TRD_8DF9CA26B5A0,CUST_00001,CUST_00001_INVESTMENT_01,ORD_BC3CF646A093,EXE_575A5007F5CA,UBSG,CH1796593371,2,937.0128,598.99,CHF,-561261.3,4490.0904,-556771.21,CHF,-561261.3,-556771.21,1.0,SIX,LIMIT,REPLACED,GTC,CS,BLOCK
2025-04-11T12:16:23.561969Z,2025-04-15,TRD_2A566AF743BB,CUST_00001,CUST_00001_INVESTMENT_01,ORD_BF95941993A0,EXE_49C767E00B7C,DTE,DE1664429801,2,977.6846,65.34,EUR,-63881.91,255.5276,-63626.38,CHF,-63881.91,-63626.38,1.0,XETRA,MARKET,NEW,IOC,TD,BLOCK
2025-04-11T13:33:53.922690Z,2025-04-15,TRD_A72BECA977C5,CUST_00001,CUST_00001_INVESTMENT_01,ORD_09B1E36043C3,EXE_CCF4F9F511EE,6758,JP3490903038,2,154.3793,2109.0,JPY,-325585.94,1953.5157,-323632.43,CHF,-325585.94,-323632.43,1.0,TSE,LIMIT,NEW,DAY,TD,CHI-X
2025-04-11T11:43:13.955928Z,2025-04-15,TRD_94D3D01DAAF3,CUST_00001,CUST_00001_INVESTMENT_01,ORD_6D84316950EC,EXE_7F6284BBFFE8,AZN,GB5142507768,1,861.5087,726.89,GBP,626222.06,3757.3324,622464.73,CHF,626222.06,622464.73,1.0,LSE,LIMIT,CANCELED,DAY,GS,DARK
2025-04-11T15:28:23.798068Z,2025-04-15,TRD_2BC20B892B3C,CUST_00001,CUST_00001_INVESTMENT_01,ORD_4DB5E339D73A,EXE_8CA051B1A619,6758,JP2960255181,2,755.3772,2290.0,JPY,-1729813.79,10378.8827,-1719434.91,CHF,-1729813.79,-1719434.91,1.0,TSE,STOP,PARTIAL_FILL,FOK,GS,CHI-X
