trade_date,settlement_date,trade_id,customer_id,account_number,order_id,exec_id,symbol,isin,side,quantity,price,currency,gross_amount,commission,net_amount,base_currency,base_gross_amount,base_net_amount,fx_rate,market,order_type,exec_type,time_in_force,broker_id,venue
2023-10-31T11:20:29.030384Z,2023-11-02,TRD_9ED0389259DD,CUST_00001,CUST_00001_INVESTMENT_01,ORD_3BDA61426AAA,EXE_25DCD52AC718,BT,GB7243114133,1,112.0521,313.32,GBP,35108.16,210.649,34897.51,CHF,35108.16,34897.51,1.0,LSE,LIMIT,FILL,IOC,WF,DARK
2023-10-31T09:48:59.359933Z,2023-11-02,TRD_A787C1720C9D,CUST_00001,CUST_00001_INVESTMENT_01,ORD_C9F82BA64BBB,EXE_57D227660DF4,CFR,CH9950005522,2,64.2209,242.81,CHF,-15593.48,124.7478,-15468.73,CHF,-15593.48,-15468.73,1.0,SIX,LIMIT,CANCELED,FOK,UBS,SIP
2023-10-31T11:01:27.785540Z,2023-11-02,TRD_11B0DB69E61F,CUST_00001,CUST_00001_INVESTMENT_01,ORD_05976AA967E4,EXE_499DDAC7F474,INTC,US5271476772,1,765.1436,66.08,USD,50560.69,252.8034,50307.89,CHF,50560.69,50307.89,1.0,NASDAQ,MARKET,FILL,GTC,TD,BLOCK
2023-10-31T16:59:37.333867Z,2023-11-02,TRD_F6F3C0B8DCD2,CUST_00001,CUST_00001_INVESTMENT_01,ORD_CFB12145106F,EXE_1AB62848CEAC,GOOGL,US1417629602,2,533.4742,240.34,USD,-128215.19,641.0759,-127574.11,CHF,-128215.19,-127574.11,1.0,NYSE,LIMIT,CANCELED,GTC,CS,CHI-X
2023-10-31T13:49:49.427982Z,2023-11-02,TRD_73EC37F00F63,CUST_00001,CUST_00001_INVESTMENT_01,ORD_B60342FA7E0C,EXE_80C467D8EC90,MSFT,US3846762241,2,153.0776,231.08,USD,-35373.17,176.8659,-35196.31,CHF,-35373.17,-35196.31,1.0,NASDAQ,STOP_LIMIT,FILL,FOK,TD,DARK
2023-10-31T11:53:13.966869Z,2023-11-02,TRD_4066F385F5DA,CUST_00001,CUST_00001_INVESTMENT_01,ORD_E558B3BDC301,EXE_B80595EB7B02,NOVN,CH1476704707,1,300.7436,607.79,CHF,182788.95,1462.3116,181326.64,CHF,182788.95,181326.64,1.0,SIX,MARKET,NEW,FOK,CS,BATS
2023-10-31T12:38:35.954010Z,2023-11-02,TRD_0609DF77F028,CUST_00001,CUST_00001_INVESTMENT_01,ORD_AD9FB7FB53ED,EXE_6E09449E77CC,HSBA,GB4161440191,2,261.5312,1542.25,GBP,-403346.49,2420.079,-400926.41,CHF,-403346.49,-400926.41,1.0,LSE,MARKET,NEW,DAY,BAML,SIP
