trade_date,settlement_date,trade_id,customer_id,account_number,order_id,exec_id,symbol,isin,side,quantity,price,currency,gross_amount,commission,net_amount,base_currency,base_gross_amount,base_net_amount,fx_rate,market,order_type,exec_type,time_in_force,broker_id,venue
2024-05-09T16:04:57.314289Z,2024-05-13,TRD_8F9B03924C9A,CUST_00001,CUST_00001_INVESTMENT_01,ORD_0FB995966084,EXE_47F89855A6DE,9433,JP3013587821,2,446.8749,3485.0,JPY,-1557359.03,9344.1542,-1548014.87,CHF,-1557359.03,-1548014.87,1.0,TSE,STOP,CANCELED,GTC,MS,DARK
2024-05-09T10:16:13.601739Z,2024-05-13,TRD_0D963C0A075D,CUST_00001,CUST_00001_INVESTMENT_01,ORD_3D4A14E3651A,EXE_9F452AE962CB,SIE,DE9821197024,2,102.1607,35.66,EUR,-3643.05,14.5722,-3628.48,CHF,-3643.05,-3628.48,1.0,XETRA,STOP,PARTIAL_FILL,FOK,MS,BLOCK
2024-05-09T14:00:00.539381Z,2024-05-13,TRD_16DD9E453B71,CUST_00001,CUST_00001_INVESTMENT_01,ORD_6E2034E3A6A9,EXE_414387B99F77,UBSG,CH5384542388,2,702.9549,545.04,CHF,-383138.54,3065.1083,-380073.43,CHF,-383138.54,-380073.43,1.0,SIX,LIMIT,PARTIAL_FILL,FOK,BAML,BLOCK
2024-05-09T09:51:26.988626Z,2024-05-13,TRD_990A71E5DCCD,CUST_00001,CUST_00001_INVESTMENT_01,ORD_DE32EF92D9A6,EXE_86B5929171E0,BAS,DE4880016101,1,912.2427,129.03,EUR,117706.68,470.8267,117235.85,CHF,117706.68,117235.85,1.0,XETRA,STOP,PARTIAL_FILL,IOC,JPM,BLOCK
2024-05-09T15:12:20.403036Z,2024-05-13,TRD_E85C36D93A7D,CUST_00001,CUST_00001_INVESTMENT_01,ORD_805D4BAA359D,EXE_B259DFF9BA5C,GOOGL,US9268258546,1,818.5412,88.76,USD,72653.72,363.2686,72290.45,CHF,72653.72,72290.45,1.0,NASDAQ,MARKET,CANCELED,FOK,JPM,BATS
2024-05-09T09:50:55.697942Z,2024-05-13,TRD_373FC7869ADE,CUST_00001,CUST_00001_INVESTMENT_01,ORD_E508571BD70F,EXE_9AA33B390A2A,SHEL,GB7232633183,2,571.9727,721.29,GBP,-412558.19,2475.3491,-410082.84,CHF,-412558.19,-410082.84,1.0,LSE,STOP,FILL,IOC,TD,BLOCK
