trade_date,settlement_date,trade_id,customer_id,account_number,order_id,exec_id,symbol,isin,side,quantity,price,currency,gross_amount,commission,net_amount,base_currency,base_gross_amount,base_net_amount,fx_rate,market,order_type,exec_type,time_in_force,broker_id,venue
2025-02-11T09:21:01.263603Z,2025-02-13,TRD_9BA4CBF10670,CUST_00001,CUST_00001_INVESTMENT_01,ORD_213D60920B7E,EXE_14B69749E2B1,BT,GB3981884981,1,671.0555,490.28,GBP,329005.09,1974.0305,327031.06,CHF,329005.09,327031.06,1.0,LSE,STOP,REPLACED,GTC,DB,CROSS
2025-02-11T13:33:23.698826Z,2025-02-13,TRD_B8CDAC26B3C9,CUST_00001,CUST_00001_INVESTMENT_01,ORD_25BAF5E6033F,EXE_380AAA25B55E,CFR,CH7193731692,1,150.1248,822.07,CHF,123413.09,987.3048,122425.79,CHF,123413.09,122425.79,1.0,SIX,STOP_LIMIT,FILL,FOK,MS,SIP
2025-02-11T14:39:20.935033Z,2025-02-13,TRD_AA4EC230D9D9,CUST_00001,CUST_00001_INVESTMENT_01,ORD_80D49570E184,EXE_32C66BF180F3,NOVN,CH8848951325,1,144.0052,75.08,CHF,10811.91,86.4953,10725.42,CHF,10811.91,10725.42,1.0,SIX,STOP,CANCELED,FOK,TD,CHI-X
2025-02-11T15:57:21.812574Z,2025-02-13,TRD_7817A17E69CD,CUST_00001,CUST_00001_INVESTMENT_01,ORD_CACDEF1D542A,EXE_BB36C0103DDD,DTE,DE3070036389,1,938.5594,75.84,EUR,71180.34,284.7214,70895.62,CHF,71180.34,70895.62,1.0,XETRA,STOP,FILL,GTC,DB,BLOCK
2025-02-11T13:34:52.498270Z,2025-02-13,TRD_1752BB20058D,CUST_00001,CUST_00001_INVESTMENT_01,ORD_9D0AF1182DF5,EXE_90B49E71D2CA,9984,JP2954158317,2,309.8969,3229.0,JPY,-1000657.09,6003.9425,-994653.15,CHF,-1000657.09,-994653.15,1.0,TSE,LIMIT,NEW,IOC,DB,CHI-X
2025-02-11T13:15:53.023812Z,2025-02-13,TRD_AF4DD38C2901,CUST_00001,CUST_00001_INVESTMENT_01,ORD_B9E65E93293A,EXE_1E58AAE8DFB5,TSLA,US7592075430,1,545.4815,208.2,USD,113569.25,567.8462,113001.4,CHF,113569.25,113001.4,1.0,NYSE,MARKET,CANCELED,DAY,GS,CHI-X
