trade_date,settlement_date,trade_id,customer_id,account_number,order_id,exec_id,symbol,isin,side,quantity,price,currency,gross_amount,commission,net_amount,base_currency,base_gross_amount,base_net_amount,fx_rate,market,order_type,exec_type,time_in_force,broker_id,venue
2024-05-02T13:43:17.883571Z,2024-05-06,TRD_DA78D73B2637,CUST_00003,CUST_00003_INVESTMENT_01,ORD_D5FF8A9F4F23,EXE_13DF898EE371,6861,JP9650315333,2,313.161,2145.0,JPY,-671730.34,4030.3821,-667699.96,CHF,-671730.34,-667699.96,1.0,TSE,STOP,CANCELED,IOC,MS,SIP
2024-05-02T10:24:15.814686Z,2024-05-06,TRD_0F63E4ABAEE7,CUST_00003,CUST_00003_INVESTMENT_01,ORD_5D4D3D067DFD,EXE_DB7B7F7546AD,SIE,DE5063806806,1,431.4262,27.55,EUR,11885.79,47.5432,11838.25,CHF,11885.79,11838.25,1.0,XETRA,STOP,FILL,DAY,JPM,DARK
2024-05-02T15:45:53.528164Z,2024-05-06,TRD_7AF4020D47DE,CUST_00003,CUST_00003_INVESTMENT_01,ORD_B3B1D94C25C4,EXE_59EC0BB7F144,IFX,DE4610138087,2,906.2013,97.64,EUR,-88481.49,353.926,-88127.57,CHF,-88481.49,-88127.57,1.0,XETRA,LIMIT,PARTIAL_FILL,DAY,JPM,CHI-X
2024-05-02T10:15:29.248292Z,2024-05-06,TRD_E996926F2FEE,CUST_00003,CUST_00003_INVESTMENT_01,ORD_76E989C5F7E0,EXE_BC313CD6911D,MSFT,US3686526447,2,485.8909,109.14,USD,-53030.13,265.1507,-52764.98,CHF,-53030.13,-52764.98,1.0,NASDAQ,LIMIT,CANCELED,DAY,CS,BLOCK
