trade_date,settlement_date,trade_id,customer_id,account_number,order_id,exec_id,symbol,isin,side,quantity,price,currency,gross_amount,commission,net_amount,base_currency,base_gross_amount,base_net_amount,fx_rate,market,order_type,exec_type,time_in_force,broker_id,venue
2024-11-01T15:30:30.957332Z,2024-11-05,TRD_518DF27F5AC1,CUST_00001,CUST_00001_INVESTMENT_01,ORD_9944437A4DDE,EXE_69FA5BD74389,UHR,CH7729486448,1,92.481,443.0,CHF,40969.08,327.7527,40641.33,CHF,40969.08,40641.33,1.0,SIX,STOP_LIMIT,REPLACED,IOC,WF,BLOCK
2024-11-01T12:36:54.946189Z,2024-11-05,TRD_DEDE70BEDB11,CUST_00001,CUST_00001_INVESTMENT_01,ORD_8C2681E16147,EXE_7A4598FEC51A,SHEL,GB3361248420,2,233.1357,415.99,GBP,-96982.12,581.8927,-96400.23,CHF,-96982.12,-96400.23,1.0,LSE,STOP_LIMIT,CANCELED,FOK,DB,CROSS
2024-11-01T10:43:25.038966Z,2024-11-05,TRD_C43DFBF70593,CUST_00001,CUST_00001_INVESTMENT_01,ORD_C4B8CFAAD24F,EXE_66FB8E19F35B,DAI,DE1678087589,1,819.9799,110.78,EUR,90837.37,363.3495,90474.02,CHF,90837.37,90474.02,1.0,XETRA,LIMIT,REPLACED,FOK,UBS,BATS
2024-11-01T09:08:32.534894Z,2024-11-05,TRD_89F237E04136,CUST_00001,CUST_00001_INVESTMENT_01,ORD_078387548CEF,EXE_B0923606C04E,ZURN,CH8312504222,2,678.039,516.3,CHF,-350071.54,2800.5723,-347270.96,CHF,-350071.54,-347270.96,1.0,SIX,STOP_LIMIT,FILL,IOC,DB,BATS
2024-11-01T15:33:15.034003Z,2024-11-05,TRD_E152AFB40210,CUST_00001,CUST_00001_INVESTMENT_01,ORD_9BF34B3A8AED,EXE_A96F1A133C08,INTC,US1276903753,1,478.5658,172.59,USD,82595.67,412.9784,82182.69,CHF,82595.67,82182.69,1.0,NASDAQ,MARKET,NEW,FOK,TD,SIP
