trade_date,settlement_date,trade_id,customer_id,account_number,order_id,exec_id,symbol,isin,side,quantity,price,currency,gross_amount,commission,net_amount,base_currency,base_gross_amount,base_net_amount,fx_rate,market,order_type,exec_type,time_in_force,broker_id,venue
2025-06-13T16:01:35.787313Z,2025-06-17,TRD_98A92E0E1EF6,CUST_00001,CUST_00001_INVESTMENT_01,ORD_748546D21393,EXE_1D8718091883,BP,GB9098480440,2,944.3765,1222.2,GBP,-1154216.96,6925.3017,-1147291.66,CHF,-1154216.96,-1147291.66,1.0,LSE,STOP,REPLACED,DAY,DB,BATS
2025-06-13T16:04:51.325624Z,2025-06-17,TRD_6F260CDC5184,CUST_00001,CUST_00001_INVESTMENT_01,ORD_1EA37A243780,EXE_5009A1DEE26D,META,US3616998795,2,576.2522,241.18,USD,-138980.51,694.9025,-138285.6,CHF,-138980.51,-138285.6,1.0,NYSE,STOP_LIMIT,FILL,DAY,JPM,CHI-X
2025-06-13T14:14:24.907670Z,2025-06-17,TRD_48D0FA74A2AD,CUST_00001,CUST_00001_INVESTMENT_01,ORD_86B585899ED7,EXE_2628E276E17E,INTC,US3537089440,2,876.6804,93.57,USD,-82030.99,410.1549,-81620.83,CHF,-82030.99,-81620.83,1.0,NASDAQ,MARKET,REPLACED,IOC,JPM,CHI-X
2025-06-13T11:47:22.882692Z,2025-06-17,TRD_A74A6971B8DB,CUST_00001,CUST_00001_INVESTMENT_01,ORD_1B58E0227A73,EXE_C96BF7367698,ADBE,US6175240892,1,636.9138,172.29,USD,109733.88,548.6694,109185.21,CHF,109733.88,109185.21,1.0,NASDAQ,MARKET,FILL,IOC,DB,CHI-X
