trade_date,settlement_date,trade_id,customer_id,account_number,order_id,exec_id,symbol,isin,side,quantity,price,currency,gross_amount,commission,net_amount,base_currency,base_gross_amount,base_net_amount,fx_rate,market,order_type,exec_type,time_in_force,broker_id,venue
2024-07-16T11:48:41.282692Z,2024-07-18,TRD_F5F4D6E26629,CUST_00001,CUST_00001_INVESTMENT_01,ORD_3B29008B24E7,EXE_77F9780667A8,8306,JP3473548545,2,81.5758,4136.0,JPY,-337397.51,2024.3851,-335373.12,CHF,-337397.51,-335373.12,1.0,TSE,STOP_LIMIT,FILL,FOK,GS,BLOCK
2024-07-16T15:13:41.391778Z,2024-07-18,TRD_9998F78CC581,CUST_00001,CUST_00001_INVESTMENT_01,ORD_6B30274DD170,EXE_2636A85F38D7,DTE,DE2122028296,2,956.0501,61.8,EUR,-59083.9,236.3356,-58847.56,CHF,-59083.9,-58847.56,1.0,XETRA,STOP_LIMIT,PARTIAL_FILL,GTC,CS,DARK
2024-07-16T11:04:12.248846Z,2024-07-18,TRD_23DC71E17F5B,CUST_00001,CUST_00001_INVESTMENT_01,ORD_994F585AC5AE,EXE_1D11D55E0323,META,US3821895424,2,115.8478,249.33,USD,-28884.33,144.4217,-28739.91,CHF,-28884.33,-28739.91,1.0,NASDAQ,LIMIT,NEW,GTC,BAML,BATS
2024-07-16T15:34:40.302511Z,2024-07-18,TRD_5AB431079E42,CUST_00001,CUST_00001_INVESTMENT_01,ORD_F6F6CF56D70E,EXE_CBF50C24BF48,GOOGL,US3426781360,2,300.1829,129.21,USD,-38786.63,193.9332,-38592.7,CHF,-38786.63,-38592.7,1.0,NASDAQ,STOP,PARTIAL_FILL,FOK,MS,DARK
2024-07-16T14:55:03.286151Z,2024-07-18,TRD_B7AECCD97BE8,CUST_00001,CUST_00001_INVESTMENT_01,ORD_2472E5CF0D2D,EXE_32A871337598,9433,JP7019319788,1,565.4937,3423.0,JPY,1935684.94,11614.1096,1924070.83,CHF,1935684.94,1924070.83,1.0,TSE,MARKET,CANCELED,FOK,CITI,SIP
2024-07-16T16:38:28.238281Z,2024-07-18,TRD_CE794E7C2520,CUST_00001,CUST_00001_INVESTMENT_01,ORD_B56ED182F752,EXE_9A569443253D,NESN,CH6396921896,1,225.4394,887.36,CHF,200045.91,1600.3672,198445.54,CHF,200045.91,198445.54,1.0,SIX,STOP,NEW,FOK,WF,CROSS
2024-07-16T11:47:33.582742Z,2024-07-18,TRD_C1B099379BFC,CUST_00001,CUST_00001_INVESTMENT_01,ORD_7E40A61DE440,EXE_F255419518BD,8316,JP2549423132,1,827.5539,4223.0,JPY,3494760.12,20968.5607,3473791.56,CHF,3494760.12,3473791.56,1.0,TSE,STOP,FILL,IOC,WF,DARK
2024-07-16T14:37:35.578944Z,2024-07-18,TRD_EA9154AB7131,CUST_00001,CUST_00001_INVESTMENT_01,ORD_5FD4947EEEB1,EXE_F1417832B0D6,TSLA,US4771833751,2,888.7226,51.92,USD,-46142.48,230.7124,-45911.77,CHF,-46142.48,-45911.77,1.0,NYSE,STOP_LIMIT,PARTIAL_FILL,IOC,UBS,BATS
