trade_date,settlement_date,trade_id,customer_id,account_number,order_id,exec_id,symbol,isin,side,quantity,price,currency,gross_amount,commission,net_amount,base_currency,base_gross_amount,base_net_amount,fx_rate,market,order_type,exec_type,time_in_force,broker_id,venue
2024-02-01T15:16:53.849572Z,2024-02-05,TRD_009EDB0850A4,CUST_00001,CUST_00001_INVESTMENT_02,ORD_FC5136D12584,EXE_78A5239F44C3,NVDA,US1333736946,2,742.1188,290.48,USD,-215570.67,1077.8533,-214492.82,CHF,-215570.67,-214492.82,1.0,NASDAQ,MARKET,CANCELED,DAY,BAML,SIP
2024-02-01T15:28:19.155170Z,2024-02-05,TRD_D51D6951C75B,CUST_00001,CUST_00001_INVESTMENT_02,ORD_0FF4436AFFA5,EXE_8E627566289F,SIE,DE5631395167,1,419.6419,37.94,EUR,15921.21,63.6849,15857.53,CHF,15921.21,15857.53,1.0,XETRA,LIMIT,REPLACED,FOK,DB,DARK
2024-02-01T11:58:26.722541Z,2024-02-05,TRD_16B09C6ACC96,CUST_00001,CUST_00001_INVESTMENT_02,ORD_47A0515F35D6,EXE_2FC249922E1C,LLOY,GB5059865044,1,523.0169,354.42,GBP,185367.65,1112.2059,184255.44,CHF,185367.65,184255.44,1.0,LSE,STOP_LIMIT,CANCELED,DAY,UBS,BATS
2024-02-01T12:30:10.596539Z,2024-02-05,TRD_5ADA0BC5D434,CUST_00001,CUST_00001_INVESTMENT_02,ORD_65523A7B4699,EXE_AFD40C3E4F90,ABB,CH4373447658,1,538.3186,708.12,CHF,381194.17,3049.5533,378144.61,CHF,381194.17,378144.61,1.0,SIX,LIMIT,CANCELED,DAY,MS,BLOCK
2024-02-01T12:53:01.349570Z,2024-02-05,TRD_7FB83F226E08,CUST_00001,CUST_00001_INVESTMENT_02,ORD_88CCFE684355,EXE_A80D9233986D,8306,JP3858233687,2,670.9822,1611.0,JPY,-1080952.32,6485.7139,-1074466.61,CHF,-1080952.32,-1074466.61,1.0,TSE,STOP_LIMIT,NEW,GTC,CS,BLOCK
2024-02-01T16:28:54.594080Z,2024-02-05,TRD_C83C0F765133,CUST_00001,CUST_00001_INVESTMENT_02,ORD_2C7BC45426C2,EXE_0F725D596005,CFR,CH9787548770,2,25.3686,79.65,CHF,-2020.61,16.1649,-2004.44,CHF,-2020.61,-2004.44,1.0,SIX,MARKET,PARTIAL_FILL,FOK,MS,BLOCK
