trade_date,settlement_date,trade_id,customer_id,account_number,order_id,exec_id,symbol,isin,side,quantity,price,currency,gross_amount,commission,net_amount,base_currency,base_gross_amount,base_net_amount,fx_rate,market,order_type,exec_type,time_in_force,broker_id,venue
2024-02-06T09:09:51.543440Z,2024-02-08,TRD_6372D7F03858,CUST_00001,CUST_00001_INVESTMENT_01,ORD_C31C0EF5893B,EXE_95AF8A2C9AEA,GOOGL,US7390339732,2,881.0734,114.72,USD,-101076.74,505.3837,-100571.36,CHF,-101076.74,-100571.36,1.0,NASDAQ,MARKET,REPLACED,IOC,DB,BLOCK
2024-02-06T11:54:11.477832Z,2024-02-08,TRD_F70B9B8E059E,CUST_00001,CUST_00001_INVESTMENT_01,ORD_AB98DDD8997F,EXE_C6CAE6D43127,ADBE,US3560799125,1,559.9675,66.22,USD,37081.05,185.4052,36895.64,CHF,37081.05,36895.64,1.0,NASDAQ,STOP_LIMIT,FILL,IOC,UBS,BATS
2024-02-06T14:39:23.092206Z,2024-02-08,TRD_BDA0DD457CF0,CUST_00001,CUST_00001_INVESTMENT_01,ORD_BE151CDFF109,EXE_43E06F26AAAA,META,US6276343750,2,129.9011,238.3,USD,-30955.43,154.7772,-30800.65,CHF,-30955.43,-30800.65,1.0,NYSE,MARKET,NEW,DAY,UBS,BATS
2024-02-06T10:30:51.620190Z,2024-02-08,TRD_31B0A8F1F6EC,CUST_00001,CUST_00001_INVESTMENT_01,ORD_D5FDA380508A,EXE_2F964642DA8C,VOW,DE7293519663,1,328.526,136.9,EUR,44975.21,179.9008,44795.31,CHF,44975.21,44795.31,1.0,XETRA,STOP,REPLACED,DAY,DB,BATS
