trade_date,settlement_date,trade_id,customer_id,account_number,order_id,exec_id,symbol,isin,side,quantity,price,currency,gross_amount,commission,net_amount,base_currency,base_gross_amount,base_net_amount,fx_rate,market,order_type,exec_type,time_in_force,broker_id,venue
2025-07-15T11:53:55.210543Z,2025-07-17,TRD_A959ED234EE0,CUST_00001,CUST_00001_INVESTMENT_01,ORD_D4DA733B0DB5,EXE_9E047DD0E814,9433,JP3816864833,1,606.6853,4991.0,JPY,3027966.33,18167.798,3009798.53,CHF,3027966.33,3009798.53,1.0,TSE,LIMIT,FILL,FOK,JPM,SIP
2025-07-15T14:23:31.198214Z,2025-07-17,TRD_8136CF96A9E1,CUST_00001,CUST_00001_INVESTMENT_01,ORD_1FBC907E91C9,EXE_6DCEC2100B54,ROG,CH2855719038,2,506.8627,812.72,CHF,-411937.45,3295.4996,-408641.95,CHF,-411937.45,-408641.95,1.0,SIX,LIMIT,REPLACED,FOK,MS,CHI-X
2025-07-15T09:47:37.970711Z,2025-07-17,TRD_FF7CBA2481C9,CUST_00001,CUST_00001_INVESTMENT_01,ORD_37EEE9A73536,EXE_12179729A488,TSLA,US6054866652,2,945.8134,265.62,USD,-251226.96,1256.1348,-249970.82,CHF,-251226.96,-249970.82,1.0,NASDAQ,LIMIT,FILL,GTC,TD,CROSS
2025-07-15T11:53:34.174503Z,2025-07-17,TRD_26326906C8F6,CUST_00001,CUST_00001_INVESTMENT_01,ORD_5267D3B3AB0C,EXE_D1316C03EC45,AAPL,US3233586679,2,213.3918,264.68,USD,-56480.54,282.4027,-56198.14,CHF,-56480.54,-56198.14,1.0,NYSE,MARKET,FILL,FOK,JPM,BATS
2025-07-15T12:36:54.977281Z,2025-07-17,TRD_471CFE2335A0,CUST_00001,CUST_00001_INVESTMENT_01,ORD_DA7B09786055,EXE_906863D3CDC1,BAS,DE7388410402,2,283.8206,108.19,EUR,-30706.55,122.8262,-30583.72,CHF,-30706.55,-30583.72,1.0,XETRA,LIMIT,FILL,IOC,DB,SIP
2025-07-15T15:00:08.046313Z,2025-07-17,TRD_609EDCCB4598,CUST_00001,CUST_00001_INVESTMENT_01,ORD_BC4818A8AFDA,EXE_8390108068EC,MUV2,DE7034610214,1,717.5177,139.31,EUR,99957.39,399.8296,99557.56,CHF,99957.39,99557.56,1.0,XETRA,MARKET,FILL,FOK,JPM,CROSS
