trade_date,settlement_date,trade_id,customer_id,account_number,order_id,exec_id,symbol,isin,side,quantity,price,currency,gross_amount,commission,net_amount,base_currency,base_gross_amount,base_net_amount,fx_rate,market,order_type,exec_type,time_in_force,broker_id,venue
2024-08-06T09:35:16.284368Z,2024-08-08,TRD_2288F6C784FE,CUST_00001,CUST_00001_INVESTMENT_01,ORD_8BFC953E44BA,EXE_2D84F3B1907B,META,US7475999633,1,344.3963,131.66,USD,45343.22,226.7161,45116.5,CHF,45343.22,45116.5,1.0,NASDAQ,MARKET,FILL,FOK,WF,BLOCK
2024-08-06T09:55:49.836286Z,2024-08-08,TRD_5A771F6055B6,CUST_00001,CUST_00001_INVESTMENT_01,ORD_4D8685EFF6C6,EXE_0F8805B7C700,AMZN,US1066728487,1,330.1488,163.51,USD,53982.63,269.9132,53712.72,CHF,53982.63,53712.72,1.0,NYSE,STOP_LIMIT,NEW,IOC,GS,DARK
2024-08-06T10:42:39.333692Z,2024-08-08,TRD_F9D1AC5F0820,CUST_00001,CUST_00001_INVESTMENT_01,ORD_97BF4ED35AFF,EXE_3943BA23CCFF,MUV2,DE6135332076,2,927.738,123.31,EUR,-114399.37,457.5975,-113941.78,CHF,-114399.37,-113941.78,1.0,XETRA,LIMIT,FILL,IOC,MS,CROSS
2024-08-06T16:37:22.427189Z,2024-08-08,TRD_EF7E68DF8DC5,CUST_00001,CUST_00001_INVESTMENT_01,ORD_F8912FE55183,EXE_3FF56232A6C4,TSLA,US9341690219,2,961.1986,83.29,USD,-80058.23,400.2912,-79657.94,CHF,-80058.23,-79657.94,1.0,NYSE,STOP_LIMIT,PARTIAL_FILL,GTC,JPM,CROSS
