trade_date,settlement_date,trade_id,customer_id,account_number,order_id,exec_id,symbol,isin,side,quantity,price,currency,gross_amount,commission,net_amount,base_currency,base_gross_amount,base_net_amount,fx_rate,market,order_type,exec_type,time_in_force,broker_id,venue
2024-04-12T13:28:36.594840Z,2024-04-16,TRD_3BD8BF75C9A5,CUST_00001,CUST_00001_INVESTMENT_01,ORD_3E8C51B437B6,EXE_9A8D2290E0EA,8306,JP9470716061,2,283.0461,3030.0,JPY,-857629.68,5145.7781,-852483.9,CHF,-857629.68,-852483.9,1.0,TSE,MARKET,FILL,IOC,WF,SIP
2024-04-12T13:17:49.613844Z,2024-04-16,TRD_0D5971FFD2CE,CUST_00001,CUST_00001_INVESTMENT_01,ORD_D5836E1A339F,EXE_BCB35A710F71,BARC,GB2199107496,1,650.8419,1816.48,GBP,1182241.29,7093.4478,1175147.85,CHF,1182241.29,1175147.85,1.0,LSE,STOP_LIMIT,REPLACED,GTC,WF,DARK
2024-04-12T14:24:07.951275Z,2024-04-16,TRD_756D6A3209AF,CUST_00001,CUST_00001_INVESTMENT_01,ORD_3A03BF26FAC9,EXE_31D991217C1D,AAPL,US1570522396,2,532.1888,164.57,USD,-87582.31,437.9116,-87144.4,CHF,-87582.31,-87144.4,1.0,NYSE,STOP,REPLACED,FOK,TD,BLOCK
2024-04-12T12:11:07.919804Z,2024-04-16,TRD_B2B4905E7445,CUST_00001,CUST_00001_INVESTMENT_01,ORD_B51F330CAB4A,EXE_138C748391ED,NVDA,US8099691128,1,156.3416,72.01,USD,11258.16,56.2908,11201.87,CHF,11258.16,11201.87,1.0,NASDAQ,MARKET,REPLACED,DAY,GS,BATS
