trade_date,settlement_date,trade_id,customer_id,account_number,order_id,exec_id,symbol,isin,side,quantity,price,currency,gross_amount,commission,net_amount,base_currency,base_gross_amount,base_net_amount,fx_rate,market,order_type,exec_type,time_in_force,broker_id,venue
2025-03-07T12:41:21.470973Z,2025-03-11,TRD_A78069C6D336,CUST_00001,CUST_00001_INVESTMENT_01,ORD_542A4E4C5B79,EXE_39D3DAFE0A0D,DAI,DE8838260390,2,18.9251,21.61,EUR,-408.97,1.6359,-407.34,CHF,-408.97,-407.34,1.0,XETRA,STOP,FILL,IOC,CS,CROSS
2025-03-07T16:37:21.770383Z,2025-03-11,TRD_6355F2176D3C,CUST_00001,CUST_00001_INVESTMENT_01,ORD_3A0503FA0969,EXE_E038040A9457,META,US5675478986,1,765.9456,189.57,USD,145200.31,726.0015,144474.31,CHF,145200.31,144474.31,1.0,NYSE,MARKET,REPLACED,DAY,GS,BATS
2025-03-07T15:39:12.927187Z,2025-03-11,TRD_0B6C0824D3DF,CUST_00001,CUST_00001_INVESTMENT_01,ORD_29F70FC10745,EXE_167930AECC7F,RIO,GB2324046676,1,149.9073,1214.18,GBP,182014.45,1092.0867,180922.36,CHF,182014.45,180922.36,1.0,LSE,LIMIT,REPLACED,DAY,JPM,CHI-X
2025-03-07T10:46:50.382734Z,2025-03-11,TRD_B96590931ADA,CUST_00001,CUST_00001_INVESTMENT_01,ORD_86D98FC1D262,EXE_457AFF5FD735,CSCO,US8847968468,1,109.872,285.81,USD,31402.52,157.0126,31245.5,CHF,31402.52,31245.5,1.0,NASDAQ,MARKET,FILL,FOK,CS,CHI-X
2025-03-07T10:19:02.056125Z,2025-03-11,TRD_E16B00B62EE2,CUST_00001,CUST_00001_INVESTMENT_01,ORD_E412BD9DB9AC,EXE_5A90C37174A4,BARC,GB9928985868,2,574.5439,1367.72,GBP,-785815.18,4714.8911,-781100.29,CHF,-785815.18,-781100.29,1.0,LSE,STOP,NEW,FOK,GS,CHI-X
