trade_date,settlement_date,trade_id,customer_id,account_number,order_id,exec_id,symbol,isin,side,quantity,price,currency,gross_amount,commission,net_amount,base_currency,base_gross_amount,base_net_amount,fx_rate,market,order_type,exec_type,time_in_force,broker_id,venue
2024-09-24T10:37:34.677168Z,2024-09-26,TRD_F1FEBCA93209,CUST_00001,CUST_00001_INVESTMENT_01,ORD_4AA55813EECB,EXE_8D5D67A85A54,8316,JP1793970402,2,959.6994,2717.0,JPY,-2607503.27,15645.0196,-2591858.25,CHF,-2607503.27,-2591858.25,1.0,TSE,STOP,NEW,IOC,DB,SIP
2024-09-24T15:25:08.705740Z,2024-09-26,TRD_30089D03C1BA,CUST_00001,CUST_00001_INVESTMENT_01,ORD_25907190F7A3,EXE_38BF27B535A2,DAI,DE3045686032,1,852.8814,109.48,EUR,93373.46,373.4938,92999.96,CHF,93373.46,92999.96,1.0,XETRA,STOP_LIMIT,CANCELED,IOC,BAML,SIP
2024-09-24T13:29:54.105533Z,2024-09-26,TRD_F4980113DAFA,CUST_00001,CUST_00001_INVESTMENT_01,ORD_DF831F6A8C9F,EXE_A06F985D44D4,7203,JP3690916189,1,939.0363,2882.0,JPY,2706302.62,16237.8157,2690064.8,CHF,2706302.62,2690064.8,1.0,TSE,STOP,REPLACED,GTC,UBS,CROSS
2024-09-24T10:29:45.848322Z,2024-09-26,TRD_6FF085C5667D,CUST_00001,CUST_00001_INVESTMENT_01,ORD_9681B89E0DBA,EXE_C7BFCA4E9092,6861,JP5054577607,1,728.3064,2696.0,JPY,1963514.05,11781.0843,1951732.97,CHF,1963514.05,1951732.97,1.0,TSE,STOP_LIMIT,NEW,FOK,DB,CROSS
2024-09-24T09:49:54.229629Z,2024-09-26,TRD_DF48A2E5CB21,CUST_00001,CUST_00001_INVESTMENT_01,ORD_08030F41B636,EXE_3CF958F6BAB0,AMZN,US8866151974,2,709.621,68.98,USD,-48949.66,244.7483,-48704.91,CHF,-48949.66,-48704.91,1.0,NASDAQ,MARKET,FILL,FOK,DB,CHI-X
2024-09-24T10:43:45.043924Z,2024-09-26,TRD_CD4EDCE45D0F,CUST_00001,CUST_00001_INVESTMENT_01,ORD_EC78323A4ED8,EXE_70477A321169,TSLA,US7249089883,1,78.6698,179.84,USD,14147.98,70.7399,14077.24,CHF,14147.98,14077.24,1.0,NYSE,STOP,FILL,DAY,GS,SIP
