trade_date,settlement_date,trade_id,customer_id,account_number,order_id,exec_id,symbol,isin,side,quantity,price,currency,gross_amount,commission,net_amount,base_currency,base_gross_amount,base_net_amount,fx_rate,market,order_type,exec_type,time_in_force,broker_id,venue
2025-06-04T15:12:06.914860Z,2025-06-06,TRD_0011A299F14D,CUST_00001,CUST_00001_INVESTMENT_01,ORD_7C5C8EB9175B,EXE_DAE077AA190F,JNJ,US4855159800,1,813.852,243.53,USD,198197.38,990.9869,197206.39,CHF,198197.38,197206.39,1.0,NYSE,LIMIT,NEW,DAY,MS,BATS
2025-06-04T15:42:26.886689Z,2025-06-06,TRD_9FE457E04F5D,CUST_00001,CUST_00001_INVESTMENT_01,ORD_549A70329CD1,EXE_4D79E688A74B,HSBA,GB6258580381,1,471.188,1440.76,GBP,678868.82,4073.2129,674795.61,CHF,678868.82,674795.61,1.0,LSE,MARKET,NEW,DAY,MS,CROSS
2025-06-04T14:23:31.187243Z,2025-06-06,TRD_6B312C581452,CUST_00001,CUST_00001_INVESTMENT_01,ORD_DC3F455A7090,EXE_1CB3C19DAB8A,GIVN,CH6139800267,1,74.9702,291.3,CHF,21838.82,174.7106,21664.11,CHF,21838.82,21664.11,1.0,SIX,MARKET,CANCELED,FOK,UBS,CROSS
2025-06-04T10:10:06.870607Z,2025-06-06,TRD_41870E1D1B97,CUST_00001,CUST_00001_INVESTMENT_01,ORD_78EF294FCBC4,EXE_3FC8A1F46F55,HSBA,GB9575573212,2,134.2343,383.06,GBP,-51419.79,308.5187,-51111.27,CHF,-51419.79,-51111.27,1.0,LSE,STOP_LIMIT,FILL,IOC,GS,CROSS
2025-06-04T10:03:57.101432Z,2025-06-06,TRD_53697BBE0ED7,CUST_00001,CUST_00001_INVESTMENT_01,ORD_870F4CE661D4,EXE_DDB4A9E0DF74,9433,JP2138973531,2,531.6072,4627.0,JPY,-2459746.51,14758.4791,-2444988.04,CHF,-2459746.51,-2444988.04,1.0,TSE,MARKET,REPLACED,DAY,BAML,BATS
2025-06-04T14:15:19.874965Z,2025-06-06,TRD_747C21B4F905,CUST_00001,CUST_00001_INVESTMENT_01,ORD_04C7623C0E16,EXE_842E335A52A2,SIE,DE7722808002,2,493.9043,104.11,EUR,-51420.38,205.6815,-51214.7,CHF,-51420.38,-51214.7,1.0,XETRA,STOP_LIMIT,FILL,DAY,MS,CHI-X
