trade_date,settlement_date,trade_id,customer_id,account_number,order_id,exec_id,symbol,isin,side,quantity,price,currency,gross_amount,commission,net_amount,base_currency,base_gross_amount,base_net_amount,fx_rate,market,order_type,exec_type,time_in_force,broker_id,venue
2024-11-11T12:37:26.702746Z,2024-11-13,TRD_4FB2663E303B,CUST_00001,CUST_00001_INVESTMENT_01,ORD_F62A4C5F04AF,EXE_988F022E106F,JPM,US2232174671,1,786.7147,172.8,USD,135944.3,679.7215,135264.58,CHF,135944.3,135264.58,1.0,NYSE,STOP_LIMIT,PARTIAL_FILL,DAY,BAML,CHI-X
2024-11-11T11:59:47.291246Z,2024-11-13,TRD_976BCF2BAA73,CUST_00001,CUST_00001_INVESTMENT_01,ORD_13240230B090,EXE_32876D5DA334,VOD,GB2184722533,1,359.8539,1999.35,GBP,719473.89,4316.8434,715157.05,CHF,719473.89,715157.05,1.0,LSE,LIMIT,PARTIAL_FILL,IOC,CITI,DARK
2024-11-11T09:22:14.484637Z,2024-11-13,TRD_862F6DD8FDA2,CUST_00001,CUST_00001_INVESTMENT_01,ORD_18D7F4E9DC05,EXE_4681D6817987,AMZN,US8062564009,1,475.588,127.43,USD,60604.18,303.0209,60301.16,CHF,60604.18,60301.16,1.0,NYSE,MARKET,PARTIAL_FILL,IOC,JPM,BATS
2024-11-11T10:55:48.886434Z,2024-11-13,TRD_834E593AF0A1,CUST_00001,CUST_00001_INVESTMENT_01,ORD_DDAA17E1A1F3,EXE_4F5397D06379,NOVN,CH5990841793,2,275.0781,758.6,CHF,-208674.25,1669.394,-207004.85,CHF,-208674.25,-207004.85,1.0,SIX,STOP_LIMIT,NEW,FOK,JPM,CHI-X
