trade_date,settlement_date,trade_id,customer_id,account_number,order_id,exec_id,symbol,isin,side,quantity,price,currency,gross_amount,commission,net_amount,base_currency,base_gross_amount,base_net_amount,fx_rate,market,order_type,exec_type,time_in_force,broker_id,venue
2024-10-17T15:28:14.561525Z,2024-10-21,TRD_BB9B5C7ED9B1,CUST_00001,CUST_00001_INVESTMENT_01,ORD_AE3727F5E8ED,EXE_42AFDCA7EA9E,GOOGL,US2222020929,2,460.3651,180.0,USD,-82865.72,414.3286,-82451.39,CHF,-82865.72,-82451.39,1.0,NYSE,MARKET,FILL,GTC,GS,SIP
2024-10-17T11:35:15.174357Z,2024-10-21,TRD_53C0F182488D,CUST_00001,CUST_00001_INVESTMENT_01,ORD_96903E7963BC,EXE_D20B548DBD35,IFX,DE4110388845,2,959.9186,108.88,EUR,-104515.94,418.0637,-104097.87,CHF,-104515.94,-104097.87,1.0,XETRA,LIMIT,REPLACED,FOK,DB,CHI-X
2024-10-17T11:11:32.390571Z,2024-10-21,TRD_A18BD9C5BEB3,CUST_00001,CUST_00001_INVESTMENT_01,ORD_C5703F881B85,EXE_DF7ACE5EBCE1,UBSG,CH6139887363,2,835.2125,52.84,CHF,-44132.63,353.061,-43779.57,CHF,-44132.63,-43779.57,1.0,SIX,STOP_LIMIT,CANCELED,IOC,CITI,CROSS
2024-10-17T11:07:39.397573Z,2024-10-21,TRD_B51A1449F704,CUST_00001,CUST_00001_INVESTMENT_01,ORD_C2304C2320C5,EXE_6E98F5D19644,INTC,US2843288566,1,498.9849,135.43,USD,67577.53,337.8876,67239.64,CHF,67577.53,67239.64,1.0,NASDAQ,STOP_LIMIT,CANCELED,DAY,TD,BLOCK
