trade_date,settlement_date,trade_id,customer_id,account_number,order_id,exec_id,symbol,isin,side,quantity,price,currency,gross_amount,commission,net_amount,base_currency,base_gross_amount,base_net_amount,fx_rate,market,order_type,exec_type,time_in_force,broker_id,venue
2024-04-03T11:11:08.163811Z,2024-04-05,TRD_EE9088D9D466,CUST_00001,CUST_00001_INVESTMENT_01,ORD_208608356930,EXE_10D20ADDF547,BMW,DE8678283716,2,426.8057,67.31,EUR,-28728.29,114.9132,-28613.38,CHF,-28728.29,-28613.38,1.0,XETRA,STOP_LIMIT,CANCELED,GTC,DB,SIP
2024-04-03T12:44:26.144427Z,2024-04-05,TRD_7C34F391750C,CUST_00001,CUST_00001_INVESTMENT_01,ORD_E87C88F60CA1,EXE_85CA57FB5BCA,META,US5947466211,2,844.3244,63.51,USD,-53623.04,268.1152,-53354.93,CHF,-53623.04,-53354.93,1.0,NASDAQ,LIMIT,PARTIAL_FILL,IOC,TD,DARK
2024-04-03T15:59:01.395689Z,2024-04-05,TRD_02D2226D5772,CUST_00001,CUST_00001_INVESTMENT_01,ORD_69C9870FD352,EXE_CCD591889334,META,US2534381197,1,954.7941,123.88,USD,118279.89,591.3995,117688.49,CHF,118279.89,117688.49,1.0,NASDAQ,MARKET,CANCELED,DAY,MS,CHI-X
2024-04-03T09:21:54.150712Z,2024-04-05,TRD_2AF0EE4FF62A,CUST_00001,CUST_00001_INVESTMENT_01,ORD_39ACDB09004C,EXE_2F9BBF73E5E2,9433,JP2548253674,1,92.8878,3587.0,JPY,333188.54,1999.1312,331189.41,CHF,333188.54,331189.41,1.0,TSE,STOP_LIMIT,CANCELED,IOC,CS,DARK
