trade_date,settlement_date,trade_id,customer_id,account_number,order_id,exec_id,symbol,isin,side,quantity,price,currency,gross_amount,commission,net_amount,base_currency,base_gross_amount,base_net_amount,fx_rate,market,order_type,exec_type,time_in_force,broker_id,venue
2025-09-15T16:40:44.288601Z,2025-09-17,TRD_AC37CEF15745,CUST_00001,CUST_00001_INVESTMENT_01,ORD_E621FA4D6EDE,EXE_4C4915571D59,TSLA,US4077261143,1,709.0979,273.91,USD,194229.01,971.145,193257.86,CHF,194229.01,193257.86,1.0,NASDAQ,MARKET,REPLACED,IOC,CITI,SIP
2025-09-15T16:01:08.332470Z,2025-09-17,TRD_2410DF785319,CUST_00001,CUST_00001_INVESTMENT_01,ORD_DA6C17C1AD08,EXE_BB07547E9B21,6758,JP4687979032,2,435.9755,4231.0,JPY,-1844612.34,11067.674,-1833544.67,CHF,-1844612.34,-1833544.67,1.0,TSE,STOP_LIMIT,CANCELED,IOC,BAML,CROSS
2025-09-15T16:07:15.326392Z,2025-09-17,TRD_035EB267C61D,CUST_00001,CUST_00001_INVESTMENT_01,ORD_058BC07C642F,EXE_5E6675C04E80,7203,JP2383401787,2,944.7947,3740.0,JPY,-3533532.18,21201.1931,-3512330.98,CHF,-3533532.18,-3512330.98,1.0,TSE,STOP_LIMIT,PARTIAL_FILL,GTC,CITI,CHI-X
2025-09-15T12:07:32.484877Z,2025-09-17,TRD_07F00F80D27E,CUST_00001,CUST_00001_INVESTMENT_01,ORD_81A34DC79666,EXE_43AC1129A6D3,6758,JP9180792778,2,217.531,3995.0,JPY,-869036.34,5214.2181,-863822.13,CHF,-869036.34,-863822.13,1.0,TSE,MARKET,CANCELED,IOC,WF,BLOCK
2025-09-15T16:20:11.033805Z,2025-09-17,TRD_0079C2B54B77,CUST_00001,CUST_00001_INVESTMENT_01,ORD_3C086AECA079,EXE_765F55EE7920,GOOGL,US5512815809,2,787.695,101.22,USD,-79730.49,398.6524,-79331.84,CHF,-79730.49,-79331.84,1.0,NASDAQ,MARKET,NEW,DAY,UBS,CHI-X
