trade_date,settlement_date,trade_id,customer_id,account_number,order_id,exec_id,symbol,isin,side,quantity,price,currency,gross_amount,commission,net_amount,base_currency,base_gross_amount,base_net_amount,fx_rate,market,order_type,exec_type,time_in_force,broker_id,venue
2023-10-19T11:39:14.277232Z,2023-10-23,TRD_AA7B3ADBAE67,CUST_00001,CUST_00001_INVESTMENT_01,ORD_66120586CE95,EXE_9B676C748245,MSFT,US8681845849,2,554.9872,50.5,USD,-28026.85,140.1343,-27886.72,CHF,-28026.85,-27886.72,1.0,NASDAQ,STOP_LIMIT,FILL,DAY,TD,BLOCK
2023-10-19T16:43:26.124375Z,2023-10-23,TRD_33A057BA09DC,CUST_00001,CUST_00001_INVESTMENT_01,ORD_B6F7C703EEC3,EXE_E61B6EBCBDD1,ABB,CH8430486307,1,671.3235,500.35,CHF,335896.71,2687.1737,333209.54,CHF,335896.71,333209.54,1.0,SIX,STOP,PARTIAL_FILL,FOK,GS,BLOCK
2023-10-19T09:49:43.326985Z,2023-10-23,TRD_AD36CA1F6200,CUST_00001,CUST_00001_INVESTMENT_01,ORD_F9163DFB9D90,EXE_22722D499241,JNJ,US5263776864,1,26.0923,247.66,USD,6462.02,32.3101,6429.71,CHF,6462.02,6429.71,1.0,NYSE,MARKET,NEW,IOC,CITI,BLOCK
2023-10-19T16:10:36.770904Z,2023-10-23,TRD_4F6CAC3C03F1,CUST_00001,CUST_00001_INVESTMENT_01,ORD_B1A7E8B5EC4D,EXE_E4B5EB33D9F2,GSK,GB3913323529,1,968.4542,381.16,GBP,369136.0,2214.816,366921.19,CHF,369136.0,366921.19,1.0,LSE,MARKET,NEW,IOC,CS,BLOCK
2023-10-19T10:53:10.868642Z,2023-10-23,TRD_A4704159D531,CUST_00001,CUST_00001_INVESTMENT_01,ORD_382AFE76257F,EXE_0B5EC0C483CE,CS,CH7785332679,1,113.7173,292.46,CHF,33257.76,266.0621,32991.7,CHF,33257.76,32991.7,1.0,SIX,MARKET,PARTIAL_FILL,IOC,DB,BATS
