trade_date,settlement_date,trade_id,customer_id,account_number,order_id,exec_id,symbol,isin,side,quantity,price,currency,gross_amount,commission,net_amount,base_currency,base_gross_amount,base_net_amount,fx_rate,market,order_type,exec_type,time_in_force,broker_id,venue
2025-05-16T10:36:05.963151Z,2025-05-20,TRD_AF9182F88253,CUST_00001,CUST_00001_INVESTMENT_02,ORD_EE9B3F30D808,EXE_B8632342E1C0,6861,JP2117266427,1,262.4512,2244.0,JPY,588940.49,3533.643,585406.85,CHF,588940.49,585406.85,1.0,TSE,STOP_LIMIT,FILL,IOC,CS,BATS
2025-05-16T09:43:09.536632Z,2025-05-20,TRD_CFB329D66D6F,CUST_00001,CUST_00001_INVESTMENT_02,ORD_216E3B8F5769,EXE_ACCFC8272DCB,9984,JP3185926981,1,447.7516,1750.0,JPY,783565.3,4701.3918,778863.91,CHF,783565.3,778863.91,1.0,TSE,MARKET,REPLACED,IOC,CS,CROSS
2025-05-16T11:44:13.326673Z,2025-05-20,TRD_097F14DE8A73,CUST_00001,CUST_00001_INVESTMENT_02,ORD_E6E9486BE95C,EXE_A78F13BCC549,GSK,GB5643092848,1,824.0247,1612.12,GBP,1328426.7,7970.5602,1320456.14,CHF,1328426.7,1320456.14,1.0,LSE,MARKET,FILL,IOC,TD,CHI-X
2025-05-16T14:48:38.872546Z,2025-05-20,TRD_D31B52305062,CUST_00001,CUST_00001_INVESTMENT_02,ORD_BF95F03B4E92,EXE_20AB22FC1CEA,INTC,US9878102916,1,464.247,53.07,USD,24637.59,123.1879,24514.4,CHF,24637.59,24514.4,1.0,NASDAQ,MARKET,CANCELED,IOC,CS,BLOCK
2025-05-16T13:56:00.016402Z,2025-05-20,TRD_397610060121,CUST_00001,CUST_00001_INVESTMENT_02,ORD_FB53E622EDD0,EXE_37865F42C595,BARC,GB4647821522,2,94.0632,786.37,GBP,-73968.48,443.8109,-73524.67,CHF,-73968.48,-73524.67,1.0,LSE,STOP,REPLACED,FOK,GS,SIP
2025-05-16T16:04:09.123144Z,2025-05-20,TRD_D053ADFAB665,CUST_00001,CUST_00001_INVESTMENT_02,ORD_8FAA035A77A4,EXE_455EE09E4F09,AZN,GB4750219269,2,595.4268,793.39,GBP,-472405.67,2834.434,-469571.23,CHF,-472405.67,-469571.23,1.0,LSE,MARKET,PARTIAL_FILL,FOK,CS,BATS
