trade_date,settlement_date,trade_id,customer_id,account_number,order_id,exec_id,symbol,isin,side,quantity,price,currency,gross_amount,commission,net_amount,base_currency,base_gross_amount,base_net_amount,fx_rate,market,order_type,exec_type,time_in_force,broker_id,venue
2024-10-03T15:47:00.975606Z,2024-10-07,TRD_71CD455B999F,CUST_00001,CUST_00001_INVESTMENT_01,ORD_3835FC558FF2,EXE_B13FC3759D31,JPM,US2720366006,1,10.1619,239.7,USD,2435.81,12.179,2423.63,CHF,2435.81,2423.63,1.0,NYSE,MARKET,FILL,GTC,TD,CHI-X
2024-10-03T10:07:12.586405Z,2024-10-07,TRD_344CBE874694,CUST_00001,CUST_00001_INVESTMENT_01,ORD_C649E8E2D1BC,EXE_A95DECB51EEF,NOVN,CH4352973979,2,466.5457,555.75,CHF,-259282.77,2074.2622,-257208.51,CHF,-259282.77,-257208.51,1.0,SIX,MARKET,REPLACED,IOC,DB,BLOCK
2024-10-03T14:22:33.887553Z,2024-10-07,TRD_288874DA2789,CUST_00001,CUST_00001_INVESTMENT_01,ORD_274C3FB41D14,EXE_B00807346CFC,MUV2,DE2332963346,1,646.3491,80.53,EUR,52050.49,208.202,51842.29,CHF,52050.49,51842.29,1.0,XETRA,LIMIT,FILL,GTC,CS,CROSS
2024-10-03T10:11:41.652889Z,2024-10-07,TRD_B26C6D50201B,CUST_00001,CUST_00001_INVESTMENT_01,ORD_A77EDE9A0AF9,EXE_5AF33D6907D6,AAPL,US7225783523,2,984.049,199.02,USD,-195845.43,979.2272,-194866.2,CHF,-195845.43,-194866.2,1.0,NYSE,LIMIT,CANCELED,IOC,MS,CROSS
2024-10-03T16:06:44.495697Z,2024-10-07,TRD_341D82540F39,CUST_00001,CUST_00001_INVESTMENT_01,ORD_E8ECDBCD28AC,EXE_0EDAC37587D9,ALV,DE2267529076,2,185.8631,135.45,EUR,-25175.16,100.7006,-25074.46,CHF,-25175.16,-25074.46,1.0,XETRA,MARKET,CANCELED,FOK,UBS,BATS
