trade_date,settlement_date,trade_id,customer_id,account_number,order_id,exec_id,symbol,isin,side,quantity,price,currency,gross_amount,commission,net_amount,base_currency,base_gross_amount,base_net_amount,fx_rate,market,order_type,exec_type,time_in_force,broker_id,venue
2025-09-17T12:31:43.726636Z,2025-09-19,TRD_D55371E5FBB7,CUST_00001,CUST_00001_INVESTMENT_01,ORD_D4AC58B6FFD3,EXE_EAA32F06AA42,V,US1385502701,2,41.3792,298.99,USD,-12371.97,61.8598,-12310.11,CHF,-12371.97,-12310.11,1.0,NYSE,LIMIT,REPLACED,DAY,CITI,CHI-X
2025-09-17T15:12:23.029967Z,2025-09-19,TRD_6833736ECEF3,CUST_00001,CUST_00001_INVESTMENT_01,ORD_52F15E81FD69,EXE_74F758C1A130,BAS,DE2173992625,1,162.397,123.29,EUR,20021.93,80.0877,19941.84,CHF,20021.93,19941.84,1.0,XETRA,MARKET,PARTIAL_FILL,FOK,GS,CHI-X
2025-09-17T12:44:35.581411Z,2025-09-19,TRD_B86DDBE381B2,CUST_00001,CUST_00001_INVESTMENT_01,ORD_9877F743B2E6,EXE_192C192B11B0,CSCO,US2273884469,2,822.0375,84.18,USD,-69199.12,345.9956,-68853.12,CHF,-69199.12,-68853.12,1.0,NASDAQ,STOP,NEW,DAY,CS,BLOCK
2025-09-17T15:05:40.322460Z,2025-09-19,TRD_042135AD84F1,CUST_00001,CUST_00001_INVESTMENT_01,ORD_F14803A5472F,EXE_16D9B0D969C9,ZURN,CH3371634992,2,340.8494,403.56,CHF,-137553.18,1100.4255,-136452.76,CHF,-137553.18,-136452.76,1.0,SIX,MARKET,CANCELED,IOC,TD,CROSS
