trade_date,settlement_date,trade_id,customer_id,account_number,order_id,exec_id,symbol,isin,side,quantity,price,currency,gross_amount,commission,net_amount,base_currency,base_gross_amount,base_net_amount,fx_rate,market,order_type,exec_type,time_in_force,broker_id,venue
2024-10-22T09:32:08.620941Z,2024-10-24,TRD_5651748D702E,CUST_00004,CUST_00004_INVESTMENT_01,ORD_55ABAE352B8A,EXE_A773D1E7A153,AZN,GB6122207595,1,95.4015,1919.61,GBP,183133.67,1098.802,182034.87,CHF,183133.67,182034.87,1.0,LSE,MARKET,NEW,GTC,CITI,CHI-X
2024-10-22T14:01:05.504781Z,2024-10-24,TRD_D235E12D2F3B,CUST_00004,CUST_00004_INVESTMENT_01,ORD_8AE242B3B67A,EXE_819F1328986D,BP,GB1537697490,2,131.5101,600.97,GBP,-79033.62,474.2017,-78559.42,CHF,-79033.62,-78559.42,1.0,LSE,STOP_LIMIT,REPLACED,DAY,TD,CHI-X
2024-10-22T16:59:33.311714Z,2024-10-24,TRD_22AC0A3CBCDE,CUST_00004,CUST_00004_INVESTMENT_01,ORD_20F9F3D50266,EXE_6D857AEB18BF,ALV,DE8385821541,1,827.5627,133.47,EUR,110454.79,441.8192,110012.97,CHF,110454.79,110012.97,1.0,XETRA,LIMIT,NEW,FOK,CS,DARK
2024-10-22T15:21:09.752754Z,2024-10-24,TRD_1EC4223424C7,CUST_00004,CUST_00004_INVESTMENT_01,ORD_A8ED0B96ECC7,EXE_DC37236B3B2D,SAP,DE2215402912,1,660.7524,35.78,EUR,23641.72,94.5669,23547.15,CHF,23641.72,23547.15,1.0,XETRA,LIMIT,PARTIAL_FILL,IOC,BAML,SIP
2024-10-22T11:54:01.166093Z,2024-10-24,TRD_F65CCDE31E2E,CUST_00004,CUST_00004_INVESTMENT_01,ORD_1A08FF65FF65,EXE_6226628A9FE8,7267,JP2529280591,2,400.5104,2799.0,JPY,-1121028.61,6726.1717,-1114302.44,CHF,-1121028.61,-1114302.44,1.0,TSE,STOP,FILL,GTC,UBS,BATS
2024-10-22T10:25:46.589874Z,2024-10-24,TRD_6888F025DD6B,CUST_00006,CUST_00006_INVESTMENT_01,ORD_2DA07DCEAB82,EXE_4EF8EB0B81CF,ADBE,US3210145510,2,570.4783,84.82,USD,-48387.97,241.9398,-48146.03,CHF,-48387.97,-48146.03,1.0,NASDAQ,STOP_LIMIT,PARTIAL_FILL,GTC,CITI,CROSS
2024-10-22T13:48:12.807488Z,2024-10-24,TRD_AC73E2EBFD79,CUST_00006,CUST_00006_INVESTMENT_01,ORD_61E798F0C3BB,EXE_2C457567AC16,AAPL,US2660708123,1,203.2776,81.62,USD,16591.52,82.9576,16508.56,CHF,16591.52,16508.56,1.0,NYSE,LIMIT,PARTIAL_FILL,DAY,GS,BATS
2024-10-22T15:36:41.135654Z,2024-10-24,TRD_5F47E1C04AA9,CUST_00006,CUST_00006_INVESTMENT_01,ORD_5824026AF28A,EXE_E45FEB70E7AA,BAS,DE4312497222,1,486.0839,34.24,EUR,16643.51,66.5741,16576.94,CHF,16643.51,16576.94,1.0,XETRA,STOP_LIMIT,NEW,GTC,WF,CROSS
2024-10-22T11:39:01.808867Z,2024-10-24,TRD_2DD6CD4AABA6,CUST_00008,CUST_00008_INVESTMENT_01,ORD_0ADEEC95FA86,EXE_C081315B86C7,TSLA,US7330271805,2,592.1336,88.91,USD,-52646.6,263.233,-52383.37,CHF,-52646.6,-52383.37,1.0,NYSE,STOP,FILL,FOK,DB,DARK
2024-10-22T10:50:41.165448Z,2024-10-24,TRD_988BF24C88F3,CUST_00008,CUST_00008_INVESTMENT_01,ORD_FA3D8A87A44E,EXE_3DCA0C6064AD,ZURN,CH2513432033,2,139.6872,562.13,CHF,-78522.37,628.1789,-77894.19,CHF,-78522.37,-77894.19,1.0,SIX,STOP,PARTIAL_FILL,IOC,CS,DARK
2024-10-22T15:21:23.501078Z,2024-10-24,TRD_1E7E1B08152B,CUST_00008,CUST_00008_INVESTMENT_01,ORD_9B2D610320EF,EXE_ECD848CADBAC,NVDA,US3057311740,2,266.1466,250.47,USD,-66661.74,333.3087,-66328.43,CHF,-66661.74,-66328.43,1.0,NYSE,STOP,REPLACED,DAY,CITI,CROSS
2024-10-22T09:44:31.543067Z,2024-10-24,TRD_129CDF8F3229,CUST_00010,CUST_00010_INVESTMENT_01,ORD_1D3AFB344857,EXE_D4CCCCBEB0FF,4502,JP1051095441,1,547.22,2627.0,JPY,1437546.94,8625.2816,1428921.66,CHF,1437546.94,1428921.66,1.0,TSE,LIMIT,REPLACED,DAY,JPM,BLOCK
2024-10-22T12:35:45.173038Z,2024-10-24,TRD_8A5D76E5B373,CUST_00010,CUST_00010_INVESTMENT_01,ORD_3DD9C850D346,EXE_5CBAF4C33F5D,AZN,GB3854624941,1,181.6921,514.21,GBP,93427.89,560.5674,92867.33,CHF,93427.89,92867.33,1.0,LSE,STOP_LIMIT,REPLACED,DAY,CS,CROSS
2024-10-22T16:45:38.742827Z,2024-10-24,TRD_5FC389CDA0EB,CUST_00010,CUST_00010_INVESTMENT_01,ORD_43F68F425316,EXE_9BA061B27320,JPM,US5785375557,1,289.6009,227.07,USD,65759.68,328.7984,65430.88,CHF,65759.68,65430.88,1.0,NYSE,LIMIT,FILL,DAY,GS,BLOCK
