trade_date,settlement_date,trade_id,customer_id,account_number,order_id,exec_id,symbol,isin,side,quantity,price,currency,gross_amount,commission,net_amount,base_currency,base_gross_amount,base_net_amount,fx_rate,market,order_type,exec_type,time_in_force,broker_id,venue
2023-12-21T14:47:30.900061Z,2023-12-25,TRD_D962B1EEDE86,CUST_00001,CUST_00001_INVESTMENT_01,ORD_922780ED90DD,EXE_A4E44989F123,SIE,DE8371792108,2,563.4131,82.33,EUR,-46385.8,185.5432,-46200.26,CHF,-46385.8,-46200.26,1.0,XETRA,STOP,NEW,GTC,TD,DARK
2023-12-21T11:30:13.895251Z,2023-12-25,TRD_8218BBEF2681,CUST_00001,CUST_00001_INVESTMENT_01,ORD_79FDA104DA76,EXE_558E47230AC7,SAP,DE3055838941,1,345.0221,53.65,EUR,18510.44,74.0417,18436.39,CHF,18510.44,18436.39,1.0,XETRA,STOP,CANCELED,DAY,CITI,BATS
2023-12-21T11:16:31.617520Z,2023-12-25,TRD_759C344AC5D9,CUST_00001,CUST_00001_INVESTMENT_01,ORD_CDB589FA3C4E,EXE_1F52C0BB2A5E,AMZN,US9326092292,2,418.134,52.92,USD,-22127.65,110.6383,-22017.01,CHF,-22127.65,-22017.01,1.0,NASDAQ,LIMIT,FILL,DAY,UBS,SIP
2023-12-21T14:47:37.417010Z,2023-12-25,TRD_A59B1CACD7BE,CUST_00001,CUST_00001_INVESTMENT_01,ORD_E3D6C6C63FE9,EXE_D9BCAFF00186,7267,JP7790266648,2,841.5843,2622.0,JPY,-2206634.03,13239.8042,-2193394.23,CHF,-2206634.03,-2193394.23,1.0,TSE,MARKET,REPLACED,IOC,CS,BLOCK
2023-12-21T11:54:18.231844Z,2023-12-25,TRD_5DF10558E490,CUST_00001,CUST_00001_INVESTMENT_01,ORD_A21FB3AA585A,EXE_03AA7B5F0E65,6861,JP5148564812,2,851.4655,1502.0,JPY,-1278901.18,7673.4071,-1271227.77,CHF,-1278901.18,-1271227.77,1.0,TSE,MARKET,PARTIAL_FILL,DAY,TD,CROSS
2023-12-21T11:11:17.608461Z,2023-12-25,TRD_7320EDCDB125,CUST_00001,CUST_00001_INVESTMENT_01,ORD_678E9B3CD187,EXE_587377F2C3B8,SIE,DE9063987757,2,285.7465,104.25,EUR,-29789.07,119.1563,-29669.92,CHF,-29789.07,-29669.92,1.0,XETRA,LIMIT,FILL,DAY,MS,CROSS
