trade_date,settlement_date,trade_id,customer_id,account_number,order_id,exec_id,symbol,isin,side,quantity,price,currency,gross_amount,commission,net_amount,base_currency,base_gross_amount,base_net_amount,fx_rate,market,order_type,exec_type,time_in_force,broker_id,venue
2025-05-21T15:36:26.105370Z,2025-05-23,TRD_2A9FC9A1CFCA,CUST_00001,CUST_00001_INVESTMENT_01,ORD_A5A61F754E29,EXE_20AC6B1CBD34,GIVN,CH5484062386,2,161.1186,702.6,CHF,-113201.93,905.6154,-112296.31,CHF,-113201.93,-112296.31,1.0,SIX,STOP,FILL,FOK,UBS,SIP
2025-05-21T14:26:33.319076Z,2025-05-23,TRD_D403F0329131,CUST_00001,CUST_00001_INVESTMENT_01,ORD_1312803592C2,EXE_05CC792ED268,9984,JP3312910081,2,967.9519,2913.0,JPY,-2819643.88,16917.8633,-2802726.02,CHF,-2819643.88,-2802726.02,1.0,TSE,LIMIT,PARTIAL_FILL,IOC,CITI,BLOCK
2025-05-21T09:22:50.905883Z,2025-05-23,TRD_884AB0F02EB7,CUST_00001,CUST_00001_INVESTMENT_01,ORD_F578CC87A6F3,EXE_D9A61F75B60D,7203,JP1493095450,1,155.4858,2060.0,JPY,320300.75,1921.8045,318378.94,CHF,320300.75,318378.94,1.0,TSE,STOP,NEW,FOK,CITI,BATS
2025-05-21T16:57:14.474769Z,2025-05-23,TRD_8A60FD67AC10,CUST_00001,CUST_00001_INVESTMENT_01,ORD_31BD5E3C2CBC,EXE_4C34CD889F94,GOOGL,US3120492039,2,687.1213,130.83,USD,-89896.08,449.4804,-89446.6,CHF,-89896.08,-89446.6,1.0,NYSE,MARKET,CANCELED,GTC,JPM,CHI-X
