trade_date,settlement_date,trade_id,customer_id,account_number,order_id,exec_id,symbol,isin,side,quantity,price,currency,gross_amount,commission,net_amount,base_currency,base_gross_amount,base_net_amount,fx_rate,market,order_type,exec_type,time_in_force,broker_id,venue
2025-03-11T12:37:35.839179Z,2025-03-13,TRD_2FBA50858479,CUST_00003,CUST_00003_INVESTMENT_01,ORD_DDC9E2D59759,EXE_B33FAC67B29A,7267,JP1077147041,1,849.6024,1015.0,JPY,862346.44,5174.0786,857172.36,CHF,862346.44,857172.36,1.0,TSE,LIMIT,CANCELED,IOC,GS,BLOCK
2025-03-11T12:36:32.295790Z,2025-03-13,TRD_6C2FDC7DE50A,CUST_00003,CUST_00003_INVESTMENT_01,ORD_72C59143AB4A,EXE_DECEA75F73DC,TSLA,US5030708474,2,253.8856,279.86,USD,-71052.42,355.2621,-70697.16,CHF,-71052.42,-70697.16,1.0,NASDAQ,STOP_LIMIT,REPLACED,IOC,GS,CHI-X
2025-03-11T13:28:36.673933Z,2025-03-13,TRD_85755DFEF25C,CUST_00003,CUST_00003_INVESTMENT_01,ORD_7AAEADD7B34D,EXE_C3DEB9497B3D,4063,JP5440136307,2,937.9066,4618.0,JPY,-4331252.68,25987.5161,-4305265.16,CHF,-4331252.68,-4305265.16,1.0,TSE,STOP_LIMIT,PARTIAL_FILL,DAY,MS,CHI-X
2025-03-11T15:51:02.753174Z,2025-03-13,TRD_556E19E1A214,CUST_00003,CUST_00003_INVESTMENT_01,ORD_E303E2158A29,EXE_2617001350CC,BMW,DE2873027977,2,426.4711,135.18,EUR,-57650.36,230.6015,-57419.76,CHF,-57650.36,-57419.76,1.0,XETRA,STOP,FILL,IOC,UBS,DARK
