trade_date,settlement_date,trade_id,customer_id,account_number,order_id,exec_id,symbol,isin,side,quantity,price,currency,gross_amount,commission,net_amount,base_currency,base_gross_amount,base_net_amount,fx_rate,market,order_type,exec_type,time_in_force,broker_id,venue
2024-09-17T14:07:52.685944Z,2024-09-19,TRD_96CCEEBF9927,CUST_00001,CUST_00001_INVESTMENT_01,ORD_49468730FDC6,EXE_A0242B966B9C,BAS,DE5290065514,1,573.6518,83.14,EUR,47693.41,190.7736,47502.64,CHF,47693.41,47502.64,1.0,XETRA,STOP_LIMIT,FILL,FOK,BAML,CROSS
2024-09-17T10:01:06.246438Z,2024-09-19,TRD_AA7D39791258,CUST_00001,CUST_00001_INVESTMENT_01,ORD_A22E9CD99360,EXE_3004DD021800,AAPL,US4165813224,1,726.1901,174.1,USD,126429.7,632.1485,125797.55,CHF,126429.7,125797.55,1.0,NYSE,STOP,REPLACED,DAY,TD,CROSS
2024-09-17T11:03:13.026633Z,2024-09-19,TRD_2D11634AF963,CUST_00001,CUST_00001_INVESTMENT_01,ORD_E662EFACBA29,EXE_BFE21DCC36DA,NOVN,CH5827156523,2,788.3146,766.86,CHF,-604526.93,4836.2155,-599690.72,CHF,-604526.93,-599690.72,1.0,SIX,STOP_LIMIT,REPLACED,FOK,DB,CHI-X
2024-09-17T13:28:20.507437Z,2024-09-19,TRD_1E71A74F1825,CUST_00001,CUST_00001_INVESTMENT_01,ORD_3A73D833FC7C,EXE_B519D7A61D38,ABB,CH3622745587,2,997.4096,795.98,CHF,-793918.09,6351.3447,-787566.75,CHF,-793918.09,-787566.75,1.0,SIX,STOP,NEW,DAY,CITI,CHI-X
2024-09-17T15:11:32.165833Z,2024-09-19,TRD_55C2BDEBB8DB,CUST_00001,CUST_00001_INVESTMENT_01,ORD_220079A5F52A,EXE_88322A004D70,ALV,DE6235567938,2,97.645,22.46,EUR,-2193.11,8.7724,-2184.33,CHF,-2193.11,-2184.33,1.0,XETRA,STOP_LIMIT,CANCELED,GTC,CS,SIP
2024-09-17T10:55:12.323502Z,2024-09-19,TRD_67C454F0259A,CUST_00001,CUST_00001_INVESTMENT_01,ORD_F35D98763E14,EXE_9DBA7EEFFADB,UBSG,CH6538485453,2,851.3235,704.14,CHF,-599450.93,4795.6074,-594655.32,CHF,-599450.93,-594655.32,1.0,SIX,MARKET,PARTIAL_FILL,GTC,CITI,CROSS
2024-09-17T11:05:44.748045Z,2024-09-19,TRD_24AE7B74407C,CUST_00001,CUST_00001_INVESTMENT_01,ORD_B36EB29C1B7C,EXE_556E9492BBE5,ROG,CH4868660789,1,148.459,847.68,CHF,125845.73,1006.7658,124838.96,CHF,125845.73,124838.96,1.0,SIX,LIMIT,FILL,GTC,UBS,BATS
2024-09-17T11:27:28.730436Z,2024-09-19,TRD_7F438BF77D9E,CUST_00001,CUST_00001_INVESTMENT_01,ORD_15CB5613073F,EXE_A49650F778AD,TSLA,US7170759654,2,516.903,268.08,USD,-138571.36,692.8568,-137878.5,CHF,-138571.36,-137878.5,1.0,NASDAQ,STOP,NEW,GTC,DB,CROSS
