trade_date,settlement_date,trade_id,customer_id,account_number,order_id,exec_id,symbol,isin,side,quantity,price,currency,gross_amount,commission,net_amount,base_currency,base_gross_amount,base_net_amount,fx_rate,market,order_type,exec_type,time_in_force,broker_id,venue
2024-03-26T14:34:38.725984Z,2024-03-28,TRD_CD21D8A67AA5,CUST_00001,CUST_00001_INVESTMENT_01,ORD_4A78DE195F0E,EXE_2D4AE59D3C7B,MSFT,US5462083578,2,831.458,241.56,USD,-200846.99,1004.235,-199842.76,CHF,-200846.99,-199842.76,1.0,NASDAQ,MARKET,NEW,IOC,MS,BLOCK
2024-03-26T12:31:32.858799Z,2024-03-28,TRD_8A0D5B0E7C57,CUST_00001,CUST_00001_INVESTMENT_01,ORD_6F13694CEBE4,EXE_89B301ED185B,4502,JP2141233076,1,207.7294,1589.0,JPY,330082.02,1980.4921,328101.52,CHF,330082.02,328101.52,1.0,TSE,LIMIT,NEW,DAY,CITI,BLOCK
2024-03-26T16:52:52.532553Z,2024-03-28,TRD_60974AE5B880,CUST_00001,CUST_00001_INVESTMENT_01,ORD_3A9027238657,EXE_69EE25BE7AA1,7203,JP8794235589,2,302.7512,4970.0,JPY,-1504673.46,9028.0408,-1495645.42,CHF,-1504673.46,-1495645.42,1.0,TSE,MARKET,NEW,FOK,CITI,DARK
2024-03-26T15:09:13.916965Z,2024-03-28,TRD_0786DA795EF0,CUST_00001,CUST_00001_INVESTMENT_01,ORD_1886A73F1761,EXE_E07381E0A915,NESN,CH2371899110,2,194.6535,430.73,CHF,-83843.1,670.7448,-83172.36,CHF,-83843.1,-83172.36,1.0,SIX,STOP_LIMIT,NEW,GTC,UBS,BLOCK
