trade_date,settlement_date,trade_id,customer_id,account_number,order_id,exec_id,symbol,isin,side,quantity,price,currency,gross_amount,commission,net_amount,base_currency,base_gross_amount,base_net_amount,fx_rate,market,order_type,exec_type,time_in_force,broker_id,venue
2025-07-31T09:00:28.205490Z,2025-08-04,TRD_9BDF9F237797,CUST_00001,CUST_00001_INVESTMENT_01,ORD_A4564D3E38CC,EXE_F98115B8E99D,AZN,GB9554528909,2,220.7076,631.04,GBP,-139275.32,835.6519,-138439.67,CHF,-139275.32,-138439.67,1.0,LSE,STOP_LIMIT,NEW,GTC,MS,BATS
2025-07-31T11:28:03.971819Z,2025-08-04,TRD_D802700A8866,CUST_00001,CUST_00001_INVESTMENT_01,ORD_ED6C44831239,EXE_983473F68A54,6758,JP8531789267,1,271.469,4046.0,JPY,1098363.57,6590.1814,1091773.39,CHF,1098363.57,1091773.39,1.0,TSE,LIMIT,FILL,GTC,JPM,SIP
2025-07-31T16:03:00.150260Z,2025-08-04,TRD_E2416125D52E,CUST_00001,CUST_00001_INVESTMENT_01,ORD_523152E25CD2,EXE_3F92532863B3,BP,GB5099069040,2,244.2293,1422.32,GBP,-347372.22,2084.2333,-345287.98,CHF,-347372.22,-345287.98,1.0,LSE,STOP,REPLACED,GTC,TD,CROSS
2025-07-31T14:33:55.666461Z,2025-08-04,TRD_A4C28DA119F2,CUST_00001,CUST_00001_INVESTMENT_01,ORD_4616A77B0E2D,EXE_BC9C9D9DB669,NOVN,CH2278684708,2,172.853,898.3,CHF,-155273.85,1242.1908,-154031.66,CHF,-155273.85,-154031.66,1.0,SIX,STOP,CANCELED,IOC,CS,SIP
2025-07-31T13:12:27.684119Z,2025-08-04,TRD_D29710B87B54,CUST_00001,CUST_00001_INVESTMENT_01,ORD_90ACA3D6F502,EXE_C30C3E770AA5,MUV2,DE5146411571,1,188.0211,98.84,EUR,18584.01,74.336,18509.67,CHF,18584.01,18509.67,1.0,XETRA,LIMIT,PARTIAL_FILL,IOC,CS,SIP
2025-07-31T15:37:42.890705Z,2025-08-04,TRD_F976E874E11F,CUST_00001,CUST_00001_INVESTMENT_01,ORD_BB546481BADA,EXE_22B277DB1217,NVDA,US4637830327,2,419.3719,55.22,USD,-23157.72,115.7886,-23041.93,CHF,-23157.72,-23041.93,1.0,NYSE,STOP_LIMIT,REPLACED,FOK,CS,BLOCK
2025-07-31T16:50:24.519409Z,2025-08-04,TRD_007555F6C710,CUST_00001,CUST_00001_INVESTMENT_01,ORD_3099C936BDB5,EXE_61D458A0F404,CS,CH5659490517,2,169.744,725.28,CHF,-123111.93,984.8954,-122127.03,CHF,-123111.93,-122127.03,1.0,SIX,STOP,NEW,DAY,CS,SIP
2025-07-31T12:30:49.660917Z,2025-08-04,TRD_4493344DB837,CUST_00001,CUST_00001_INVESTMENT_01,ORD_EE94998D463F,EXE_7B0CA564A07B,6758,JP8775076264,2,914.0038,1385.0,JPY,-1265895.26,7595.3716,-1258299.89,CHF,-1265895.26,-1258299.89,1.0,TSE,MARKET,NEW,FOK,DB,CROSS
