trade_date,settlement_date,trade_id,customer_id,account_number,order_id,exec_id,symbol,isin,side,quantity,price,currency,gross_amount,commission,net_amount,base_currency,base_gross_amount,base_net_amount,fx_rate,market,order_type,exec_type,time_in_force,broker_id,venue
2024-01-26T10:21:21.298567Z,2024-01-30,TRD_0036DBAA4D2D,CUST_00001,CUST_00001_INVESTMENT_01,ORD_8219ECE89C76,EXE_8F12ADDE3952,INTC,US9718134011,2,540.1213,238.38,USD,-128754.12,643.7706,-128110.34,CHF,-128754.12,-128110.34,1.0,NASDAQ,STOP_LIMIT,REPLACED,GTC,CITI,SIP
2024-01-26T11:28:13.355372Z,2024-01-30,TRD_3437EDE8D00A,CUST_00001,CUST_00001_INVESTMENT_01,ORD_1134C1791007,EXE_C3023E7F9838,CSCO,US8164627623,2,757.5753,80.69,USD,-61128.75,305.6438,-60823.11,CHF,-61128.75,-60823.11,1.0,NASDAQ,MARKET,CANCELED,IOC,BAML,BLOCK
2024-01-26T12:09:39.332474Z,2024-01-30,TRD_89CD0370A9D6,CUST_00001,CUST_00001_INVESTMENT_01,ORD_4EF7E58379AB,EXE_5FE9BE8AB913,AMZN,US5514641603,1,405.9778,63.06,USD,25600.96,128.0048,25472.96,CHF,25600.96,25472.96,1.0,NASDAQ,STOP,PARTIAL_FILL,DAY,MS,SIP
2024-01-26T14:36:25.851678Z,2024-01-30,TRD_4F7E859872B9,CUST_00001,CUST_00001_INVESTMENT_01,ORD_3067A570DB09,EXE_1B49D6D9C884,UBSG,CH3838770437,1,968.5677,60.67,CHF,58763.0,470.104,58292.9,CHF,58763.0,58292.9,1.0,SIX,STOP,FILL,GTC,MS,CHI-X
