trade_date,settlement_date,trade_id,customer_id,account_number,order_id,exec_id,symbol,isin,side,quantity,price,currency,gross_amount,commission,net_amount,base_currency,base_gross_amount,base_net_amount,fx_rate,market,order_type,exec_type,time_in_force,broker_id,venue
2025-05-30T16:34:15.671796Z,2025-06-03,TRD_727ED42EF127,CUST_00001,CUST_00001_INVESTMENT_01,ORD_F98743736062,EXE_24367323F0B3,GIVN,CH3189241781,1,986.7801,544.24,CHF,537045.2,4296.3616,532748.84,CHF,537045.2,532748.84,1.0,SIX,MARKET,REPLACED,GTC,GS,BATS
2025-05-30T15:54:56.437488Z,2025-06-03,TRD_A365A0CE93FA,CUST_00001,CUST_00001_INVESTMENT_01,ORD_84E699CB644B,EXE_BD766D64F5E1,JNJ,US9686210350,2,139.9734,175.76,USD,-24601.72,123.0086,-24478.72,CHF,-24601.72,-24478.72,1.0,NYSE,LIMIT,REPLACED,GTC,MS,BATS
2025-05-30T13:59:09.015003Z,2025-06-03,TRD_397470E39964,CUST_00001,CUST_00001_INVESTMENT_01,ORD_D41EF74D1AF8,EXE_8D6022B938CB,SIE,DE4799262860,1,276.6078,69.66,EUR,19268.5,77.074,19191.43,CHF,19268.5,19191.43,1.0,XETRA,STOP_LIMIT,FILL,GTC,JPM,BLOCK
2025-05-30T13:46:28.905969Z,2025-06-03,TRD_F2C0E584162F,CUST_00001,CUST_00001_INVESTMENT_01,ORD_7A1719825F61,EXE_99CFFF209D97,6758,JP3085672993,1,503.2674,4750.0,JPY,2390520.15,14343.1209,2376177.03,CHF,2390520.15,2376177.03,1.0,TSE,LIMIT,FILL,DAY,CITI,CROSS
