trade_date,settlement_date,trade_id,customer_id,account_number,order_id,exec_id,symbol,isin,side,quantity,price,currency,gross_amount,commission,net_amount,base_currency,base_gross_amount,base_net_amount,fx_rate,market,order_type,exec_type,time_in_force,broker_id,venue
2025-06-10T14:21:54.604033Z,2025-06-12,TRD_27C0E1123F03,CUST_00001,CUST_00001_INVESTMENT_01,ORD_94511435E5FC,EXE_1E16FE326872,UHR,CH4746801681,1,343.2219,901.88,CHF,309544.97,2476.3597,307068.61,CHF,309544.97,307068.61,1.0,SIX,STOP_LIMIT,PARTIAL_FILL,DAY,DB,BLOCK
2025-06-10T11:22:05.787400Z,2025-06-12,TRD_CED881515245,CUST_00001,CUST_00001_INVESTMENT_01,ORD_5008BE38DBCF,EXE_BD63D4C2D187,GOOGL,US1899438641,1,600.8035,206.19,USD,123879.67,619.3984,123260.28,CHF,123879.67,123260.28,1.0,NYSE,MARKET,CANCELED,DAY,CS,CROSS
2025-06-10T14:26:43.547335Z,2025-06-12,TRD_885666DD1DB9,CUST_00001,CUST_00001_INVESTMENT_01,ORD_A75440F12D10,EXE_654BE60E3BD5,RIO,GB1147650609,2,968.3824,392.99,GBP,-380564.6,2283.3876,-378281.21,CHF,-380564.6,-378281.21,1.0,LSE,STOP_LIMIT,NEW,DAY,TD,BATS
2025-06-10T10:52:33.515124Z,2025-06-12,TRD_6026894AB50C,CUST_00001,CUST_00001_INVESTMENT_01,ORD_C836C3AAB9E5,EXE_6409DAABB335,DAI,DE4037190248,2,302.6138,130.71,EUR,-39554.65,158.2186,-39396.43,CHF,-39554.65,-39396.43,1.0,XETRA,LIMIT,CANCELED,DAY,BAML,CHI-X
2025-06-10T12:04:39.907608Z,2025-06-12,TRD_758CBFD21AE9,CUST_00001,CUST_00001_INVESTMENT_01,ORD_4F353BC38949,EXE_B145E92DCFC1,VOD,GB9091214549,1,979.5212,426.86,GBP,418118.42,2508.7105,415609.71,CHF,418118.42,415609.71,1.0,LSE,STOP_LIMIT,REPLACED,FOK,CITI,BATS
2025-06-10T09:07:28.515474Z,2025-06-12,TRD_632EC37A165A,CUST_00001,CUST_00001_INVESTMENT_01,ORD_D08A16A64274,EXE_C296312FB0A8,DTE,DE9536204179,1,444.8667,88.78,EUR,39495.27,157.9811,39337.28,CHF,39495.27,39337.28,1.0,XETRA,STOP_LIMIT,CANCELED,GTC,BAML,CHI-X
