trade_date,settlement_date,trade_id,customer_id,account_number,order_id,exec_id,symbol,isin,side,quantity,price,currency,gross_amount,commission,net_amount,base_currency,base_gross_amount,base_net_amount,fx_rate,market,order_type,exec_type,time_in_force,broker_id,venue
2024-02-22T11:13:15.630848Z,2024-02-26,TRD_34BA41B33DC5,CUST_00001,CUST_00001_INVESTMENT_01,ORD_CC53445C6480,EXE_EBFB291E4366,BT,GB6515173100,2,130.8166,879.23,GBP,-115017.88,690.1073,-114327.77,CHF,-115017.88,-114327.77,1.0,LSE,LIMIT,CANCELED,DAY,BAML,DARK
2024-02-22T13:18:03.303597Z,2024-02-26,TRD_D34F2A5ADEC2,CUST_00001,CUST_00001_INVESTMENT_01,ORD_10105B6F585C,EXE_435085ED1DBC,AAPL,US8094934302,1,824.3118,73.32,USD,60438.54,302.1927,60136.35,CHF,60438.54,60136.35,1.0,NASDAQ,MARKET,CANCELED,IOC,JPM,DARK
2024-02-22T15:51:06.821261Z,2024-02-26,TRD_264D85FE4BF9,CUST_00001,CUST_00001_INVESTMENT_01,ORD_A78F3F42FD74,EXE_1330FB4064D1,META,US7252107855,2,828.6112,91.52,USD,-75834.5,379.1725,-75455.32,CHF,-75834.5,-75455.32,1.0,NYSE,LIMIT,NEW,FOK,CITI,SIP
2024-02-22T12:56:38.399222Z,2024-02-26,TRD_3582E6AAEEC6,CUST_00001,CUST_00001_INVESTMENT_01,ORD_9B5CE08DBF9F,EXE_F3B3DC834AEF,NOVN,CH9595927511,1,742.7575,276.03,CHF,205023.35,1640.1868,203383.17,CHF,205023.35,203383.17,1.0,SIX,LIMIT,CANCELED,GTC,TD,SIP
2024-02-22T09:45:59.039334Z,2024-02-26,TRD_54970A4152EC,CUST_00001,CUST_00001_INVESTMENT_01,ORD_48C4700EECB8,EXE_AD9FD5A994A5,4063,JP8888176773,1,453.3425,2743.0,JPY,1243518.48,7461.1109,1236057.37,CHF,1243518.48,1236057.37,1.0,TSE,STOP_LIMIT,PARTIAL_FILL,GTC,TD,SIP
