trade_date,settlement_date,trade_id,customer_id,account_number,order_id,exec_id,symbol,isin,side,quantity,price,currency,gross_amount,commission,net_amount,base_currency,base_gross_amount,base_net_amount,fx_rate,market,order_type,exec_type,time_in_force,broker_id,venue
2024-06-18T10:40:51.262882Z,2024-06-20,TRD_CFDFB93E4F20,CUST_00001,CUST_00001_INVESTMENT_01,ORD_2269E5AA92F6,EXE_D360CB98FD6A,NOVN,CH7417123570,1,929.4882,653.52,CHF,607439.13,4859.513,602579.62,CHF,607439.13,602579.62,1.0,SIX,STOP,REPLACED,FOK,CITI,BATS
2024-06-18T13:03:15.413838Z,2024-06-20,TRD_22733A4AAB3A,CUST_00001,CUST_00001_INVESTMENT_01,ORD_9FDA278906B1,EXE_106C27763D7D,SIE,DE1285414794,2,523.1551,89.03,EUR,-46576.5,186.306,-46390.19,CHF,-46576.5,-46390.19,1.0,XETRA,STOP_LIMIT,CANCELED,IOC,DB,SIP
2024-06-18T16:51:38.254660Z,2024-06-20,TRD_C41FC9E8F9CB,CUST_00001,CUST_00001_INVESTMENT_01,ORD_454396A6AB93,EXE_2F8C9CA9B8AD,ROG,CH7056452983,1,28.166,113.85,CHF,3206.7,25.6536,3181.05,CHF,3206.7,3181.05,1.0,SIX,LIMIT,NEW,GTC,UBS,CROSS
2024-06-18T12:39:50.539221Z,2024-06-20,TRD_DB7D98060AC8,CUST_00001,CUST_00001_INVESTMENT_01,ORD_5C8C2FC46E1F,EXE_A4B1671AFA69,6861,JP7823049923,2,429.1135,1824.0,JPY,-782703.02,4696.2181,-778006.81,CHF,-782703.02,-778006.81,1.0,TSE,LIMIT,FILL,IOC,CS,SIP
2024-06-18T10:13:39.403046Z,2024-06-20,TRD_F2D23358F013,CUST_00001,CUST_00001_INVESTMENT_01,ORD_45E3AAB7B1A0,EXE_8D18FB9D8BD6,UBSG,CH1393247441,1,537.0817,872.73,CHF,468727.31,3749.8185,464977.49,CHF,468727.31,464977.49,1.0,SIX,STOP_LIMIT,PARTIAL_FILL,IOC,GS,CHI-X
