trade_date,settlement_date,trade_id,customer_id,account_number,order_id,exec_id,symbol,isin,side,quantity,price,currency,gross_amount,commission,net_amount,base_currency,base_gross_amount,base_net_amount,fx_rate,market,order_type,exec_type,time_in_force,broker_id,venue
2024-12-19T09:44:44.662737Z,2024-12-23,TRD_4D073E46D7BF,CUST_00001,CUST_00001_INVESTMENT_01,ORD_D33314636CCA,EXE_2C49804A17F1,ABB,CH1846583258,2,437.7956,583.14,CHF,-255296.13,2042.369,-253253.76,CHF,-255296.13,-253253.76,1.0,SIX,MARKET,CANCELED,IOC,TD,BATS
2024-12-19T11:11:31.593723Z,2024-12-23,TRD_49F0293B9ECA,CUST_00001,CUST_00001_INVESTMENT_01,ORD_D466891712B4,EXE_F9C324607A57,UHR,CH9766395281,1,235.6333,120.66,CHF,28431.51,227.4521,28204.06,CHF,28431.51,28204.06,1.0,SIX,STOP,CANCELED,IOC,CITI,CROSS
2024-12-19T09:16:24.362909Z,2024-12-23,TRD_30E65C1113D1,CUST_00001,CUST_00001_INVESTMENT_01,ORD_BF7DB0A225D8,EXE_5826C007355D,8306,JP2997913176,2,63.9118,2338.0,JPY,-149425.79,896.5547,-148529.23,CHF,-149425.79,-148529.23,1.0,TSE,LIMIT,NEW,DAY,CS,CHI-X
2024-12-19T14:24:50.140844Z,2024-12-23,TRD_A025A3EC9F13,CUST_00001,CUST_00001_INVESTMENT_01,ORD_ECC0479DB94A,EXE_779D66120ADF,NESN,CH1312095562,2,398.5941,128.89,CHF,-51374.79,410.9983,-50963.8,CHF,-51374.79,-50963.8,1.0,SIX,LIMIT,REPLACED,FOK,MS,CHI-X
2024-12-19T14:00:51.763944Z,2024-12-23,TRD_C00AD50B2F0F,CUST_00001,CUST_00001_INVESTMENT_01,ORD_3C54EA508AA3,EXE_D059942EE229,META,US1764052362,1,553.0875,116.69,USD,64539.78,322.6989,64217.08,CHF,64539.78,64217.08,1.0,NYSE,STOP,FILL,FOK,WF,CHI-X
