trade_date,settlement_date,trade_id,customer_id,account_number,order_id,exec_id,symbol,isin,side,quantity,price,currency,gross_amount,commission,net_amount,base_currency,base_gross_amount,base_net_amount,fx_rate,market,order_type,exec_type,time_in_force,broker_id,venue
2024-01-10T11:25:48.716411Z,2024-01-12,TRD_009E3872BE3E,CUST_00001,CUST_00001_INVESTMENT_01,ORD_E31A21394694,EXE_49FF96F0720A,GOOGL,US1680682962,2,740.2708,184.03,USD,-136232.04,681.1602,-135550.88,CHF,-136232.04,-135550.88,1.0,NASDAQ,MARKET,CANCELED,GTC,CS,BATS
2024-01-10T12:29:16.951104Z,2024-01-12,TRD_9B4AE95FB73D,CUST_00001,CUST_00001_INVESTMENT_01,ORD_E9116A4B63BF,EXE_4420584F2678,META,US2449125046,1,475.6675,251.32,USD,119544.76,597.7238,118947.03,CHF,119544.76,118947.03,1.0,NASDAQ,STOP_LIMIT,REPLACED,FOK,UBS,DARK
2024-01-10T09:54:21.073696Z,2024-01-12,TRD_35A46BC91BEA,CUST_00001,CUST_00001_INVESTMENT_01,ORD_C9DC456390AD,EXE_17AD0238D680,VOD,GB5077735945,2,730.2841,1254.29,GBP,-915988.04,5495.9283,-910492.12,CHF,-915988.04,-910492.12,1.0,LSE,MARKET,PARTIAL_FILL,IOC,TD,CROSS
2024-01-10T11:26:35.846463Z,2024-01-12,TRD_CDF041894480,CUST_00001,CUST_00001_INVESTMENT_01,ORD_F22F816DBEBE,EXE_852960865844,MSFT,US3996633596,1,241.4514,112.54,USD,27172.94,135.8647,27037.08,CHF,27172.94,27037.08,1.0,NYSE,LIMIT,PARTIAL_FILL,DAY,WF,SIP
2024-01-10T09:12:15.549542Z,2024-01-12,TRD_DBDA8E367A4C,CUST_00001,CUST_00001_INVESTMENT_01,ORD_29C73449FF4B,EXE_40D0A45DFBF9,4063,JP6263421609,1,675.8288,2047.0,JPY,1383421.55,8300.5293,1375121.02,CHF,1383421.55,1375121.02,1.0,TSE,LIMIT,FILL,IOC,BAML,CROSS
2024-01-10T15:02:26.869244Z,2024-01-12,TRD_852424FCB11D,CUST_00001,CUST_00001_INVESTMENT_01,ORD_E3DEA3098AE6,EXE_80F0B9CCB866,9433,JP7513879584,1,877.049,3599.0,JPY,3156499.35,18938.9961,3137560.35,CHF,3156499.35,3137560.35,1.0,TSE,STOP_LIMIT,NEW,IOC,BAML,CHI-X
2024-01-10T12:35:05.305258Z,2024-01-12,TRD_FBAA00E9E0E1,CUST_00001,CUST_00001_INVESTMENT_01,ORD_5B3B28FB123D,EXE_1882EA288ADA,CFR,CH9558887715,2,156.0631,602.99,CHF,-94104.49,752.8359,-93351.65,CHF,-94104.49,-93351.65,1.0,SIX,STOP_LIMIT,NEW,GTC,DB,BATS
