trade_date,settlement_date,trade_id,customer_id,account_number,order_id,exec_id,symbol,isin,side,quantity,price,currency,gross_amount,commission,net_amount,base_currency,base_gross_amount,base_net_amount,fx_rate,market,order_type,exec_type,time_in_force,broker_id,venue
2025-04-18T12:39:30.812851Z,2025-04-22,TRD_CBBBF8A2DB5A,CUST_00001,CUST_00001_INVESTMENT_01,ORD_81479A49C087,EXE_072F67AFE21F,AMZN,US4714692022,2,377.0016,125.67,USD,-47377.79,236.889,-47140.9,CHF,-47377.79,-47140.9,1.0,NASDAQ,STOP,PARTIAL_FILL,FOK,WF,BATS
2025-04-18T11:13:50.272349Z,2025-04-22,TRD_9AF554A4CBC8,CUST_00001,CUST_00001_INVESTMENT_01,ORD_085A7002737A,EXE_F74D9AD78531,GOOGL,US2251066823,1,91.9725,144.69,USD,13307.5,66.5375,13240.96,CHF,13307.5,13240.96,1.0,NASDAQ,STOP_LIMIT,NEW,DAY,WF,BATS
2025-04-18T12:48:02.203846Z,2025-04-22,TRD_9048D7B11A27,CUST_00001,CUST_00001_INVESTMENT_01,ORD_7CB0C3246AEF,EXE_70534C2522F3,CFR,CH7394642973,1,219.3424,736.43,CHF,161530.32,1292.2426,160238.08,CHF,161530.32,160238.08,1.0,SIX,STOP,CANCELED,FOK,UBS,BLOCK
2025-04-18T13:47:29.022315Z,2025-04-22,TRD_C8EDB7AD365A,CUST_00001,CUST_00001_INVESTMENT_01,ORD_50BB939069C1,EXE_D022B895E653,AZN,GB5391277719,1,134.569,450.43,GBP,60613.91,363.6835,60250.23,CHF,60613.91,60250.23,1.0,LSE,MARKET,FILL,DAY,UBS,DARK
2025-04-18T09:41:58.941635Z,2025-04-22,TRD_BC3EC766C8C7,CUST_00001,CUST_00001_INVESTMENT_01,ORD_3567376013F3,EXE_2BA861661FFE,DAI,DE2924790312,1,405.8105,141.01,EUR,57223.34,228.8934,56994.45,CHF,57223.34,56994.45,1.0,XETRA,STOP,CANCELED,GTC,WF,BATS
2025-04-18T13:26:38.399405Z,2025-04-22,TRD_E5536D309FBB,CUST_00001,CUST_00001_INVESTMENT_01,ORD_7757501C9AD1,EXE_9CDA645E3DF6,HSBA,GB6876655215,2,608.0357,459.99,GBP,-279690.34,1678.142,-278012.2,CHF,-279690.34,-278012.2,1.0,LSE,MARKET,FILL,IOC,TD,BATS
2025-04-18T12:06:12.475526Z,2025-04-22,TRD_3D0FCA9E0459,CUST_00001,CUST_00001_INVESTMENT_01,ORD_7F0479306CD3,EXE_2E4E32AF01D7,ABB,CH3061714206,2,507.4563,982.68,CHF,-498667.16,3989.3373,-494677.82,CHF,-498667.16,-494677.82,1.0,SIX,STOP,NEW,GTC,CS,CROSS
