trade_date,settlement_date,trade_id,customer_id,account_number,order_id,exec_id,symbol,isin,side,quantity,price,currency,gross_amount,commission,net_amount,base_currency,base_gross_amount,base_net_amount,fx_rate,market,order_type,exec_type,time_in_force,broker_id,venue
2025-05-22T10:22:11.707839Z,2025-05-26,TRD_2E8C1040E1DC,CUST_00001,CUST_00001_INVESTMENT_01,ORD_9F1CE29F92AC,EXE_729340CA2ADF,BMW,DE7057527973,1,416.82,66.28,EUR,27626.83,110.5073,27516.32,CHF,27626.83,27516.32,1.0,XETRA,STOP_LIMIT,CANCELED,FOK,WF,SIP
2025-05-22T09:08:40.056365Z,2025-05-26,TRD_E526DBBD9CFD,CUST_00001,CUST_00001_INVESTMENT_01,ORD_A8768411B4C9,EXE_703479E03DED,TSLA,US3851627892,2,775.7106,98.64,USD,-76516.09,382.5805,-76133.51,CHF,-76516.09,-76133.51,1.0,NASDAQ,LIMIT,CANCELED,IOC,JPM,SIP
2025-05-22T11:17:21.574895Z,2025-05-26,TRD_F48952B7592A,CUST_00001,CUST_00001_INVESTMENT_01,ORD_E5C399E90C51,EXE_A8916FE75D79,8316,JP6353251459,1,938.5427,1514.0,JPY,1420953.65,8525.7219,1412427.93,CHF,1420953.65,1412427.93,1.0,TSE,STOP,NEW,FOK,CS,DARK
2025-05-22T11:19:01.370032Z,2025-05-26,TRD_A354528A3C8B,CUST_00001,CUST_00001_INVESTMENT_01,ORD_2EF80D5B2D71,EXE_473332A34857,ADBE,US4678168523,2,795.2811,111.6,USD,-88753.37,443.7669,-88309.6,CHF,-88753.37,-88309.6,1.0,NASDAQ,STOP,NEW,GTC,DB,BATS
2025-05-22T12:13:09.786492Z,2025-05-26,TRD_AA5E20F6159C,CUST_00001,CUST_00001_INVESTMENT_01,ORD_B12B7CB268AF,EXE_7A78E0DE533A,HSBA,GB3778392622,2,372.5561,1873.73,GBP,-698069.54,4188.4172,-693881.12,CHF,-698069.54,-693881.12,1.0,LSE,LIMIT,FILL,FOK,MS,SIP
