trade_date,settlement_date,trade_id,customer_id,account_number,order_id,exec_id,symbol,isin,side,quantity,price,currency,gross_amount,commission,net_amount,base_currency,base_gross_amount,base_net_amount,fx_rate,market,order_type,exec_type,time_in_force,broker_id,venue
2024-07-01T15:01:39.152396Z,2024-07-03,TRD_1D60E38BF357,CUST_00001,CUST_00001_INVESTMENT_01,ORD_9BF27C4BCF12,EXE_30E56AA15C46,DTE,DE2426022762,1,269.96,99.95,EUR,26982.5,107.93,26874.57,CHF,26982.5,26874.57,1.0,XETRA,STOP_LIMIT,NEW,FOK,DB,CROSS
2024-07-01T15:59:38.695441Z,2024-07-03,TRD_83470C8E4198,CUST_00001,CUST_00001_INVESTMENT_01,ORD_DFE1B3A7B4C9,EXE_8F2F3C1BEF63,CSCO,US6725031651,2,296.7883,164.88,USD,-48934.45,244.6723,-48689.78,CHF,-48934.45,-48689.78,1.0,NASDAQ,STOP,REPLACED,DAY,DB,CROSS
2024-07-01T15:53:32.616848Z,2024-07-03,TRD_8D65C659D36C,CUST_00001,CUST_00001_INVESTMENT_01,ORD_8C68C6F02DA3,EXE_AF469E56D523,GOOGL,US1784811643,1,229.6751,184.63,USD,42404.91,212.0246,42192.89,CHF,42404.91,42192.89,1.0,NASDAQ,STOP,PARTIAL_FILL,IOC,CS,BLOCK
2024-07-01T11:34:34.859419Z,2024-07-03,TRD_FB2973404B93,CUST_00001,CUST_00001_INVESTMENT_01,ORD_8700745E06FD,EXE_C16DE6D066DC,7203,JP4672044877,2,21.75,3224.0,JPY,-70122.0,420.732,-69701.27,CHF,-70122.0,-69701.27,1.0,TSE,MARKET,CANCELED,DAY,BAML,BATS
2024-07-01T10:15:49.232666Z,2024-07-03,TRD_C12D24EC4B2C,CUST_00001,CUST_00001_INVESTMENT_01,ORD_8CD5398B71A3,EXE_6C6DEABAFDA2,7267,JP1679725986,1,579.543,2129.0,JPY,1233847.05,7403.0823,1226443.96,CHF,1233847.05,1226443.96,1.0,TSE,MARKET,CANCELED,DAY,DB,CROSS
2024-07-01T11:07:44.458720Z,2024-07-03,TRD_7B70C6222D4D,CUST_00001,CUST_00001_INVESTMENT_01,ORD_43CFC8DC0934,EXE_095C288C6D16,BARC,GB6036108179,2,750.5047,1397.36,GBP,-1048725.25,6292.3515,-1042432.9,CHF,-1048725.25,-1042432.9,1.0,LSE,LIMIT,FILL,IOC,BAML,BLOCK
2024-07-01T12:35:58.363017Z,2024-07-03,TRD_E4023CE52973,CUST_00001,CUST_00001_INVESTMENT_01,ORD_3C3E41EF02F4,EXE_76FA88F291B8,SHEL,GB6185004502,2,802.9711,273.42,GBP,-219548.36,1317.2901,-218231.07,CHF,-219548.36,-218231.07,1.0,LSE,MARKET,FILL,FOK,CITI,BATS
2024-07-01T11:38:02.013600Z,2024-07-03,TRD_1E9B0B395DEF,CUST_00001,CUST_00001_INVESTMENT_01,ORD_BF341C8EA874,EXE_14CDFF379DB4,TSLA,US3194514728,2,464.6649,160.89,USD,-74759.94,373.7997,-74386.14,CHF,-74759.94,-74386.14,1.0,NYSE,STOP,NEW,IOC,CITI,SIP
