trade_date,settlement_date,trade_id,customer_id,account_number,order_id,exec_id,symbol,isin,side,quantity,price,currency,gross_amount,commission,net_amount,base_currency,base_gross_amount,base_net_amount,fx_rate,market,order_type,exec_type,time_in_force,broker_id,venue
2025-06-03T11:11:20.850164Z,2025-06-05,TRD_88D24955BF9B,CUST_00001,CUST_00001_INVESTMENT_02,ORD_3F3792AD4EEB,EXE_95AC05B4A731,UBSG,CH8334770610,2,943.8194,419.32,CHF,-395762.35,3166.0988,-392596.25,CHF,-395762.35,-392596.25,1.0,SIX,STOP,PARTIAL_FILL,IOC,WF,CROSS
2025-06-03T09:55:41.561856Z,2025-06-05,TRD_D2FFE2F25162,CUST_00001,CUST_00001_INVESTMENT_02,ORD_CC4B4C046974,EXE_7B3B0DB19156,CS,CH3111781357,2,499.5058,473.09,CHF,-236311.2,1890.4896,-234420.71,CHF,-236311.2,-234420.71,1.0,SIX,MARKET,NEW,FOK,BAML,DARK
2025-06-03T13:46:09.403668Z,2025-06-05,TRD_784341E97C00,CUST_00001,CUST_00001_INVESTMENT_02,ORD_25A25D14C6B3,EXE_3E574EE547FC,TSLA,US6080768579,2,434.9486,112.64,USD,-48992.61,244.9631,-48747.65,CHF,-48992.61,-48747.65,1.0,NASDAQ,STOP,PARTIAL_FILL,DAY,GS,CROSS
2025-06-03T09:49:07.677176Z,2025-06-05,TRD_A3D442EF12CE,CUST_00001,CUST_00001_INVESTMENT_02,ORD_67F12A9ECA8C,EXE_A400D37FF40D,V,US9699152700,2,651.1403,65.54,USD,-42675.74,213.3787,-42462.36,CHF,-42675.74,-42462.36,1.0,NYSE,STOP_LIMIT,FILL,DAY,CS,BLOCK
2025-06-03T16:05:44.254755Z,2025-06-05,TRD_2B9BC620A522,CUST_00001,CUST_00001_INVESTMENT_02,ORD_755CB39A6741,EXE_F15B96BBF9A3,CS,CH9184280327,2,923.3873,700.47,CHF,-646805.1,5174.4408,-641630.66,CHF,-646805.1,-641630.66,1.0,SIX,STOP,REPLACED,IOC,MS,CHI-X
2025-06-03T13:06:13.030686Z,2025-06-05,TRD_2CA66F6B32EA,CUST_00001,CUST_00001_INVESTMENT_02,ORD_06C6923BE990,EXE_42110546F088,JNJ,US2084505508,1,663.6076,96.68,USD,64157.58,320.7879,63836.79,CHF,64157.58,63836.79,1.0,NYSE,MARKET,NEW,IOC,GS,BLOCK
