trade_date,settlement_date,trade_id,customer_id,account_number,order_id,exec_id,symbol,isin,side,quantity,price,currency,gross_amount,commission,net_amount,base_currency,base_gross_amount,base_net_amount,fx_rate,market,order_type,exec_type,time_in_force,broker_id,venue
2024-02-19T16:42:54.983148Z,2024-02-21,TRD_F9F1CFCF03FA,CUST_00001,CUST_00001_INVESTMENT_01,ORD_F12D763BFE57,EXE_8641F4B56459,NVDA,US1691783243,2,428.371,177.31,USD,-75954.46,379.7723,-75574.69,CHF,-75954.46,-75574.69,1.0,NASDAQ,MARKET,FILL,FOK,DB,SIP
2024-02-19T13:15:36.228516Z,2024-02-21,TRD_DCB0C339BC96,CUST_00001,CUST_00001_INVESTMENT_01,ORD_2A234FF2189B,EXE_B18A8EE6ACC9,GOOGL,US8082685970,1,379.2952,287.06,USD,108880.48,544.4024,108336.08,CHF,108880.48,108336.08,1.0,NASDAQ,LIMIT,PARTIAL_FILL,FOK,CS,SIP
2024-02-19T12:31:00.818194Z,2024-02-21,TRD_89E996EF64D8,CUST_00001,CUST_00001_INVESTMENT_01,ORD_60F200F4754F,EXE_7953E937B92B,CFR,CH7315860375,2,115.1055,105.37,CHF,-12128.67,97.0293,-12031.64,CHF,-12128.67,-12031.64,1.0,SIX,STOP_LIMIT,NEW,GTC,GS,BLOCK
2024-02-19T10:40:13.954275Z,2024-02-21,TRD_34B2721B2C4F,CUST_00001,CUST_00001_INVESTMENT_01,ORD_723A3A2B9335,EXE_B62544277E93,CS,CH4535418966,2,699.2227,636.17,CHF,-444824.51,3558.596,-441265.91,CHF,-444824.51,-441265.91,1.0,SIX,MARKET,REPLACED,GTC,MS,BLOCK
2024-02-19T15:24:23.128439Z,2024-02-21,TRD_CA9A386DB7D2,CUST_00001,CUST_00001_INVESTMENT_01,ORD_3279578E2DAE,EXE_534C80FCBAD0,NVDA,US9034001313,2,899.8456,111.01,USD,-99891.86,499.4593,-99392.4,CHF,-99891.86,-99392.4,1.0,NASDAQ,STOP,PARTIAL_FILL,IOC,GS,CHI-X
