trade_date,settlement_date,trade_id,customer_id,account_number,order_id,exec_id,symbol,isin,side,quantity,price,currency,gross_amount,commission,net_amount,base_currency,base_gross_amount,base_net_amount,fx_rate,market,order_type,exec_type,time_in_force,broker_id,venue
2025-03-14T11:48:09.192356Z,2025-03-18,TRD_8F81237CD673,CUST_00001,CUST_00001_INVESTMENT_01,ORD_C917F9D515F9,EXE_98A4EAAEBF1A,DAI,DE9389808212,1,895.3204,70.6,EUR,63209.62,252.8385,62956.78,CHF,63209.62,62956.78,1.0,XETRA,LIMIT,CANCELED,GTC,DB,BLOCK
2025-03-14T15:47:53.456163Z,2025-03-18,TRD_E3620D66833A,CUST_00001,CUST_00001_INVESTMENT_01,ORD_90F0E58EE9B6,EXE_D9FDA0D1BDA2,8306,JP9624399043,1,986.8455,1255.0,JPY,1238491.1,7430.9466,1231060.16,CHF,1238491.1,1231060.16,1.0,TSE,STOP,NEW,GTC,TD,BLOCK
2025-03-14T10:39:06.447697Z,2025-03-18,TRD_BA0D0BFF130A,CUST_00001,CUST_00001_INVESTMENT_01,ORD_1F5C63C53EEA,EXE_5107B9407B25,GSK,GB3410079070,2,109.5649,1037.98,GBP,-113726.17,682.357,-113043.82,CHF,-113726.17,-113043.82,1.0,LSE,STOP_LIMIT,PARTIAL_FILL,FOK,GS,CHI-X
2025-03-14T13:31:17.217435Z,2025-03-18,TRD_6D1A49E6B449,CUST_00001,CUST_00001_INVESTMENT_01,ORD_D3594BBCDE6C,EXE_F65EC3C9300D,META,US6960566776,1,992.4314,102.45,USD,101674.6,508.373,101166.22,CHF,101674.6,101166.22,1.0,NASDAQ,STOP,REPLACED,IOC,CITI,DARK
