trade_date,settlement_date,trade_id,customer_id,account_number,order_id,exec_id,symbol,isin,side,quantity,price,currency,gross_amount,commission,net_amount,base_currency,base_gross_amount,base_net_amount,fx_rate,market,order_type,exec_type,time_in_force,broker_id,venue
2024-03-12T11:39:35.318440Z,2024-03-14,TRD_44335559A046,CUST_00001,CUST_00001_INVESTMENT_01,ORD_5D82CBC7D9FA,EXE_814A662F93E5,7267,JP1947814984,2,849.0276,3262.0,JPY,-2769528.03,16617.1682,-2752910.86,CHF,-2769528.03,-2752910.86,1.0,TSE,STOP_LIMIT,PARTIAL_FILL,DAY,MS,SIP
2024-03-12T16:03:11.825093Z,2024-03-14,TRD_5FF59488680F,CUST_00001,CUST_00001_INVESTMENT_01,ORD_1A726865E2CF,EXE_44B131A5F060,ABB,CH2641783792,2,270.0185,804.28,CHF,-217170.48,1737.3638,-215433.12,CHF,-217170.48,-215433.12,1.0,SIX,STOP_LIMIT,CANCELED,GTC,BAML,DARK
2024-03-12T11:00:05.556457Z,2024-03-14,TRD_BAFD7087CE1A,CUST_00001,CUST_00001_INVESTMENT_01,ORD_9CA3A45FA471,EXE_35318CC7B865,JPM,US6712521736,2,273.578,270.08,USD,-73887.95,369.4397,-73518.51,CHF,-73887.95,-73518.51,1.0,NYSE,STOP,NEW,GTC,CITI,BATS
2024-03-12T14:06:08.484176Z,2024-03-14,TRD_89B2707523A2,CUST_00001,CUST_00001_INVESTMENT_01,ORD_FA5CA8ECA1D6,EXE_8C7C2FBD4FB7,META,US4957373632,1,624.1221,127.63,USD,79656.7,398.2835,79258.42,CHF,79656.7,79258.42,1.0,NYSE,LIMIT,PARTIAL_FILL,DAY,MS,CHI-X
