trade_date,settlement_date,trade_id,customer_id,account_number,order_id,exec_id,symbol,isin,side,quantity,price,currency,gross_amount,commission,net_amount,base_currency,base_gross_amount,base_net_amount,fx_rate,market,order_type,exec_type,time_in_force,broker_id,venue
2025-07-07T09:44:44.431479Z,2025-07-09,TRD_0212887E32D9,CUST_00003,CUST_00003_INVESTMENT_01,ORD_56F54BAF90B0,EXE_B8F0419064EB,AZN,GB8813626233,1,427.4138,697.28,GBP,298027.09,1788.1626,296238.93,CHF,298027.09,296238.93,1.0,LSE,LIMIT,REPLACED,DAY,UBS,CROSS
2025-07-07T15:40:42.882106Z,2025-07-09,TRD_9AFE4BF46C19,CUST_00003,CUST_00003_INVESTMENT_01,ORD_954C42B67153,EXE_7874FAD618CB,MSFT,US9211642518,2,10.2918,94.54,USD,-972.99,4.8649,-968.12,CHF,-972.99,-968.12,1.0,NASDAQ,STOP_LIMIT,NEW,GTC,WF,DARK
2025-07-07T13:52:31.035816Z,2025-07-09,TRD_B809264A2EA4,CUST_00003,CUST_00003_INVESTMENT_01,ORD_6A991D4BE94F,EXE_F4872DA02897,ADBE,US4993200315,1,954.4295,117.88,USD,112508.15,562.5407,111945.61,CHF,112508.15,111945.61,1.0,NASDAQ,STOP,REPLACED,IOC,CS,SIP
2025-07-07T16:25:07.325812Z,2025-07-09,TRD_EDFD58723FB4,CUST_00003,CUST_00003_INVESTMENT_01,ORD_7FF4FF472F40,EXE_503899EC7E5A,CFR,CH2066047699,2,268.8498,851.99,CHF,-229057.34,1832.4587,-227224.88,CHF,-229057.34,-227224.88,1.0,SIX,MARKET,FILL,GTC,BAML,BLOCK
2025-07-07T15:08:19.878463Z,2025-07-09,TRD_077ACE0838A2,CUST_00003,CUST_00003_INVESTMENT_01,ORD_7FC170B29E8F,EXE_30012C6AE1C5,7203,JP1581222768,1,65.5385,4169.0,JPY,273230.01,1639.38,271590.63,CHF,273230.01,271590.63,1.0,TSE,LIMIT,NEW,FOK,CS,DARK
2025-07-07T14:24:48.803677Z,2025-07-09,TRD_26DA40053D0D,CUST_00003,CUST_00003_INVESTMENT_01,ORD_9EA48F37E104,EXE_96F08FE4D72B,LLOY,GB7586684966,2,392.6621,935.05,GBP,-367158.7,2202.9522,-364955.74,CHF,-367158.7,-364955.74,1.0,LSE,STOP,PARTIAL_FILL,IOC,GS,BLOCK
