trade_date,settlement_date,trade_id,customer_id,account_number,order_id,exec_id,symbol,isin,side,quantity,price,currency,gross_amount,commission,net_amount,base_currency,base_gross_amount,base_net_amount,fx_rate,market,order_type,exec_type,time_in_force,broker_id,venue
2024-01-02T16:09:19.603062Z,2024-01-04,TRD_6F4DFC50EDB4,CUST_00001,CUST_00001_INVESTMENT_01,ORD_AC1E42EF7C3B,EXE_C1CEEF8996A6,GOOGL,US4168841427,2,494.7707,236.19,USD,-116859.89,584.2995,-116275.59,CHF,-116859.89,-116275.59,1.0,NASDAQ,STOP_LIMIT,FILL,DAY,MS,BLOCK
2024-01-02T16:08:10.185477Z,2024-01-04,TRD_A1E47DCA88E2,CUST_00001,CUST_00001_INVESTMENT_01,ORD_60C1B3A3869C,EXE_353A0321357A,CFR,CH1528709274,2,809.4705,856.42,CHF,-693246.73,5545.9738,-687700.75,CHF,-693246.73,-687700.75,1.0,SIX,LIMIT,NEW,FOK,MS,SIP
2024-01-02T10:58:51.276585Z,2024-01-04,TRD_708D62D3251B,CUST_00001,CUST_00001_INVESTMENT_01,ORD_771B2390482E,EXE_0CB1057B026E,BT,GB2217811781,1,338.5572,265.18,GBP,89778.6,538.6716,89239.93,CHF,89778.6,89239.93,1.0,LSE,MARKET,NEW,DAY,MS,CHI-X
2024-01-02T16:17:00.750779Z,2024-01-04,TRD_EED5364FB966,CUST_00001,CUST_00001_INVESTMENT_01,ORD_516CADEC1B1E,EXE_8C491579E901,AAPL,US2780543303,2,589.8465,99.55,USD,-58719.22,293.5961,-58425.62,CHF,-58719.22,-58425.62,1.0,NYSE,MARKET,CANCELED,IOC,WF,BATS
