trade_date,settlement_date,trade_id,customer_id,account_number,order_id,exec_id,symbol,isin,side,quantity,price,currency,gross_amount,commission,net_amount,base_currency,base_gross_amount,base_net_amount,fx_rate,market,order_type,exec_type,time_in_force,broker_id,venue
2024-08-27T14:03:16.034414Z,2024-08-29,TRD_4EF5FFB7258A,CUST_00001,CUST_00001_INVESTMENT_01,ORD_F037D16158D4,EXE_3F21C2F480CD,SIE,DE3415543763,2,484.0812,78.07,EUR,-37792.22,151.1689,-37641.05,CHF,-37792.22,-37641.05,1.0,XETRA,LIMIT,REPLACED,DAY,WF,BATS
2024-08-27T14:54:05.932777Z,2024-08-29,TRD_37088531A7CF,CUST_00001,CUST_00001_INVESTMENT_01,ORD_82A628C06C1B,EXE_FEAC7D5A471F,UHR,CH8827356895,1,149.2438,412.02,CHF,61491.43,491.9314,60999.5,CHF,61491.43,60999.5,1.0,SIX,STOP,REPLACED,DAY,JPM,CROSS
2024-08-27T12:57:03.236580Z,2024-08-29,TRD_B518E4DF333E,CUST_00001,CUST_00001_INVESTMENT_01,ORD_974B9207C148,EXE_8623CAF02BC6,AMZN,US6832884098,1,454.9446,198.5,USD,90306.5,451.5325,89854.97,CHF,90306.5,89854.97,1.0,NYSE,STOP_LIMIT,CANCELED,GTC,BAML,DARK
2024-08-27T16:23:08.449592Z,2024-08-29,TRD_4994C9A3AABA,CUST_00001,CUST_00001_INVESTMENT_01,ORD_9A976B7ECDD4,EXE_86ED82970F89,ABB,CH8169495384,1,212.1886,190.39,CHF,40398.59,323.1887,40075.4,CHF,40398.59,40075.4,1.0,SIX,LIMIT,CANCELED,GTC,CS,SIP
2024-08-27T09:53:49.725282Z,2024-08-29,TRD_B877C48ABF89,CUST_00001,CUST_00001_INVESTMENT_01,ORD_12C2A94CFA22,EXE_E10474C87BF9,TSLA,US9658049084,1,338.6523,198.9,USD,67357.94,336.7897,67021.15,CHF,67357.94,67021.15,1.0,NASDAQ,LIMIT,CANCELED,GTC,WF,BATS
2024-08-27T14:08:34.164072Z,2024-08-29,TRD_AB89ECB24807,CUST_00001,CUST_00001_INVESTMENT_01,ORD_1EF10F423D27,EXE_BA93CB3EE44B,BARC,GB8129430882,2,585.1234,1553.13,GBP,-908772.71,5452.6362,-903320.07,CHF,-908772.71,-903320.07,1.0,LSE,LIMIT,FILL,IOC,GS,CROSS
