trade_date,settlement_date,trade_id,customer_id,account_number,order_id,exec_id,symbol,isin,side,quantity,price,currency,gross_amount,commission,net_amount,base_currency,base_gross_amount,base_net_amount,fx_rate,market,order_type,exec_type,time_in_force,broker_id,venue
2024-11-07T09:37:51.233352Z,2024-11-11,TRD_7C5DA95AE621,CUST_00001,CUST_00001_INVESTMENT_01,ORD_8EC8D5D08FA2,EXE_47BFC9A3C786,VOW,DE4831660920,1,386.0673,60.15,EUR,23221.95,92.8878,23129.06,CHF,23221.95,23129.06,1.0,XETRA,MARKET,FILL,FOK,TD,BLOCK
2024-11-07T14:10:47.192072Z,2024-11-11,TRD_90B7295C6E09,CUST_00001,CUST_00001_INVESTMENT_01,ORD_D01C0A574EB1,EXE_2AD6CEC69656,GSK,GB6231397495,2,941.7094,421.08,GBP,-396534.99,2379.21,-394155.78,CHF,-396534.99,-394155.78,1.0,LSE,LIMIT,NEW,GTC,CITI,CROSS
2024-11-07T10:28:51.842112Z,2024-11-11,TRD_F64F3E663BEB,CUST_00001,CUST_00001_INVESTMENT_01,ORD_EE765A95815D,EXE_BB5E6965D335,4502,JP5335007063,2,133.9213,1777.0,JPY,-237978.15,1427.8689,-236550.28,CHF,-237978.15,-236550.28,1.0,TSE,MARKET,REPLACED,IOC,TD,SIP
2024-11-07T10:30:52.131214Z,2024-11-11,TRD_E2D9D4DECEFB,CUST_00001,CUST_00001_INVESTMENT_01,ORD_B2DA4E3A44B1,EXE_13B5CFBCBF95,JPM,US3688996221,1,643.7793,231.46,USD,149009.16,745.0458,148264.11,CHF,149009.16,148264.11,1.0,NYSE,LIMIT,NEW,DAY,GS,BLOCK
2024-11-07T15:26:51.011240Z,2024-11-11,TRD_19FC8E24C978,CUST_00001,CUST_00001_INVESTMENT_01,ORD_A37F020C3D0F,EXE_A8B816663ACF,4063,JP3562735711,1,170.4556,4626.0,JPY,788527.61,4731.1656,783796.44,CHF,788527.61,783796.44,1.0,TSE,STOP_LIMIT,REPLACED,DAY,WF,BATS
2024-11-07T14:39:37.681852Z,2024-11-11,TRD_93C1E875AFE7,CUST_00001,CUST_00001_INVESTMENT_01,ORD_85490E7FF231,EXE_FC2FEF4E9618,TSLA,US1328038499,1,489.4045,136.99,USD,67043.52,335.2176,66708.3,CHF,67043.52,66708.3,1.0,NYSE,STOP,REPLACED,IOC,BAML,BLOCK
2024-11-07T12:18:41.551132Z,2024-11-11,TRD_8D0F6F389D89,CUST_00001,CUST_00001_INVESTMENT_01,ORD_F939D0247B43,EXE_7C07ECBAB8F7,RIO,GB2997618637,1,372.7452,1959.86,GBP,730528.41,4383.1704,726145.24,CHF,730528.41,726145.24,1.0,LSE,MARKET,REPLACED,IOC,WF,DARK
2024-11-07T13:58:12.083319Z,2024-11-11,TRD_22930AF81A50,CUST_00001,CUST_00001_INVESTMENT_01,ORD_D880A6E8E439,EXE_4041111742D8,ROG,CH3939852918,2,711.443,392.55,CHF,-279276.95,2234.2156,-277042.73,CHF,-279276.95,-277042.73,1.0,SIX,MARKET,CANCELED,GTC,WF,BLOCK
