trade_date,settlement_date,trade_id,customer_id,account_number,order_id,exec_id,symbol,isin,side,quantity,price,currency,gross_amount,commission,net_amount,base_currency,base_gross_amount,base_net_amount,fx_rate,market,order_type,exec_type,time_in_force,broker_id,venue
2024-12-16T10:20:53.345462Z,2024-12-18,TRD_3DA9F2087F09,CUST_00001,CUST_00001_INVESTMENT_01,ORD_FD214447EC61,EXE_38A8E92B346E,DAI,DE3628153401,1,94.7339,117.74,EUR,11153.97,44.6159,11109.35,CHF,11153.97,11109.35,1.0,XETRA,MARKET,PARTIAL_FILL,GTC,WF,SIP
2024-12-16T09:31:52.962041Z,2024-12-18,TRD_DB9D1E8E2002,CUST_00001,CUST_00001_INVESTMENT_01,ORD_D81309DE76C7,EXE_4E10BEBF0DB8,4502,JP5713972917,2,499.0552,1027.0,JPY,-512529.69,3075.1781,-509454.51,CHF,-512529.69,-509454.51,1.0,TSE,STOP_LIMIT,FILL,FOK,TD,SIP
2024-12-16T14:16:31.533828Z,2024-12-18,TRD_F8FD65C004AD,CUST_00001,CUST_00001_INVESTMENT_01,ORD_E9233BD77074,EXE_2EFDD7BE0942,GSK,GB1756757540,1,367.1644,951.46,GBP,349342.24,2096.0534,347246.19,CHF,349342.24,347246.19,1.0,LSE,STOP_LIMIT,FILL,GTC,CITI,SIP
2024-12-16T14:02:39.646687Z,2024-12-18,TRD_D55C8BE1C62A,CUST_00001,CUST_00001_INVESTMENT_01,ORD_D6736F615500,EXE_F714B4327530,BAS,DE5083470271,2,876.3836,30.31,EUR,-26563.19,106.2527,-26456.93,CHF,-26563.19,-26456.93,1.0,XETRA,STOP_LIMIT,NEW,DAY,CS,BATS
2024-12-16T10:52:42.870684Z,2024-12-18,TRD_135F82D45358,CUST_00001,CUST_00001_INVESTMENT_01,ORD_4AA691F0DB55,EXE_131D120D68C0,BMW,DE3339438327,2,207.0788,67.61,EUR,-14000.6,56.0024,-13944.6,CHF,-14000.6,-13944.6,1.0,XETRA,LIMIT,PARTIAL_FILL,DAY,CITI,CHI-X
