trade_date,settlement_date,trade_id,customer_id,account_number,order_id,exec_id,symbol,isin,side,quantity,price,currency,gross_amount,commission,net_amount,base_currency,base_gross_amount,base_net_amount,fx_rate,market,order_type,exec_type,time_in_force,broker_id,venue
2024-10-11T11:15:46.828358Z,2024-10-15,TRD_88512CF4BE5D,CUST_00001,CUST_00001_INVESTMENT_02,ORD_DA926208530A,EXE_7C386EC5548E,7203,JP2345331314,1,888.58,3058.0,JPY,2717277.64,16303.6658,2700973.97,CHF,2717277.64,2700973.97,1.0,TSE,MARKET,FILL,IOC,JPM,BATS
2024-10-11T12:35:56.643405Z,2024-10-15,TRD_C113B53FDF78,CUST_00001,CUST_00001_INVESTMENT_02,ORD_A4AD01B96452,EXE_79608ADFBBDB,MSFT,US5530243587,1,330.543,179.89,USD,59461.38,297.3069,59164.07,CHF,59461.38,59164.07,1.0,NYSE,STOP_LIMIT,CANCELED,IOC,CITI,DARK
2024-10-11T13:36:57.878776Z,2024-10-15,TRD_E7FB60C68F6E,CUST_00001,CUST_00001_INVESTMENT_02,ORD_30B72F5ABCEE,EXE_2B4FDACAA128,4502,JP8713461556,1,407.5622,1562.0,JPY,636612.16,3819.6729,632792.48,CHF,636612.16,632792.48,1.0,TSE,STOP_LIMIT,REPLACED,IOC,MS,BLOCK
2024-10-11T09:58:06.160411Z,2024-10-15,TRD_53BC10AF849E,CUST_00001,CUST_00001_INVESTMENT_02,ORD_216CB5D16D57,EXE_F9FC36B54E72,ABB,CH2417717288,2,272.83,662.28,CHF,-180689.85,1445.5188,-179244.33,CHF,-180689.85,-179244.33,1.0,SIX,STOP_LIMIT,FILL,IOC,BAML,CROSS
2024-10-11T11:34:54.801858Z,2024-10-15,TRD_61ABFD17B013,CUST_00001,CUST_00001_INVESTMENT_02,ORD_19577FA100AB,EXE_9F3F6B2A6451,AMZN,US5419613597,2,188.2575,260.24,USD,-48992.13,244.9607,-48747.17,CHF,-48992.13,-48747.17,1.0,NYSE,MARKET,REPLACED,IOC,WF,DARK
2024-10-11T15:07:50.164891Z,2024-10-15,TRD_0D0B5C525384,CUST_00001,CUST_00001_INVESTMENT_02,ORD_0AEAA0F00569,EXE_59E871555361,9984,JP1066892016,2,660.9336,2803.0,JPY,-1852596.88,11115.5813,-1841481.3,CHF,-1852596.88,-1841481.3,1.0,TSE,STOP_LIMIT,REPLACED,GTC,BAML,CROSS
