trade_date,settlement_date,trade_id,customer_id,account_number,order_id,exec_id,symbol,isin,side,quantity,price,currency,gross_amount,commission,net_amount,base_currency,base_gross_amount,base_net_amount,fx_rate,market,order_type,exec_type,time_in_force,broker_id,venue
2025-06-20T14:14:37.010834Z,2025-06-24,TRD_245D8E419F14,CUST_00001,CUST_00001_INVESTMENT_01,ORD_D19B93298875,EXE_3611BBF443D5,9984,JP4273831709,1,931.5915,4873.0,JPY,4539645.38,27237.8723,4512407.51,CHF,4539645.38,4512407.51,1.0,TSE,LIMIT,PARTIAL_FILL,FOK,TD,CROSS
2025-06-20T11:26:43.226230Z,2025-06-24,TRD_3A32D2BE765B,CUST_00001,CUST_00001_INVESTMENT_01,ORD_7E07C95DC062,EXE_996632D4DE05,NOVN,CH2815515918,2,598.7882,319.3,CHF,-191193.07,1529.5446,-189663.53,CHF,-191193.07,-189663.53,1.0,SIX,MARKET,FILL,IOC,DB,BLOCK
2025-06-20T09:00:52.815744Z,2025-06-24,TRD_4C7432842FA2,CUST_00001,CUST_00001_INVESTMENT_01,ORD_BC82EB1D1A75,EXE_448B600E0463,SAP,DE9423379045,1,292.8872,87.79,EUR,25712.57,102.8503,25609.72,CHF,25712.57,25609.72,1.0,XETRA,LIMIT,REPLACED,IOC,DB,DARK
2025-06-20T11:48:46.435604Z,2025-06-24,TRD_9FED32F58631,CUST_00001,CUST_00001_INVESTMENT_01,ORD_FECF96CE02D8,EXE_CE6DC0CC7852,TSLA,US2635990436,1,360.9838,141.57,USD,51104.48,255.5224,50848.95,CHF,51104.48,50848.95,1.0,NASDAQ,LIMIT,NEW,FOK,CITI,DARK
2025-06-20T10:20:48.637738Z,2025-06-24,TRD_082B4C34ACF8,CUST_00001,CUST_00001_INVESTMENT_01,ORD_C97120A327FD,EXE_4CC86F807E55,ZURN,CH8218620856,2,371.2062,692.53,CHF,-257071.43,2056.5714,-255014.86,CHF,-257071.43,-255014.86,1.0,SIX,STOP,NEW,IOC,BAML,CHI-X
2025-06-20T10:04:27.654191Z,2025-06-24,TRD_FE6C7AF3F1D3,CUST_00001,CUST_00001_INVESTMENT_01,ORD_543E3B9324C1,EXE_B32179C2113F,6758,JP4773813430,2,841.7508,2016.0,JPY,-1696969.61,10181.8177,-1686787.8,CHF,-1696969.61,-1686787.8,1.0,TSE,MARKET,REPLACED,IOC,JPM,SIP
