trade_date,settlement_date,trade_id,customer_id,account_number,order_id,exec_id,symbol,isin,side,quantity,price,currency,gross_amount,commission,net_amount,base_currency,base_gross_amount,base_net_amount,fx_rate,market,order_type,exec_type,time_in_force,broker_id,venue
2024-02-27T12:20:52.206849Z,2024-02-29,TRD_B47D6736062B,CUST_00001,CUST_00001_INVESTMENT_01,ORD_F8330CBAFAA8,EXE_4B0CD49D96D0,GSK,GB4782734778,1,401.4052,233.49,GBP,93724.1,562.3446,93161.76,CHF,93724.1,93161.76,1.0,LSE,MARKET,REPLACED,DAY,GS,CHI-X
2024-02-27T10:29:15.731356Z,2024-02-29,TRD_50432515658C,CUST_00001,CUST_00001_INVESTMENT_01,ORD_0962D041B192,EXE_65D6171E366B,TSLA,US3875474214,1,62.0171,149.77,USD,9288.3,46.4415,9241.86,CHF,9288.3,9241.86,1.0,NYSE,LIMIT,NEW,FOK,MS,CHI-X
2024-02-27T16:39:47.831563Z,2024-02-29,TRD_40AA0206AE67,CUST_00001,CUST_00001_INVESTMENT_01,ORD_28700B01637F,EXE_040AFE89734E,9433,JP6077024127,2,445.2581,1669.0,JPY,-743135.77,4458.8146,-738676.95,CHF,-743135.77,-738676.95,1.0,TSE,MARKET,CANCELED,IOC,WF,BATS
2024-02-27T09:55:59.929803Z,2024-02-29,TRD_1CAE5D013673,CUST_00001,CUST_00001_INVESTMENT_01,ORD_E5C58E957628,EXE_6EE54B8DC8F5,BAS,DE4332063042,1,367.2247,36.58,EUR,13433.08,53.7323,13379.35,CHF,13433.08,13379.35,1.0,XETRA,LIMIT,CANCELED,IOC,WF,BLOCK
2024-02-27T11:44:15.831371Z,2024-02-29,TRD_5E54445804D3,CUST_00001,CUST_00001_INVESTMENT_01,ORD_B07068232A54,EXE_4013367EE335,ROG,CH8536302259,1,820.7096,575.96,CHF,472695.9,3781.5672,468914.33,CHF,472695.9,468914.33,1.0,SIX,STOP,CANCELED,IOC,JPM,BLOCK
2024-02-27T11:35:22.182410Z,2024-02-29,TRD_EC4D44D17E7C,CUST_00001,CUST_00001_INVESTMENT_01,ORD_8130DD1B3399,EXE_BABE7CBE9E76,CSCO,US7410162611,2,490.0107,205.73,USD,-100809.9,504.0495,-100305.85,CHF,-100809.9,-100305.85,1.0,NASDAQ,STOP,FILL,IOC,WF,CROSS
