trade_date,settlement_date,trade_id,customer_id,account_number,order_id,exec_id,symbol,isin,side,quantity,price,currency,gross_amount,commission,net_amount,base_currency,base_gross_amount,base_net_amount,fx_rate,market,order_type,exec_type,time_in_force,broker_id,venue
2025-03-31T11:31:04.543221Z,2025-04-02,TRD_F0ABCA4C58CD,CUST_00001,CUST_00001_INVESTMENT_01,ORD_6E89ECD6819F,EXE_B422B2B5738B,META,US6438592214,2,116.4816,245.43,USD,-28588.08,142.9404,-28445.14,CHF,-28588.08,-28445.14,1.0,NASDAQ,LIMIT,CANCELED,FOK,JPM,BATS
2025-03-31T15:08:05.838812Z,2025-04-02,TRD_93684018D4BB,CUST_00001,CUST_00001_INVESTMENT_01,ORD_C3703A095659,EXE_C5CE0FE2561E,ALV,DE1913740535,1,400.3246,51.98,EUR,20808.87,83.2355,20725.64,CHF,20808.87,20725.64,1.0,XETRA,STOP,CANCELED,FOK,GS,DARK
2025-03-31T11:39:29.770233Z,2025-04-02,TRD_231B6DC11801,CUST_00001,CUST_00001_INVESTMENT_01,ORD_C91D97DD600A,EXE_9F93A78E283C,BT,GB6785401945,2,642.4624,1896.43,GBP,-1218384.97,7310.3098,-1211074.66,CHF,-1218384.97,-1211074.66,1.0,LSE,LIMIT,FILL,DAY,TD,BLOCK
2025-03-31T15:27:48.679878Z,2025-04-02,TRD_C72C1CE9D445,CUST_00001,CUST_00001_INVESTMENT_01,ORD_FEAA82BC892C,EXE_8D61E0C31072,NVDA,US3664719813,1,229.2332,142.31,USD,32622.18,163.1109,32459.07,CHF,32622.18,32459.07,1.0,NASDAQ,MARKET,REPLACED,GTC,CITI,DARK
