trade_date,settlement_date,trade_id,customer_id,account_number,order_id,exec_id,symbol,isin,side,quantity,price,currency,gross_amount,commission,net_amount,base_currency,base_gross_amount,base_net_amount,fx_rate,market,order_type,exec_type,time_in_force,broker_id,venue
2024-12-10T14:47:28.244392Z,2024-12-12,TRD_5AE46BAEBF3E,CUST_00001,CUST_00001_INVESTMENT_01,ORD_C331A5B26B2C,EXE_C5025C5A3E5E,8306,JP4428265519,1,408.5501,2203.0,JPY,900035.87,5400.2152,894635.66,CHF,900035.87,894635.66,1.0,TSE,STOP_LIMIT,NEW,DAY,CS,CROSS
2024-12-10T13:58:27.101960Z,2024-12-12,TRD_5D28B61B9558,CUST_00001,CUST_00001_INVESTMENT_01,ORD_5167AC832070,EXE_6FE5F018F2C0,NVDA,US3872393351,1,586.6273,87.58,USD,51376.82,256.8841,51119.93,CHF,51376.82,51119.93,1.0,NYSE,STOP,FILL,DAY,CS,CHI-X
2024-12-10T13:29:50.106999Z,2024-12-12,TRD_E5E3762E67F3,CUST_00001,CUST_00001_INVESTMENT_01,ORD_DAEF465CF770,EXE_4D0778024222,AMZN,US9597128514,1,657.6707,56.38,USD,37079.47,185.3974,36894.08,CHF,37079.47,36894.08,1.0,NYSE,STOP_LIMIT,NEW,FOK,UBS,DARK
2024-12-10T09:05:29.180880Z,2024-12-12,TRD_5C0F43ACFB44,CUST_00001,CUST_00001_INVESTMENT_01,ORD_21FE19964740,EXE_280611495CBF,LLOY,GB2740469769,1,982.1005,1732.9,GBP,1701881.96,10211.2917,1691670.66,CHF,1701881.96,1691670.66,1.0,LSE,STOP,CANCELED,GTC,TD,BATS
2024-12-10T09:58:10.437947Z,2024-12-12,TRD_5116068DE2AF,CUST_00001,CUST_00001_INVESTMENT_01,ORD_D641FD6D3491,EXE_B95A6E498CD0,DTE,DE1956473964,2,196.4595,63.5,EUR,-12475.18,49.9007,-12425.28,CHF,-12475.18,-12425.28,1.0,XETRA,MARKET,NEW,DAY,DB,CHI-X
