trade_date,settlement_date,trade_id,customer_id,account_number,order_id,exec_id,symbol,isin,side,quantity,price,currency,gross_amount,commission,net_amount,base_currency,base_gross_amount,base_net_amount,fx_rate,market,order_type,exec_type,time_in_force,broker_id,venue
2024-10-14T09:36:52.280795Z,2024-10-16,TRD_FD188136AFBA,CUST_00001,CUST_00001_INVESTMENT_01,ORD_BE2FAA935A78,EXE_E8C2FFD4EB52,ALV,DE1885309293,2,940.7889,148.17,EUR,-139396.69,557.5868,-138839.1,CHF,-139396.69,-138839.1,1.0,XETRA,STOP,REPLACED,DAY,BAML,DARK
2024-10-14T12:15:51.575981Z,2024-10-16,TRD_0280504399BB,CUST_00001,CUST_00001_INVESTMENT_01,ORD_6D6D30CDAFAC,EXE_3273EEE4F22D,GIVN,CH6970141218,2,601.233,188.77,CHF,-113494.75,907.958,-112586.8,CHF,-113494.75,-112586.8,1.0,SIX,STOP,REPLACED,GTC,GS,SIP
2024-10-14T09:37:24.122503Z,2024-10-16,TRD_A59C123F20F1,CUST_00001,CUST_00001_INVESTMENT_01,ORD_506A30089A5A,EXE_7427A3024D95,8316,JP2033695170,1,133.8545,4123.0,JPY,551882.1,3311.2926,548570.81,CHF,551882.1,548570.81,1.0,TSE,STOP_LIMIT,FILL,FOK,UBS,CHI-X
2024-10-14T16:02:58.558879Z,2024-10-16,TRD_6AE8CEF6EC82,CUST_00001,CUST_00001_INVESTMENT_01,ORD_7A8635C02D24,EXE_6137EB2DC6C2,CFR,CH6076237299,2,972.5703,682.68,CHF,-663954.29,5311.6343,-658642.66,CHF,-663954.29,-658642.66,1.0,SIX,LIMIT,FILL,IOC,CS,DARK
