trade_date,settlement_date,trade_id,customer_id,account_number,order_id,exec_id,symbol,isin,side,quantity,price,currency,gross_amount,commission,net_amount,base_currency,base_gross_amount,base_net_amount,fx_rate,market,order_type,exec_type,time_in_force,broker_id,venue
2023-10-11T09:46:47.032135Z,2023-10-13,TRD_02A8F03A1CAD,CUST_00001,CUST_00001_INVESTMENT_01,ORD_5880E85C5B92,EXE_72996909545E,ADBE,US3691125336,2,844.5669,231.54,USD,-195551.02,977.7551,-194573.26,CHF,-195551.02,-194573.26,1.0,NASDAQ,STOP,FILL,GTC,CS,CROSS
2023-10-11T12:10:25.942753Z,2023-10-13,TRD_75186EC876DA,CUST_00001,CUST_00001_INVESTMENT_01,ORD_905902A1588C,EXE_44E30B7CF5A6,UBSG,CH7647635874,1,13.9887,308.17,CHF,4310.9,34.4872,4276.41,CHF,4310.9,4276.41,1.0,SIX,STOP,CANCELED,FOK,DB,BLOCK
2023-10-11T09:28:25.649784Z,2023-10-13,TRD_567DEC8E2B76,CUST_00001,CUST_00001_INVESTMENT_01,ORD_033F68F74FAF,EXE_68E189482B9D,ZURN,CH6722087172,2,368.1677,563.81,CHF,-207576.63,1660.613,-205916.02,CHF,-207576.63,-205916.02,1.0,SIX,LIMIT,PARTIAL_FILL,IOC,BAML,CHI-X
2023-10-11T10:47:04.631373Z,2023-10-13,TRD_99F8F18145C3,CUST_00001,CUST_00001_INVESTMENT_01,ORD_17AD8B4B4D57,EXE_212C6BA94F27,7203,JP3876442856,1,850.527,4317.0,JPY,3671725.06,22030.3504,3649694.71,CHF,3671725.06,3649694.71,1.0,TSE,MARKET,PARTIAL_FILL,GTC,MS,CHI-X
