trade_date,settlement_date,trade_id,customer_id,account_number,order_id,exec_id,symbol,isin,side,quantity,price,currency,gross_amount,commission,net_amount,base_currency,base_gross_amount,base_net_amount,fx_rate,market,order_type,exec_type,time_in_force,broker_id,venue
2024-05-10T11:29:57.413190Z,2024-05-14,TRD_05EAE89CBCCA,CUST_00001,CUST_00001_INVESTMENT_01,ORD_6300C2EB0E77,EXE_890C267F78AA,UHR,CH5218062230,1,117.492,204.7,CHF,24050.61,192.4049,23858.21,CHF,24050.61,23858.21,1.0,SIX,MARKET,CANCELED,FOK,BAML,BLOCK
2024-05-10T15:28:19.404939Z,2024-05-14,TRD_B4D535663B47,CUST_00001,CUST_00001_INVESTMENT_01,ORD_81B1423E4D6B,EXE_70C23259579E,JNJ,US9966103787,2,883.6754,176.99,USD,-156401.71,782.0085,-155619.7,CHF,-156401.71,-155619.7,1.0,NYSE,STOP_LIMIT,NEW,IOC,GS,DARK
2024-05-10T15:23:38.864710Z,2024-05-14,TRD_CE9C0BC2C3A5,CUST_00001,CUST_00001_INVESTMENT_01,ORD_D4076EDB2F3C,EXE_2896826EE899,MUV2,DE3679592620,2,891.7933,64.87,EUR,-57850.63,231.4025,-57619.23,CHF,-57850.63,-57619.23,1.0,XETRA,MARKET,PARTIAL_FILL,GTC,JPM,CROSS
2024-05-10T09:12:44.659777Z,2024-05-14,TRD_3221F782CA0D,CUST_00001,CUST_00001_INVESTMENT_01,ORD_D5D10E4B1047,EXE_559767A22F67,MUV2,DE9385770033,1,271.8342,116.59,EUR,31693.15,126.7726,31566.38,CHF,31693.15,31566.38,1.0,XETRA,STOP_LIMIT,PARTIAL_FILL,GTC,GS,BLOCK
2024-05-10T09:16:05.224620Z,2024-05-14,TRD_A7AD2D99D7B4,CUST_00001,CUST_00001_INVESTMENT_01,ORD_37B07AB22712,EXE_9DA4E78BF41C,UHR,CH2922188843,1,563.3073,620.67,CHF,349627.94,2797.0235,346830.92,CHF,349627.94,346830.92,1.0,SIX,STOP_LIMIT,CANCELED,IOC,UBS,CHI-X
2024-05-10T11:02:51.518092Z,2024-05-14,TRD_7738EBA41B9C,CUST_00001,CUST_00001_INVESTMENT_01,ORD_19B23CF17B17,EXE_16802EC9186B,BP,GB9010936612,1,894.0573,1636.16,GBP,1462820.79,8776.9248,1454043.87,CHF,1462820.79,1454043.87,1.0,LSE,MARKET,FILL,FOK,TD,SIP
