trade_date,settlement_date,trade_id,customer_id,account_number,order_id,exec_id,symbol,isin,side,quantity,price,currency,gross_amount,commission,net_amount,base_currency,base_gross_amount,base_net_amount,fx_rate,market,order_type,exec_type,time_in_force,broker_id,venue
2025-01-07T14:10:25.814944Z,2025-01-09,TRD_ED0338D01D6F,CUST_00001,CUST_00001_INVESTMENT_01,ORD_551D8F01C9DA,EXE_0CD9923A5285,9984,JP6340565482,2,892.8287,1446.0,JPY,-1291030.3,7746.1818,-1283284.12,CHF,-1291030.3,-1283284.12,1.0,TSE,STOP,NEW,IOC,BAML,CHI-X
2025-01-07T15:21:16.737489Z,2025-01-09,TRD_0DBAA8410543,CUST_00001,CUST_00001_INVESTMENT_01,ORD_7C91EF30709B,EXE_ED291FC43AC5,9433,JP8969589662,2,770.8982,2008.0,JPY,-1547963.59,9287.7815,-1538675.8,CHF,-1547963.59,-1538675.8,1.0,TSE,STOP_LIMIT,PARTIAL_FILL,GTC,CITI,CROSS
2025-01-07T15:22:51.731295Z,2025-01-09,TRD_C85E544E86B3,CUST_00001,CUST_00001_INVESTMENT_01,ORD_955325666605,EXE_7263EC85F867,BAS,DE7319885009,2,641.3485,82.31,EUR,-52789.4,211.1576,-52578.24,CHF,-52789.4,-52578.24,1.0,XETRA,STOP,REPLACED,DAY,BAML,DARK
2025-01-07T11:28:28.557461Z,2025-01-09,TRD_74D5644E9283,CUST_00001,CUST_00001_INVESTMENT_01,ORD_0005BB2B5BE0,EXE_4CDB13421739,MUV2,DE8187150264,2,46.2141,21.74,EUR,-1004.69,4.0188,-1000.68,CHF,-1004.69,-1000.68,1.0,XETRA,LIMIT,FILL,GTC,GS,DARK
2025-01-07T09:49:26.046421Z,2025-01-09,TRD_F9F8CEA9046A,CUST_00001,CUST_00001_INVESTMENT_01,ORD_EC6C727F477E,EXE_A0388D585E93,TSLA,US9559792886,2,608.1884,159.04,USD,-96726.28,483.6314,-96242.65,CHF,-96726.28,-96242.65,1.0,NASDAQ,LIMIT,PARTIAL_FILL,IOC,TD,BLOCK
