trade_date,settlement_date,trade_id,customer_id,account_number,order_id,exec_id,symbol,isin,side,quantity,price,currency,gross_amount,commission,net_amount,base_currency,base_gross_amount,base_net_amount,fx_rate,market,order_type,exec_type,time_in_force,broker_id,venue
2023-10-09T14:25:31.202610Z,2023-10-11,TRD_A5DCBC314486,CUST_00001,CUST_00001_INVESTMENT_01,ORD_0D879F46339A,EXE_3CC61C7DF58E,SHEL,GB7394874282,1,17.3905,694.92,GBP,12085.01,72.51,12012.5,CHF,12085.01,12012.5,1.0,LSE,MARKET,REPLACED,GTC,MS,BLOCK
2023-10-09T16:30:58.690727Z,2023-10-11,TRD_ED7CB2A6EA4F,CUST_00001,CUST_00001_INVESTMENT_01,ORD_28185A2DD2D5,EXE_68C47F270426,UBSG,CH9740167407,1,75.3455,339.28,CHF,25563.22,204.5058,25358.72,CHF,25563.22,25358.72,1.0,SIX,STOP,PARTIAL_FILL,FOK,TD,DARK
2023-10-09T16:08:35.053325Z,2023-10-11,TRD_D4F34CA82087,CUST_00001,CUST_00001_INVESTMENT_01,ORD_8E6302A85EC1,EXE_C045E4E343FE,META,US4144261113,1,277.563,143.43,USD,39810.86,199.0543,39611.81,CHF,39810.86,39611.81,1.0,NASDAQ,STOP,CANCELED,IOC,CITI,CHI-X
2023-10-09T10:38:56.290251Z,2023-10-11,TRD_B00BE9D4C7C1,CUST_00001,CUST_00001_INVESTMENT_01,ORD_07FE0EBE6812,EXE_7C0FAC72A91B,TSLA,US1988109228,2,254.0612,238.73,USD,-60652.03,303.2602,-60348.77,CHF,-60652.03,-60348.77,1.0,NYSE,MARKET,PARTIAL_FILL,DAY,BAML,DARK
