trade_date,settlement_date,trade_id,customer_id,account_number,order_id,exec_id,symbol,isin,side,quantity,price,currency,gross_amount,commission,net_amount,base_currency,base_gross_amount,base_net_amount,fx_rate,market,order_type,exec_type,time_in_force,broker_id,venue
2024-12-12T12:50:10.842651Z,2024-12-16,TRD_A75A4706F2A9,CUST_00001,CUST_00001_INVESTMENT_01,ORD_BD8149CADEA2,EXE_8B5A3F4E6C06,VOW,DE4712221852,2,181.846,85.02,EUR,-15460.55,61.8422,-15398.7,CHF,-15460.55,-15398.7,1.0,XETRA,MARKET,REPLACED,IOC,GS,CHI-X
2024-12-12T16:38:46.383914Z,2024-12-16,TRD_D5DE85046075,CUST_00001,CUST_00001_INVESTMENT_01,ORD_14EBB2F8B3DB,EXE_C5697B4CB9EF,AAPL,US1064093256,2,597.5747,65.49,USD,-39135.17,195.6758,-38939.49,CHF,-39135.17,-38939.49,1.0,NASDAQ,STOP,REPLACED,GTC,TD,DARK
2024-12-12T12:48:47.166099Z,2024-12-16,TRD_66D0BEA668A9,CUST_00001,CUST_00001_INVESTMENT_01,ORD_9BCAF9BC2931,EXE_A5E92BF2CE0F,CS,CH4624238030,1,138.5795,532.55,CHF,73800.51,590.4041,73210.11,CHF,73800.51,73210.11,1.0,SIX,STOP_LIMIT,REPLACED,GTC,DB,BLOCK
2024-12-12T14:12:55.474104Z,2024-12-16,TRD_EA7D13B72436,CUST_00001,CUST_00001_INVESTMENT_01,ORD_7234AE7E7D9E,EXE_79740AC74978,HSBA,GB4880101800,1,201.228,708.69,GBP,142608.27,855.6496,141752.62,CHF,142608.27,141752.62,1.0,LSE,LIMIT,PARTIAL_FILL,GTC,CS,CHI-X
