trade_date,settlement_date,trade_id,customer_id,account_number,order_id,exec_id,symbol,isin,side,quantity,price,currency,gross_amount,commission,net_amount,base_currency,base_gross_amount,base_net_amount,fx_rate,market,order_type,exec_type,time_in_force,broker_id,venue
2024-10-16T15:21:39.594078Z,2024-10-18,TRD_04901B71DF9A,CUST_00001,CUST_00001_INVESTMENT_01,ORD_29E6C0EF242A,EXE_20DFF65AFA9D,9984,JP3473901286,1,932.8745,3852.0,JPY,3593432.57,21560.5954,3571871.98,CHF,3593432.57,3571871.98,1.0,TSE,STOP,PARTIAL_FILL,IOC,TD,BATS
2024-10-16T15:40:37.497751Z,2024-10-18,TRD_5DA7881198EE,CUST_00001,CUST_00001_INVESTMENT_01,ORD_438DFDE582EF,EXE_3794E51EDE8B,BMW,DE5162041240,1,575.7672,30.24,EUR,17411.2,69.6448,17341.56,CHF,17411.2,17341.56,1.0,XETRA,STOP,NEW,GTC,WF,SIP
2024-10-16T11:24:09.218322Z,2024-10-18,TRD_2DFF881053F0,CUST_00001,CUST_00001_INVESTMENT_01,ORD_FEF92B1119D7,EXE_5A7F0FA2EA56,TSLA,US4421688026,1,810.9446,181.24,USD,146975.6,734.878,146240.72,CHF,146975.6,146240.72,1.0,NASDAQ,MARKET,NEW,GTC,GS,SIP
2024-10-16T16:19:17.351694Z,2024-10-18,TRD_BFB014AA3AAC,CUST_00001,CUST_00001_INVESTMENT_01,ORD_279CCB6E34C0,EXE_2CF4E4FC6FA6,6861,JP9578572096,2,908.1754,2327.0,JPY,-2113324.16,12679.9449,-2100644.21,CHF,-2113324.16,-2100644.21,1.0,TSE,STOP_LIMIT,CANCELED,FOK,CS,CROSS
2024-10-16T13:29:41.618469Z,2024-10-18,TRD_BF498E5F7708,CUST_00001,CUST_00001_INVESTMENT_01,ORD_63661EF1240A,EXE_5B8BACEF35D4,ABB,CH3117875140,2,334.0606,162.47,CHF,-54274.83,434.1986,-53840.63,CHF,-54274.83,-53840.63,1.0,SIX,STOP_LIMIT,FILL,FOK,JPM,CROSS
2024-10-16T14:04:05.792338Z,2024-10-18,TRD_F470E721DEEC,CUST_00001,CUST_00001_INVESTMENT_01,ORD_B7368A169AD6,EXE_53993AFD5EFA,8306,JP8587060721,2,276.7311,4897.0,JPY,-1355152.2,8130.9132,-1347021.28,CHF,-1355152.2,-1347021.28,1.0,TSE,LIMIT,NEW,DAY,TD,CROSS
2024-10-16T15:34:37.275966Z,2024-10-18,TRD_9138948BB3B3,CUST_00001,CUST_00001_INVESTMENT_01,ORD_573962B9D86D,EXE_C33F0E5BFA28,AMZN,US2220723977,1,910.3106,185.46,USD,168826.2,844.131,167982.07,CHF,168826.2,167982.07,1.0,NASDAQ,STOP,REPLACED,IOC,GS,DARK
2024-10-16T13:43:58.201837Z,2024-10-18,TRD_DBF7C5D71B64,CUST_00001,CUST_00001_INVESTMENT_01,ORD_E3EF1A0B0863,EXE_5931FBEEA079,BARC,GB5173125711,1,441.8139,1173.43,GBP,518437.68,3110.6261,515327.06,CHF,518437.68,515327.06,1.0,LSE,MARKET,NEW,FOK,CS,CHI-X
