trade_date,settlement_date,trade_id,customer_id,account_number,order_id,exec_id,symbol,isin,side,quantity,price,currency,gross_amount,commission,net_amount,base_currency,base_gross_amount,base_net_amount,fx_rate,market,order_type,exec_type,time_in_force,broker_id,venue
2025-01-16T15:48:34.004473Z,2025-01-20,TRD_9B1537942F20,CUST_00001,CUST_00001_INVESTMENT_02,ORD_0B3740595FDA,EXE_D4C577E5788D,META,US7087573958,1,131.6864,162.09,USD,21345.05,106.7252,21238.32,CHF,21345.05,21238.32,1.0,NYSE,STOP_LIMIT,CANCELED,IOC,CS,BLOCK
2025-01-16T14:52:56.910228Z,2025-01-20,TRD_A6CA8A04FF86,CUST_00001,CUST_00001_INVESTMENT_02,ORD_627B01E1AC07,EXE_B9EDA3F67155,4502,JP2459921141,2,228.342,4076.0,JPY,-930721.99,5584.332,-925137.66,CHF,-930721.99,-925137.66,1.0,TSE,STOP_LIMIT,NEW,GTC,UBS,SIP
2025-01-16T09:59:43.382979Z,2025-01-20,TRD_DDC0C9039FC1,CUST_00001,CUST_00001_INVESTMENT_02,ORD_53798C5F9D25,EXE_688DE1DF1EE5,TSLA,US7897654275,2,231.0744,273.77,USD,-63261.24,316.3062,-62944.93,CHF,-63261.24,-62944.93,1.0,NASDAQ,LIMIT,PARTIAL_FILL,DAY,UBS,SIP
2025-01-16T13:01:21.872859Z,2025-01-20,TRD_EED2609DF207,CUST_00001,CUST_00001_INVESTMENT_02,ORD_F9E30953DA08,EXE_5D2C50FCF38F,4502,JP7820693853,2,317.9139,4856.0,JPY,-1543789.9,9262.7394,-1534527.16,CHF,-1543789.9,-1534527.16,1.0,TSE,STOP_LIMIT,CANCELED,DAY,CITI,BATS
