trade_date,settlement_date,trade_id,customer_id,account_number,order_id,exec_id,symbol,isin,side,quantity,price,currency,gross_amount,commission,net_amount,base_currency,base_gross_amount,base_net_amount,fx_rate,market,order_type,exec_type,time_in_force,broker_id,venue
2024-09-27T15:16:13.211050Z,2024-10-01,TRD_7C8DFA5B57C0,CUST_00001,CUST_00001_INVESTMENT_01,ORD_B8BD82B95A1A,EXE_EB2BC5E72DDA,BT,GB8973201880,2,417.1281,1453.15,GBP,-606149.7,3636.8982,-602512.8,CHF,-606149.7,-602512.8,1.0,LSE,STOP,REPLACED,IOC,BAML,BATS
2024-09-27T14:37:38.927128Z,2024-10-01,TRD_A0BCEC1102F4,CUST_00001,CUST_00001_INVESTMENT_01,ORD_3B1E409785D8,EXE_5B3E685255A3,CSCO,US1777346804,1,543.5088,99.58,USD,54122.61,270.613,53851.99,CHF,54122.61,53851.99,1.0,NASDAQ,LIMIT,NEW,GTC,CITI,SIP
2024-09-27T16:29:10.481715Z,2024-10-01,TRD_F5042EE30FA8,CUST_00001,CUST_00001_INVESTMENT_01,ORD_F110A29B8D80,EXE_6CFA427C2927,AMZN,US2156242520,2,746.6333,250.03,USD,-186680.72,933.4036,-185747.32,CHF,-186680.72,-185747.32,1.0,NASDAQ,LIMIT,CANCELED,IOC,BAML,DARK
2024-09-27T16:46:31.193126Z,2024-10-01,TRD_BFEAC5EE0C53,CUST_00001,CUST_00001_INVESTMENT_01,ORD_8472FB8202C4,EXE_6245689AF07D,9433,JP4323491055,2,160.8626,3755.0,JPY,-604039.06,3624.2344,-600414.83,CHF,-604039.06,-600414.83,1.0,TSE,STOP_LIMIT,REPLACED,IOC,MS,CHI-X
2024-09-27T10:24:11.822501Z,2024-10-01,TRD_1F0D816D7CC1,CUST_00001,CUST_00001_INVESTMENT_01,ORD_0650C421A9F1,EXE_600BAF423412,HSBA,GB4798317659,1,463.6142,584.98,GBP,271205.03,1627.2302,269577.8,CHF,271205.03,269577.8,1.0,LSE,STOP,FILL,GTC,JPM,CROSS
2024-09-27T10:10:06.482701Z,2024-10-01,TRD_34B053CE1635,CUST_00001,CUST_00001_INVESTMENT_01,ORD_10BACDB7CCF8,EXE_725AA5CBACAA,LLOY,GB4146639995,2,642.924,1877.3,GBP,-1206961.23,7241.7674,-1199719.46,CHF,-1206961.23,-1199719.46,1.0,LSE,LIMIT,PARTIAL_FILL,IOC,CS,BLOCK
2024-09-27T12:29:55.527041Z,2024-10-01,TRD_1B4F0AF05DBC,CUST_00001,CUST_00001_INVESTMENT_01,ORD_457BD83B01DE,EXE_9F312595A526,7203,JP6491105953,1,163.2781,2267.0,JPY,370151.45,2220.9087,367930.54,CHF,370151.45,367930.54,1.0,TSE,MARKET,REPLACED,IOC,BAML,DARK
2024-09-27T14:46:26.536770Z,2024-10-01,TRD_1EA24C638A25,CUST_00001,CUST_00001_INVESTMENT_01,ORD_6E1BCF095F9A,EXE_A0D8AE1F1749,IFX,DE2299095910,2,645.5444,42.61,EUR,-27506.65,110.0266,-27396.62,CHF,-27506.65,-27396.62,1.0,XETRA,STOP_LIMIT,PARTIAL_FILL,FOK,TD,DARK
