trade_date,settlement_date,trade_id,customer_id,account_number,order_id,exec_id,symbol,isin,side,quantity,price,currency,gross_amount,commission,net_amount,base_currency,base_gross_amount,base_net_amount,fx_rate,market,order_type,exec_type,time_in_force,broker_id,venue
2024-01-25T10:58:05.744591Z,2024-01-29,TRD_4C3CA7AA05E8,CUST_00001,CUST_00001_INVESTMENT_01,ORD_9E2F9F0BE783,EXE_FF8B4DA7222C,TSLA,US1825245680,2,811.64,68.77,USD,-55816.48,279.0824,-55537.4,CHF,-55816.48,-55537.4,1.0,NASDAQ,LIMIT,REPLACED,FOK,CS,SIP
2024-01-25T15:15:58.268398Z,2024-01-29,TRD_5D4B78ECB7E3,CUST_00001,CUST_00001_INVESTMENT_01,ORD_8E6E41F69F25,EXE_1A10E2BC8F5E,AAPL,US3080777311,2,303.4875,163.2,USD,-49529.16,247.6458,-49281.51,CHF,-49529.16,-49281.51,1.0,NASDAQ,STOP,PARTIAL_FILL,IOC,TD,CHI-X
2024-01-25T14:12:19.288096Z,2024-01-29,TRD_05278310D306,CUST_00001,CUST_00001_INVESTMENT_01,ORD_90A555E0F0D2,EXE_0FF95B9633F8,GSK,GB3520505232,2,292.1492,526.78,GBP,-153898.36,923.3901,-152974.97,CHF,-153898.36,-152974.97,1.0,LSE,STOP,CANCELED,DAY,WF,CROSS
2024-01-25T11:58:18.892503Z,2024-01-29,TRD_688B2A6B86AD,CUST_00001,CUST_00001_INVESTMENT_01,ORD_E258B67D79A1,EXE_4E37836126A0,7203,JP5239803587,2,257.8925,2722.0,JPY,-701983.39,4211.9003,-697771.48,CHF,-701983.39,-697771.48,1.0,TSE,MARKET,REPLACED,IOC,UBS,DARK
2024-01-25T09:18:38.705241Z,2024-01-29,TRD_896F4BD54468,CUST_00001,CUST_00001_INVESTMENT_01,ORD_8DD60BC62BAC,EXE_C012B08C4344,AMZN,US7486210270,1,868.6671,260.71,USD,226470.2,1132.351,225337.85,CHF,226470.2,225337.85,1.0,NASDAQ,STOP,PARTIAL_FILL,FOK,JPM,BATS
