trade_date,settlement_date,trade_id,customer_id,account_number,order_id,exec_id,symbol,isin,side,quantity,price,currency,gross_amount,commission,net_amount,base_currency,base_gross_amount,base_net_amount,fx_rate,market,order_type,exec_type,time_in_force,broker_id,venue
2025-08-25T11:20:12.993205Z,2025-08-27,TRD_FFA9CEC52A1F,CUST_00001,CUST_00001_INVESTMENT_01,ORD_691E9912C251,EXE_E4CE5027EA07,7267,JP5411186419,2,741.9132,4156.0,JPY,-3083391.26,18500.3476,-3064890.91,CHF,-3083391.26,-3064890.91,1.0,TSE,STOP_LIMIT,NEW,FOK,TD,CHI-X
2025-08-25T09:04:23.998880Z,2025-08-27,TRD_98A4F0080FDE,CUST_00001,CUST_00001_INVESTMENT_01,ORD_A391B6AF059F,EXE_A8BEFF0FD7C9,DAI,DE9613084095,2,240.2763,139.59,EUR,-33540.17,134.1607,-33406.01,CHF,-33540.17,-33406.01,1.0,XETRA,STOP,REPLACED,FOK,MS,DARK
2025-08-25T13:40:14.683382Z,2025-08-27,TRD_F7C0A43623F7,CUST_00001,CUST_00001_INVESTMENT_01,ORD_28E4437502D9,EXE_5FA349B8353F,ADBE,US3634920511,1,932.3572,112.56,USD,104946.13,524.7306,104421.4,CHF,104946.13,104421.4,1.0,NASDAQ,LIMIT,NEW,FOK,TD,SIP
2025-08-25T09:33:15.590461Z,2025-08-27,TRD_3847CC7C40C3,CUST_00001,CUST_00001_INVESTMENT_01,ORD_42B4FA537488,EXE_2456BD680DE8,MSFT,US8952685124,1,770.9278,289.59,USD,223252.98,1116.2649,222136.72,CHF,223252.98,222136.72,1.0,NASDAQ,LIMIT,FILL,DAY,TD,CROSS
2025-08-25T10:20:54.045444Z,2025-08-27,TRD_94A85C81719C,CUST_00001,CUST_00001_INVESTMENT_01,ORD_19405E3EDCA0,EXE_AD7644BA7340,4063,JP5991208233,1,871.5602,4558.0,JPY,3972571.39,23835.4283,3948735.96,CHF,3972571.39,3948735.96,1.0,TSE,LIMIT,NEW,GTC,DB,DARK
2025-08-25T14:53:01.839356Z,2025-08-27,TRD_5F0A277D0D41,CUST_00001,CUST_00001_INVESTMENT_01,ORD_45530488DA21,EXE_DC07B7489FBA,7267,JP7162029383,2,84.3635,2785.0,JPY,-234952.35,1409.7141,-233542.63,CHF,-234952.35,-233542.63,1.0,TSE,STOP,CANCELED,FOK,BAML,CROSS
