trade_date,settlement_date,trade_id,customer_id,account_number,order_id,exec_id,symbol,isin,side,quantity,price,currency,gross_amount,commission,net_amount,base_currency,base_gross_amount,base_net_amount,fx_rate,market,order_type,exec_type,time_in_force,broker_id,venue
2024-02-02T11:53:14.684070Z,2024-02-06,TRD_E909CE473B25,CUST_00001,CUST_00001_INVESTMENT_01,ORD_9B4008197CD1,EXE_F9066DA7A76D,7267,JP3146489588,2,87.8372,3867.0,JPY,-339666.45,2037.9987,-337628.45,CHF,-339666.45,-337628.45,1.0,TSE,STOP_LIMIT,CANCELED,IOC,UBS,CROSS
2024-02-02T12:04:16.418144Z,2024-02-06,TRD_52A3A8B71CD0,CUST_00001,CUST_00001_INVESTMENT_01,ORD_8EA8C3754543,EXE_FFDFC0DA70B4,GOOGL,US6216143540,1,328.7147,146.38,USD,48117.26,240.5863,47876.67,CHF,48117.26,47876.67,1.0,NYSE,STOP,REPLACED,GTC,BAML,CHI-X
2024-02-02T11:51:36.864275Z,2024-02-06,TRD_EF4A59E492C0,CUST_00001,CUST_00001_INVESTMENT_01,ORD_7F9BFCEC37D5,EXE_F580E031B07D,UHR,CH7419706478,2,925.9753,872.51,CHF,-807922.71,6463.3817,-801459.33,CHF,-807922.71,-801459.33,1.0,SIX,LIMIT,CANCELED,GTC,WF,DARK
2024-02-02T16:08:19.618151Z,2024-02-06,TRD_7CC78E2B2E67,CUST_00001,CUST_00001_INVESTMENT_01,ORD_8B2B048BCA52,EXE_0A6F319B5FD6,NOVN,CH3633010395,1,250.5047,369.65,CHF,92599.06,740.7925,91858.27,CHF,92599.06,91858.27,1.0,SIX,STOP,NEW,GTC,DB,SIP
