trade_date,settlement_date,trade_id,customer_id,account_number,order_id,exec_id,symbol,isin,side,quantity,price,currency,gross_amount,commission,net_amount,base_currency,base_gross_amount,base_net_amount,fx_rate,market,order_type,exec_type,time_in_force,broker_id,venue
2023-10-13T11:13:52.981473Z,2023-10-17,TRD_7700F783C7CF,CUST_00001,CUST_00001_INVESTMENT_01,ORD_6FC28C507616,EXE_496820A5D249,ADBE,US6210152658,1,439.9131,149.42,USD,65731.82,328.6591,65403.16,CHF,65731.82,65403.16,1.0,NASDAQ,STOP,PARTIAL_FILL,DAY,GS,SIP
2023-10-13T10:00:05.890394Z,2023-10-17,TRD_E54781531B1F,CUST_00001,CUST_00001_INVESTMENT_01,ORD_932E18EDD083,EXE_0948C93DB36F,JNJ,US5999256094,2,414.5307,82.52,USD,-34207.07,171.0354,-34036.04,CHF,-34207.07,-34036.04,1.0,NYSE,STOP_LIMIT,FILL,IOC,GS,BLOCK
2023-10-13T12:46:02.777000Z,2023-10-17,TRD_D6EADEF9F672,CUST_00001,CUST_00001_INVESTMENT_01,ORD_B86D5EB0E25B,EXE_FE20AFFEE333,RIO,GB3075651412,2,524.8187,1724.35,GBP,-904971.13,5429.8268,-899541.3,CHF,-904971.13,-899541.3,1.0,LSE,STOP_LIMIT,FILL,IOC,TD,BATS
2023-10-13T09:52:53.005881Z,2023-10-17,TRD_0A80ECD9D5B4,CUST_00001,CUST_00001_INVESTMENT_01,ORD_479D89096AF9,EXE_36D914DD486F,ROG,CH1056645239,1,27.2906,296.67,CHF,8096.3,64.7704,8031.53,CHF,8096.3,8031.53,1.0,SIX,STOP,FILL,DAY,MS,BATS
2023-10-13T12:34:02.753283Z,2023-10-17,TRD_0DA7155B5F43,CUST_00001,CUST_00001_INVESTMENT_01,ORD_94E040426D00,EXE_A8BACC76BFC9,JPM,US8854709995,2,719.1089,240.4,USD,-172873.78,864.3689,-172009.41,CHF,-172873.78,-172009.41,1.0,NYSE,LIMIT,FILL,DAY,TD,SIP
2023-10-13T12:57:45.504961Z,2023-10-17,TRD_364F384A8C0F,CUST_00001,CUST_00001_INVESTMENT_01,ORD_80F6B52DC87B,EXE_4FB3DAFC54E9,JPM,US9161754117,1,286.4597,154.7,USD,44315.32,221.5766,44093.74,CHF,44315.32,44093.74,1.0,NYSE,STOP,NEW,IOC,GS,CROSS
2023-10-13T16:30:28.964416Z,2023-10-17,TRD_946A92A87A3D,CUST_00001,CUST_00001_INVESTMENT_01,ORD_A6DA6466ACD7,EXE_5C56DAF84E81,AMZN,US7842888938,1,845.3317,293.87,USD,248417.63,1242.0881,247175.54,CHF,248417.63,247175.54,1.0,NYSE,LIMIT,REPLACED,DAY,CITI,CROSS
2023-10-13T15:10:33.322593Z,2023-10-17,TRD_DAF8D0B40959,CUST_00001,CUST_00001_INVESTMENT_01,ORD_14F2A31A3801,EXE_F07937E90E71,4502,JP2243907491,1,460.7985,4770.0,JPY,2198008.84,13188.0531,2184820.79,CHF,2198008.84,2184820.79,1.0,TSE,MARKET,CANCELED,FOK,DB,CROSS
