trade_date,settlement_date,trade_id,customer_id,account_number,order_id,exec_id,symbol,isin,side,quantity,price,currency,gross_amount,commission,net_amount,base_currency,base_gross_amount,base_net_amount,fx_rate,market,order_type,exec_type,time_in_force,broker_id,venue
2024-01-12T10:52:03.479999Z,2024-01-16,TRD_D0E5DC4BF691,CUST_00001,CUST_00001_INVESTMENT_01,ORD_8C27A0AEC3E3,EXE_69C2AE3F7B00,IFX,DE4470069138,2,439.7094,126.86,EUR,-55781.53,223.1261,-55558.41,CHF,-55781.53,-55558.41,1.0,XETRA,STOP_LIMIT,FILL,GTC,MS,CROSS
2024-01-12T09:05:16.801772Z,2024-01-16,TRD_068DFE7AA73E,CUST_00001,CUST_00001_INVESTMENT_01,ORD_960B7F500FD1,EXE_B49B26C005B2,DTE,DE3220367048,2,222.693,57.62,EUR,-12831.57,51.3263,-12780.24,CHF,-12831.57,-12780.24,1.0,XETRA,STOP_LIMIT,NEW,FOK,WF,SIP
2024-01-12T11:27:40.016722Z,2024-01-16,TRD_FD3DD54DFD58,CUST_00001,CUST_00001_INVESTMENT_01,ORD_3CA1FD53D9E6,EXE_2729ED94C048,SIE,DE9053136845,2,470.3152,20.76,EUR,-9763.74,39.055,-9724.69,CHF,-9763.74,-9724.69,1.0,XETRA,STOP_LIMIT,NEW,DAY,DB,CROSS
2024-01-12T09:47:02.564852Z,2024-01-16,TRD_B85307A70D29,CUST_00001,CUST_00001_INVESTMENT_01,ORD_8FE43BBDBF43,EXE_67CB6220C438,UBSG,CH1849455427,1,851.4207,712.39,CHF,606543.59,4852.3487,601691.24,CHF,606543.59,601691.24,1.0,SIX,MARKET,FILL,GTC,GS,CHI-X
2024-01-12T09:35:33.191848Z,2024-01-16,TRD_4A680275F50F,CUST_00001,CUST_00001_INVESTMENT_01,ORD_626C797638CA,EXE_236E01C6A26F,6861,JP2166727063,2,501.1786,2907.0,JPY,-1456926.19,8741.5571,-1448184.63,CHF,-1456926.19,-1448184.63,1.0,TSE,MARKET,NEW,GTC,JPM,BLOCK
2024-01-12T09:49:08.170960Z,2024-01-16,TRD_47F776FECA4C,CUST_00001,CUST_00001_INVESTMENT_01,ORD_9800FE5878C6,EXE_B86BC7D2DBB6,SAP,DE6579897372,2,152.7026,76.8,EUR,-11727.56,46.9102,-11680.65,CHF,-11727.56,-11680.65,1.0,XETRA,STOP_LIMIT,NEW,IOC,GS,DARK
