trade_date,settlement_date,trade_id,customer_id,account_number,order_id,exec_id,symbol,isin,side,quantity,price,currency,gross_amount,commission,net_amount,base_currency,base_gross_amount,base_net_amount,fx_rate,market,order_type,exec_type,time_in_force,broker_id,venue
2023-12-25T14:59:03.945278Z,2023-12-27,TRD_1556A13DFEE8,CUST_00001,CUST_00001_INVESTMENT_01,ORD_52D7C0F31B3D,EXE_B4CF647D614D,AAPL,US5640338900,2,16.5413,187.83,USD,-3106.95,15.5348,-3091.42,CHF,-3106.95,-3091.42,1.0,NASDAQ,MARKET,PARTIAL_FILL,DAY,CS,CROSS
2023-12-25T11:06:23.979604Z,2023-12-27,TRD_90732256EEFD,CUST_00001,CUST_00001_INVESTMENT_01,ORD_B064E41D1E83,EXE_E8ACD7D6A480,6758,JP7921326271,2,70.0374,1561.0,JPY,-109328.38,655.9703,-108672.41,CHF,-109328.38,-108672.41,1.0,TSE,STOP,REPLACED,DAY,MS,CHI-X
2023-12-25T13:20:37.156439Z,2023-12-27,TRD_20FA41472272,CUST_00001,CUST_00001_INVESTMENT_01,ORD_FB50A2A363D6,EXE_77AC1EF6F43E,GIVN,CH3127177891,1,624.5062,845.95,CHF,528301.02,4226.4082,524074.61,CHF,528301.02,524074.61,1.0,SIX,STOP,CANCELED,IOC,GS,BATS
2023-12-25T11:09:36.137742Z,2023-12-27,TRD_6D81DD4EB2C4,CUST_00001,CUST_00001_INVESTMENT_01,ORD_F46C29D87350,EXE_708FBB14DACE,AZN,GB9081563915,1,889.7895,1569.42,GBP,1396453.44,8378.7206,1388074.72,CHF,1396453.44,1388074.72,1.0,LSE,STOP,REPLACED,FOK,JPM,SIP
