trade_date,settlement_date,trade_id,customer_id,account_number,order_id,exec_id,symbol,isin,side,quantity,price,currency,gross_amount,commission,net_amount,base_currency,base_gross_amount,base_net_amount,fx_rate,market,order_type,exec_type,time_in_force,broker_id,venue
2025-03-20T15:08:44.543725Z,2025-03-24,TRD_D365BD9AC602,CUST_00001,CUST_00001_INVESTMENT_01,ORD_C188BCD32BBB,EXE_9494C16220CF,BP,GB2867936966,1,74.9239,131.7,GBP,9867.48,59.2049,9808.27,CHF,9867.48,9808.27,1.0,LSE,STOP_LIMIT,NEW,IOC,UBS,SIP
2025-03-20T10:30:21.442468Z,2025-03-24,TRD_AD30ABB4DBF5,CUST_00001,CUST_00001_INVESTMENT_01,ORD_67148C560E83,EXE_DB06B47A5B68,MUV2,DE1574238869,2,171.5088,146.71,EUR,-25162.06,100.6482,-25061.41,CHF,-25162.06,-25061.41,1.0,XETRA,STOP_LIMIT,PARTIAL_FILL,IOC,MS,BLOCK
2025-03-20T13:54:27.943907Z,2025-03-24,TRD_51BF456887F4,CUST_00001,CUST_00001_INVESTMENT_01,ORD_9F16E61C6E77,EXE_DE60419097D8,JNJ,US5480722326,1,271.4679,53.16,USD,14431.23,72.1562,14359.08,CHF,14431.23,14359.08,1.0,NYSE,STOP,CANCELED,FOK,GS,CROSS
2025-03-20T10:31:45.514847Z,2025-03-24,TRD_4AE617E7D9FE,CUST_00001,CUST_00001_INVESTMENT_01,ORD_8F4A90EA5DC4,EXE_69968F7521CF,AMZN,US5373345835,1,341.6777,173.54,USD,59294.75,296.4737,58998.27,CHF,59294.75,58998.27,1.0,NYSE,LIMIT,REPLACED,IOC,GS,CROSS
2025-03-20T11:35:18.455527Z,2025-03-24,TRD_6686AE0CBF07,CUST_00001,CUST_00001_INVESTMENT_01,ORD_A334798676AA,EXE_81F563BEAF48,VOD,GB5770481453,2,70.0015,765.45,GBP,-53582.65,321.4959,-53261.15,CHF,-53582.65,-53261.15,1.0,LSE,STOP_LIMIT,FILL,DAY,WF,CROSS
