trade_date,settlement_date,trade_id,customer_id,account_number,order_id,exec_id,symbol,isin,side,quantity,price,currency,gross_amount,commission,net_amount,base_currency,base_gross_amount,base_net_amount,fx_rate,market,order_type,exec_type,time_in_force,broker_id,venue
2024-11-06T10:42:08.549043Z,2024-11-08,TRD_0DBE7FDF6CFB,CUST_00001,CUST_00001_INVESTMENT_01,ORD_E7110C2A7906,EXE_FE56BC7291F2,CS,CH1092597483,2,997.2818,468.11,CHF,-466837.58,3734.7007,-463102.88,CHF,-466837.58,-463102.88,1.0,SIX,STOP_LIMIT,PARTIAL_FILL,FOK,DB,BLOCK
2024-11-06T14:25:56.982812Z,2024-11-08,TRD_C58684050AAE,CUST_00001,CUST_00001_INVESTMENT_01,ORD_E70102E0545E,EXE_14C07E3BF8EF,SHEL,GB2762412803,2,911.1121,1466.47,GBP,-1336118.56,8016.7114,-1328101.85,CHF,-1336118.56,-1328101.85,1.0,LSE,LIMIT,PARTIAL_FILL,DAY,MS,DARK
2024-11-06T09:32:38.742418Z,2024-11-08,TRD_C36F7BDFDF7D,CUST_00001,CUST_00001_INVESTMENT_01,ORD_389CDDAE856A,EXE_1D27405F485E,UHR,CH9742423854,1,384.7566,563.46,CHF,216794.95,1734.3596,215060.59,CHF,216794.95,215060.59,1.0,SIX,LIMIT,FILL,IOC,DB,BATS
2024-11-06T12:22:59.645629Z,2024-11-08,TRD_969A5F866F2F,CUST_00001,CUST_00001_INVESTMENT_01,ORD_93F17E653996,EXE_DC2752FCCEFE,CS,CH8583559101,1,201.1581,350.88,CHF,70582.35,564.6588,70017.7,CHF,70582.35,70017.7,1.0,SIX,STOP,FILL,GTC,CITI,CHI-X
2024-11-06T11:50:28.340949Z,2024-11-08,TRD_F48BB34BD998,CUST_00001,CUST_00001_INVESTMENT_01,ORD_0BB2CFF16B4D,EXE_71C282782AE9,ADBE,US7190392563,2,995.4296,208.25,USD,-207298.21,1036.4911,-206261.72,CHF,-207298.21,-206261.72,1.0,NASDAQ,LIMIT,NEW,DAY,DB,CHI-X
2024-11-06T10:19:55.478794Z,2024-11-08,TRD_87021D108D58,CUST_00001,CUST_00001_INVESTMENT_01,ORD_83F4A0E78C21,EXE_96B902130590,HSBA,GB7563851337,1,437.5516,326.66,GBP,142930.61,857.5836,142073.02,CHF,142930.61,142073.02,1.0,LSE,STOP_LIMIT,PARTIAL_FILL,IOC,JPM,CROSS
2024-11-06T16:06:27.633247Z,2024-11-08,TRD_85DF356848F3,CUST_00001,CUST_00001_INVESTMENT_01,ORD_DBC4E4A775AA,EXE_F0737D01862A,UBSG,CH7164195707,2,471.4361,583.71,CHF,-275181.97,2201.4557,-272980.51,CHF,-275181.97,-272980.51,1.0,SIX,LIMIT,FILL,GTC,BAML,BLOCK
