trade_date,settlement_date,trade_id,customer_id,account_number,order_id,exec_id,symbol,isin,side,quantity,price,currency,gross_amount,commission,net_amount,base_currency,base_gross_amount,base_net_amount,fx_rate,market,order_type,exec_type,time_in_force,broker_id,venue
2023-11-06T16:44:01.390608Z,2023-11-08,TRD_F31438025551,CUST_00001,CUST_00001_INVESTMENT_01,ORD_CB202A1B2C92,EXE_B0F7837A037C,8306,JP6637362391,2,616.6388,4743.0,JPY,-2924717.83,17548.307,-2907169.52,CHF,-2924717.83,-2907169.52,1.0,TSE,STOP_LIMIT,PARTIAL_FILL,GTC,CITI,DARK
2023-11-06T12:19:26.229828Z,2023-11-08,TRD_D1C10E0E04F6,CUST_00001,CUST_00001_INVESTMENT_01,ORD_309F754982F4,EXE_F91D71797890,7267,JP1994042013,1,604.61,3621.0,JPY,2189292.81,13135.7569,2176157.05,CHF,2189292.81,2176157.05,1.0,TSE,MARKET,PARTIAL_FILL,GTC,WF,CHI-X
2023-11-06T09:10:15.376071Z,2023-11-08,TRD_C51F17DB4E91,CUST_00001,CUST_00001_INVESTMENT_01,ORD_7D7DE2A8AEA8,EXE_8827A53776AF,BARC,GB5680623898,1,141.7737,736.34,GBP,104393.65,626.3619,103767.28,CHF,104393.65,103767.28,1.0,LSE,LIMIT,NEW,DAY,MS,SIP
2023-11-06T10:18:26.757546Z,2023-11-08,TRD_C691EA72E2E8,CUST_00001,CUST_00001_INVESTMENT_01,ORD_09A8F44C8D39,EXE_57F09637C56D,MUV2,DE9775778497,1,220.2293,120.49,EUR,26535.43,106.1417,26429.29,CHF,26535.43,26429.29,1.0,XETRA,LIMIT,PARTIAL_FILL,IOC,BAML,BLOCK
2023-11-06T09:21:53.051886Z,2023-11-08,TRD_4437D1BA91F9,CUST_00001,CUST_00001_INVESTMENT_01,ORD_9EC15C1910DF,EXE_BDFD119F8170,UBSG,CH6130398080,1,147.879,485.39,CHF,71778.99,574.2319,71204.76,CHF,71778.99,71204.76,1.0,SIX,LIMIT,FILL,DAY,MS,CROSS
2023-11-06T14:34:28.925494Z,2023-11-08,TRD_629A749A7C20,CUST_00001,CUST_00001_INVESTMENT_01,ORD_69857E67B121,EXE_5207A38F3AF0,BAS,DE4710397590,1,691.9606,119.0,EUR,82343.31,329.3732,82013.94,CHF,82343.31,82013.94,1.0,XETRA,STOP_LIMIT,REPLACED,DAY,JPM,CROSS
