trade_date,settlement_date,trade_id,customer_id,account_number,order_id,exec_id,symbol,isin,side,quantity,price,currency,gross_amount,commission,net_amount,base_currency,base_gross_amount,base_net_amount,fx_rate,market,order_type,exec_type,time_in_force,broker_id,venue
2025-09-04T10:41:01.277043Z,2025-09-08,TRD_FFD21BFEAE90,CUST_00001,CUST_00001_INVESTMENT_01,ORD_B17912FF92B3,EXE_368C113DF0A5,VOD,GB3315389278,2,125.2094,362.29,GBP,-45362.11,272.1727,-45089.94,CHF,-45362.11,-45089.94,1.0,LSE,STOP_LIMIT,NEW,GTC,MS,CROSS
2025-09-04T13:10:39.947682Z,2025-09-08,TRD_9117AB7A379A,CUST_00001,CUST_00001_INVESTMENT_01,ORD_000A37DE56BA,EXE_A24C07AC5F2B,AMZN,US5962416685,2,120.5962,65.78,USD,-7932.82,39.6641,-7893.15,CHF,-7932.82,-7893.15,1.0,NYSE,STOP_LIMIT,NEW,IOC,WF,CROSS
2025-09-04T10:33:30.104964Z,2025-09-08,TRD_F208FE9512AD,CUST_00001,CUST_00001_INVESTMENT_01,ORD_12D95C4CF6E7,EXE_BED7290B43C4,8316,JP9550753005,2,224.2892,1131.0,JPY,-253671.09,1522.0265,-252149.06,CHF,-253671.09,-252149.06,1.0,TSE,LIMIT,REPLACED,FOK,MS,BLOCK
2025-09-04T14:58:05.231913Z,2025-09-08,TRD_93AFCD410D74,CUST_00001,CUST_00001_INVESTMENT_01,ORD_5C8912551485,EXE_62059495E9CD,AAPL,US9447081144,2,166.0812,209.52,USD,-34797.33,173.9867,-34623.35,CHF,-34797.33,-34623.35,1.0,NASDAQ,STOP,CANCELED,DAY,CS,BATS
