trade_date,settlement_date,trade_id,customer_id,account_number,order_id,exec_id,symbol,isin,side,quantity,price,currency,gross_amount,commission,net_amount,base_currency,base_gross_amount,base_net_amount,fx_rate,market,order_type,exec_type,time_in_force,broker_id,venue
2023-11-09T11:16:25.311798Z,2023-11-13,TRD_E4C7698F0BAF,CUST_00001,CUST_00001_INVESTMENT_01,ORD_0BC1C735DA45,EXE_EF024D1FA1E3,GIVN,CH2644826673,1,121.4267,462.78,CHF,56193.85,449.5508,55744.3,CHF,56193.85,55744.3,1.0,SIX,STOP_LIMIT,PARTIAL_FILL,GTC,JPM,DARK
2023-11-09T14:43:04.829539Z,2023-11-13,TRD_825A74C85501,CUST_00001,CUST_00001_INVESTMENT_01,ORD_8E81BDC0CBB3,EXE_43C53A0F69B8,ADBE,US5213116643,1,752.8904,276.6,USD,208249.48,1041.2474,207208.24,CHF,208249.48,207208.24,1.0,NASDAQ,MARKET,NEW,IOC,UBS,BLOCK
2023-11-09T15:08:40.924506Z,2023-11-13,TRD_075D2D3CEF34,CUST_00001,CUST_00001_INVESTMENT_01,ORD_5FB7849171BE,EXE_133E5E383385,INTC,US8068802034,2,327.9282,205.08,USD,-67251.52,336.2576,-66915.26,CHF,-67251.52,-66915.26,1.0,NASDAQ,LIMIT,PARTIAL_FILL,FOK,WF,CROSS
2023-11-09T12:03:14.634800Z,2023-11-13,TRD_DBBD716D9D17,CUST_00001,CUST_00001_INVESTMENT_01,ORD_BDC9D064EE74,EXE_7CEFC5C86645,DTE,DE8939694448,2,559.4179,33.03,EUR,-18477.57,73.9103,-18403.66,CHF,-18477.57,-18403.66,1.0,XETRA,STOP_LIMIT,REPLACED,GTC,MS,BATS
