trade_date,settlement_date,trade_id,customer_id,account_number,order_id,exec_id,symbol,isin,side,quantity,price,currency,gross_amount,commission,net_amount,base_currency,base_gross_amount,base_net_amount,fx_rate,market,order_type,exec_type,time_in_force,broker_id,venue
2025-09-05T16:31:43.163013Z,2025-09-09,TRD_BBA19E98B32B,CUST_00001,CUST_00001_INVESTMENT_01,ORD_7B085212EF5B,EXE_260D9CF11C41,GOOGL,US5230942880,2,289.9398,279.93,USD,-81162.85,405.8142,-80757.03,CHF,-81162.85,-80757.03,1.0,NASDAQ,MARKET,PARTIAL_FILL,IOC,CITI,SIP
2025-09-05T11:17:32.176151Z,2025-09-09,TRD_AFBC3D02365B,CUST_00001,CUST_00001_INVESTMENT_01,ORD_4AE00A20A63A,EXE_12DCB0ED83BC,ROG,CH3444609261,2,957.1544,412.35,CHF,-394682.62,3157.4609,-391525.16,CHF,-394682.62,-391525.16,1.0,SIX,MARKET,NEW,IOC,TD,DARK
2025-09-05T14:37:45.694197Z,2025-09-09,TRD_317F6D3DFA24,CUST_00001,CUST_00001_INVESTMENT_01,ORD_7733079B0273,EXE_B85D7113AE0E,ZURN,CH4649993440,1,183.5412,507.53,CHF,93152.67,745.2213,92407.44,CHF,93152.67,92407.44,1.0,SIX,STOP,REPLACED,DAY,TD,SIP
2025-09-05T16:52:26.613892Z,2025-09-09,TRD_41BA2BF1484F,CUST_00001,CUST_00001_INVESTMENT_01,ORD_619D6A6DBF9D,EXE_B85A586F6BB2,GIVN,CH2717288008,2,951.0736,145.92,CHF,-138780.66,1110.2453,-137670.41,CHF,-138780.66,-137670.41,1.0,SIX,STOP_LIMIT,FILL,IOC,JPM,BATS
2025-09-05T13:29:10.725919Z,2025-09-09,TRD_B993570528D5,CUST_00001,CUST_00001_INVESTMENT_01,ORD_E47432EA2ED2,EXE_C639C8FCB07B,CSCO,US4314443275,1,113.6154,212.1,USD,24097.83,120.4891,23977.34,CHF,24097.83,23977.34,1.0,NASDAQ,STOP,NEW,IOC,GS,SIP
2025-09-05T16:13:26.268747Z,2025-09-09,TRD_91951B0E4724,CUST_00001,CUST_00001_INVESTMENT_01,ORD_CBA275586D5C,EXE_8C5F3F66EFDB,GIVN,CH7442537797,1,861.4378,82.84,CHF,71361.51,570.8921,70790.62,CHF,71361.51,70790.62,1.0,SIX,STOP,NEW,IOC,TD,SIP
