trade_date,settlement_date,trade_id,customer_id,account_number,order_id,exec_id,symbol,isin,side,quantity,price,currency,gross_amount,commission,net_amount,base_currency,base_gross_amount,base_net_amount,fx_rate,market,order_type,exec_type,time_in_force,broker_id,venue
2025-05-14T16:16:33.701332Z,2025-05-16,TRD_A56F8586B1C9,CUST_00001,CUST_00001_INVESTMENT_01,ORD_804AB56BEDEF,EXE_52323E05A1BB,UBSG,CH7157032261,1,245.7106,147.89,CHF,36338.14,290.7051,36047.44,CHF,36338.14,36047.44,1.0,SIX,MARKET,REPLACED,DAY,GS,SIP
2025-05-14T14:36:42.592487Z,2025-05-16,TRD_BFB1EE089FDB,CUST_00001,CUST_00001_INVESTMENT_01,ORD_267E55153CAF,EXE_5750E686F6AF,DTE,DE8911510470,1,968.7187,89.89,EUR,87078.12,348.3125,86729.81,CHF,87078.12,86729.81,1.0,XETRA,MARKET,FILL,IOC,GS,SIP
2025-05-14T10:03:24.334931Z,2025-05-16,TRD_EC3592DC563D,CUST_00001,CUST_00001_INVESTMENT_01,ORD_0FE066676864,EXE_EA5C0E60E143,SAP,DE7561970453,2,257.5768,129.42,EUR,-33335.59,133.3424,-33202.25,CHF,-33335.59,-33202.25,1.0,XETRA,MARKET,PARTIAL_FILL,DAY,TD,CROSS
2025-05-14T12:32:38.414250Z,2025-05-16,TRD_8166AFF14B69,CUST_00001,CUST_00001_INVESTMENT_01,ORD_B04E0F01CB16,EXE_4CD344237244,BARC,GB1184089026,2,449.1962,1461.89,GBP,-656675.43,3940.0526,-652735.38,CHF,-656675.43,-652735.38,1.0,LSE,STOP_LIMIT,FILL,DAY,CS,SIP
2025-05-14T15:10:08.320997Z,2025-05-16,TRD_69C11BCB741C,CUST_00001,CUST_00001_INVESTMENT_01,ORD_260E8A856B3D,EXE_A8C4E6E23A42,V,US2282055875,2,46.1508,278.28,USD,-12842.84,64.2142,-12778.63,CHF,-12842.84,-12778.63,1.0,NYSE,STOP,PARTIAL_FILL,DAY,MS,DARK
