trade_date,settlement_date,trade_id,customer_id,account_number,order_id,exec_id,symbol,isin,side,quantity,price,currency,gross_amount,commission,net_amount,base_currency,base_gross_amount,base_net_amount,fx_rate,market,order_type,exec_type,time_in_force,broker_id,venue
2025-01-20T13:06:35.901296Z,2025-01-22,TRD_B5C921BF98E8,CUST_00001,CUST_00001_INVESTMENT_01,ORD_059DB824E834,EXE_E90AD947568C,NOVN,CH6481155276,2,772.926,818.6,CHF,-632717.22,5061.7378,-627655.49,CHF,-632717.22,-627655.49,1.0,SIX,LIMIT,PARTIAL_FILL,DAY,BAML,SIP
2025-01-20T12:48:45.815368Z,2025-01-22,TRD_23F0948A6224,CUST_00001,CUST_00001_INVESTMENT_01,ORD_6EF45522F246,EXE_1550A0847027,AMZN,US1876096792,1,269.4132,226.94,USD,61140.63,305.7032,60834.93,CHF,61140.63,60834.93,1.0,NYSE,MARKET,REPLACED,IOC,UBS,CROSS
2025-01-20T16:08:14.604288Z,2025-01-22,TRD_00E6CB2844AD,CUST_00001,CUST_00001_INVESTMENT_01,ORD_0392E753C00B,EXE_D7D67C6F0603,ABB,CH2775918366,2,524.4518,173.64,CHF,-91065.81,728.5265,-90337.28,CHF,-91065.81,-90337.28,1.0,SIX,LIMIT,CANCELED,GTC,BAML,BLOCK
2025-01-20T13:04:04.931058Z,2025-01-22,TRD_EFD35816FB16,CUST_00001,CUST_00001_INVESTMENT_01,ORD_4263BC2C9188,EXE_2D86BBF71788,CS,CH8347400213,1,804.2779,509.87,CHF,410077.17,3280.6174,406796.56,CHF,410077.17,406796.56,1.0,SIX,MARKET,REPLACED,FOK,CITI,CHI-X
2025-01-20T14:12:13.586221Z,2025-01-22,TRD_B9E69CA9F2FB,CUST_00001,CUST_00001_INVESTMENT_01,ORD_5887FDD1C50E,EXE_C80762A8C799,ABB,CH9257289588,1,330.3271,206.64,CHF,68258.79,546.0703,67712.72,CHF,68258.79,67712.72,1.0,SIX,LIMIT,FILL,GTC,MS,CROSS
2025-01-20T12:21:09.159437Z,2025-01-22,TRD_E142B475D9B7,CUST_00001,CUST_00001_INVESTMENT_01,ORD_A2AA31A40676,EXE_4261DDFF1205,AAPL,US5295296691,1,174.9462,189.02,USD,33068.33,165.3417,32902.99,CHF,33068.33,32902.99,1.0,NYSE,STOP,REPLACED,IOC,BAML,DARK
