trade_date,settlement_date,trade_id,customer_id,account_number,order_id,exec_id,symbol,isin,side,quantity,price,currency,gross_amount,commission,net_amount,base_currency,base_gross_amount,base_net_amount,fx_rate,market,order_type,exec_type,time_in_force,broker_id,venue
2025-01-24T14:19:36.565251Z,2025-01-28,TRD_45526F285C5E,CUST_00001,CUST_00001_INVESTMENT_01,ORD_072DF9DD6D3C,EXE_8B84191DB766,JNJ,US4065819169,1,456.412,220.9,USD,100821.41,504.1071,100317.3,CHF,100821.41,100317.3,1.0,NYSE,LIMIT,FILL,GTC,UBS,SIP
2025-01-24T09:23:35.841319Z,2025-01-28,TRD_8D1DC8344446,CUST_00001,CUST_00001_INVESTMENT_01,ORD_F267A02C1FF1,EXE_662D910C58EE,MUV2,DE5179147447,1,992.1189,65.26,EUR,64745.68,258.9827,64486.7,CHF,64745.68,64486.7,1.0,XETRA,LIMIT,CANCELED,GTC,BAML,SIP
2025-01-24T12:33:52.879255Z,2025-01-28,TRD_FE0779E74611,CUST_00001,CUST_00001_INVESTMENT_01,ORD_04996EA33E0A,EXE_EF240737254D,MSFT,US8949202225,1,145.5467,137.57,USD,20022.86,100.1143,19922.75,CHF,20022.86,19922.75,1.0,NYSE,MARKET,PARTIAL_FILL,FOK,DB,CROSS
2025-01-24T14:29:17.823614Z,2025-01-28,TRD_672D2B386FF2,CUST_00001,CUST_00001_INVESTMENT_01,ORD_2C1F9849FDED,EXE_6678A1AECE36,BMW,DE3954703058,1,618.7074,25.06,EUR,15504.81,62.0192,15442.79,CHF,15504.81,15442.79,1.0,XETRA,STOP,REPLACED,DAY,TD,BATS
