trade_date,settlement_date,trade_id,customer_id,account_number,order_id,exec_id,symbol,isin,side,quantity,price,currency,gross_amount,commission,net_amount,base_currency,base_gross_amount,base_net_amount,fx_rate,market,order_type,exec_type,time_in_force,broker_id,venue
2024-03-04T14:57:49.537663Z,2024-03-06,TRD_275D8B54FC4A,CUST_00001,CUST_00001_INVESTMENT_01,ORD_B6F8BEA55F87,EXE_3171F8450808,RIO,GB3416554819,1,404.3033,162.39,GBP,65654.81,393.9289,65260.88,CHF,65654.81,65260.88,1.0,LSE,LIMIT,FILL,DAY,GS,BLOCK
2024-03-04T09:39:27.562053Z,2024-03-06,TRD_A35C234E7A50,CUST_00001,CUST_00001_INVESTMENT_01,ORD_4DAE75580B26,EXE_345B4A6083BB,7267,JP9459921970,1,597.7782,4373.0,JPY,2614084.07,15684.5044,2598399.56,CHF,2614084.07,2598399.56,1.0,TSE,LIMIT,PARTIAL_FILL,IOC,CITI,SIP
2024-03-04T13:55:33.647090Z,2024-03-06,TRD_031B95E3CC14,CUST_00001,CUST_00001_INVESTMENT_01,ORD_A4345AEA580E,EXE_19C499AFEC3F,9984,JP5370827969,1,529.5643,2418.0,JPY,1280486.48,7682.9189,1272803.56,CHF,1280486.48,1272803.56,1.0,TSE,STOP,PARTIAL_FILL,GTC,JPM,SIP
2024-03-04T09:42:18.387220Z,2024-03-06,TRD_DC95066E091C,CUST_00001,CUST_00001_INVESTMENT_01,ORD_A02CE7AAFA38,EXE_F82FB0AA25C3,TSLA,US6738309389,1,618.6227,206.62,USD,127819.82,639.0991,127180.72,CHF,127819.82,127180.72,1.0,NYSE,STOP_LIMIT,REPLACED,FOK,DB,SIP
2024-03-04T09:49:39.163677Z,2024-03-06,TRD_0A156AC86C95,CUST_00001,CUST_00001_INVESTMENT_01,ORD_7645B4688F71,EXE_8523C17EC329,AAPL,US3293269304,1,647.4568,234.7,USD,151958.11,759.7906,151198.32,CHF,151958.11,151198.32,1.0,NASDAQ,STOP_LIMIT,PARTIAL_FILL,IOC,CS,CROSS
