trade_date,settlement_date,trade_id,customer_id,account_number,order_id,exec_id,symbol,isin,side,quantity,price,currency,gross_amount,commission,net_amount,base_currency,base_gross_amount,base_net_amount,fx_rate,market,order_type,exec_type,time_in_force,broker_id,venue
2023-11-10T10:55:31.729572Z,2023-11-14,TRD_A5738626DC0E,CUST_00001,CUST_00001_INVESTMENT_01,ORD_0683C93159A5,EXE_E3F4BD6D718C,SHEL,GB7754227316,1,490.3245,363.28,GBP,178125.08,1068.7505,177056.33,CHF,178125.08,177056.33,1.0,LSE,MARKET,CANCELED,GTC,BAML,DARK
2023-11-10T15:28:32.354474Z,2023-11-14,TRD_BD41A1042B32,CUST_00001,CUST_00001_INVESTMENT_01,ORD_85726AB5CF50,EXE_8D54FE325A48,9984,JP8375292369,2,860.1778,4401.0,JPY,-3785642.5,22713.855,-3762928.64,CHF,-3785642.5,-3762928.64,1.0,TSE,LIMIT,PARTIAL_FILL,FOK,MS,DARK
2023-11-10T15:09:27.792984Z,2023-11-14,TRD_2115B57D2433,CUST_00001,CUST_00001_INVESTMENT_01,ORD_2BFE5BBCEC46,EXE_E027326897AB,SAP,DE9397660153,1,944.165,67.98,EUR,64184.34,256.7373,63927.6,CHF,64184.34,63927.6,1.0,XETRA,STOP_LIMIT,FILL,FOK,BAML,BATS
2023-11-10T16:13:54.819878Z,2023-11-14,TRD_289D9605CD17,CUST_00001,CUST_00001_INVESTMENT_01,ORD_DF84286CD2C6,EXE_7565E65FDE45,SHEL,GB6695748088,2,574.7434,1339.38,GBP,-769799.82,4618.7989,-765181.02,CHF,-769799.82,-765181.02,1.0,LSE,LIMIT,CANCELED,DAY,CITI,BLOCK
2023-11-10T15:54:13.291707Z,2023-11-14,TRD_59E89A46B9F9,CUST_00001,CUST_00001_INVESTMENT_01,ORD_E732A65AA6A0,EXE_3761A82FCAC3,GOOGL,US9533438160,1,669.7255,196.62,USD,131681.43,658.4071,131023.02,CHF,131681.43,131023.02,1.0,NASDAQ,STOP_LIMIT,PARTIAL_FILL,GTC,TD,DARK
2023-11-10T11:57:25.994117Z,2023-11-14,TRD_A078EDB7C3F4,CUST_00001,CUST_00001_INVESTMENT_01,ORD_D6AA1578F3EC,EXE_E2A906999669,AMZN,US1859537223,1,123.5847,211.29,USD,26112.21,130.5611,25981.65,CHF,26112.21,25981.65,1.0,NASDAQ,LIMIT,CANCELED,FOK,DB,SIP
2023-11-10T15:07:18.309449Z,2023-11-14,TRD_FD11F50E66CB,CUST_00001,CUST_00001_INVESTMENT_01,ORD_DE542F941783,EXE_9BDF976226B8,MSFT,US5360620588,1,560.7999,254.43,USD,142684.32,713.4216,141970.9,CHF,142684.32,141970.9,1.0,NASDAQ,LIMIT,PARTIAL_FILL,FOK,DB,BATS
