trade_date,settlement_date,trade_id,customer_id,account_number,order_id,exec_id,symbol,isin,side,quantity,price,currency,gross_amount,commission,net_amount,base_currency,base_gross_amount,base_net_amount,fx_rate,market,order_type,exec_type,time_in_force,broker_id,venue
2025-04-29T11:00:20.392580Z,2025-05-01,TRD_83E83E527A28,CUST_00001,CUST_00001_INVESTMENT_01,ORD_FC2D77C230B3,EXE_355FD68FD0D4,UHR,CH6871322701,1,504.7387,384.54,CHF,194092.22,1552.7378,192539.48,CHF,194092.22,192539.48,1.0,SIX,LIMIT,REPLACED,GTC,GS,CROSS
2025-04-29T12:24:22.627809Z,2025-05-01,TRD_803DAF1C89C8,CUST_00001,CUST_00001_INVESTMENT_01,ORD_414B08D8B44A,EXE_C580DEBF02B2,LLOY,GB3161393183,1,796.9854,1498.82,GBP,1194537.66,7167.2259,1187370.43,CHF,1194537.66,1187370.43,1.0,LSE,STOP,FILL,IOC,CS,BATS
2025-04-29T13:03:18.792515Z,2025-05-01,TRD_8AA47388CAC8,CUST_00001,CUST_00001_INVESTMENT_01,ORD_18F8E542BEBF,EXE_1D24E30C24E9,SHEL,GB8877939452,1,723.2419,1133.9,GBP,820083.99,4920.5039,815163.49,CHF,820083.99,815163.49,1.0,LSE,MARKET,REPLACED,FOK,CS,BLOCK
2025-04-29T15:50:59.494233Z,2025-05-01,TRD_7EADCAF1D781,CUST_00001,CUST_00001_INVESTMENT_01,ORD_150CE86D94AE,EXE_686A5A16AFC5,AMZN,US8755069708,2,291.958,235.49,USD,-68753.19,343.7659,-68409.42,CHF,-68753.19,-68409.42,1.0,NASDAQ,MARKET,FILL,GTC,CITI,CROSS
