trade_date,settlement_date,trade_id,customer_id,account_number,order_id,exec_id,symbol,isin,side,quantity,price,currency,gross_amount,commission,net_amount,base_currency,base_gross_amount,base_net_amount,fx_rate,market,order_type,exec_type,time_in_force,broker_id,venue
2024-09-30T16:05:22.339897Z,2024-10-02,TRD_01819AC2D867,CUST_00001,CUST_00001_INVESTMENT_01,ORD_7AAA4EEB1615,EXE_26E1251FF58C,SAP,DE6628450354,1,181.026,103.2,EUR,18681.88,74.7275,18607.16,CHF,18681.88,18607.16,1.0,XETRA,STOP,CANCELED,GTC,CS,DARK
2024-09-30T09:54:36.605145Z,2024-10-02,TRD_045265A24363,CUST_00001,CUST_00001_INVESTMENT_01,ORD_722E4C4979DD,EXE_4FFE3EA30B90,GSK,GB2247861444,2,390.4447,1573.62,GBP,-614411.59,3686.4695,-610725.12,CHF,-614411.59,-610725.12,1.0,LSE,STOP,CANCELED,GTC,BAML,DARK
2024-09-30T09:01:39.918508Z,2024-10-02,TRD_95466FCF4F2A,CUST_00001,CUST_00001_INVESTMENT_01,ORD_1244A2476739,EXE_4F7B1B25A3EB,IFX,DE9410736708,2,67.563,91.13,EUR,-6157.02,24.6281,-6132.39,CHF,-6157.02,-6132.39,1.0,XETRA,STOP,REPLACED,IOC,JPM,CROSS
2024-09-30T09:16:45.860999Z,2024-10-02,TRD_378482E8C95F,CUST_00001,CUST_00001_INVESTMENT_01,ORD_1038961D998D,EXE_E87BEBFD38CA,AAPL,US5324127469,2,793.5662,51.08,USD,-40535.36,202.6768,-40332.68,CHF,-40535.36,-40332.68,1.0,NYSE,LIMIT,CANCELED,GTC,WF,CHI-X
