trade_date,settlement_date,trade_id,customer_id,account_number,order_id,exec_id,symbol,isin,side,quantity,price,currency,gross_amount,commission,net_amount,base_currency,base_gross_amount,base_net_amount,fx_rate,market,order_type,exec_type,time_in_force,broker_id,venue
2025-09-11T10:02:08.144121Z,2025-09-15,TRD_97785061A0EA,CUST_00001,CUST_00001_INVESTMENT_01,ORD_F30ED0E946B3,EXE_5B139B9F7257,ABB,CH8432326574,2,634.9582,68.78,CHF,-43672.42,349.3794,-43323.05,CHF,-43672.42,-43323.05,1.0,SIX,MARKET,CANCELED,GTC,GS,CHI-X
2025-09-11T09:45:40.903516Z,2025-09-15,TRD_B72604AE917F,CUST_00001,CUST_00001_INVESTMENT_01,ORD_14F9A8A6B4CA,EXE_D1BA8B4B3004,GOOGL,US9835576975,2,116.7016,81.06,USD,-9459.83,47.2992,-9412.53,CHF,-9459.83,-9412.53,1.0,NYSE,STOP,NEW,IOC,WF,CHI-X
2025-09-11T13:09:14.157350Z,2025-09-15,TRD_29D02D175C90,CUST_00001,CUST_00001_INVESTMENT_01,ORD_1A8BD9C8272D,EXE_6E9E24CC4C99,UHR,CH9819447207,2,784.6465,639.58,CHF,-501844.21,4014.7537,-497829.45,CHF,-501844.21,-497829.45,1.0,SIX,LIMIT,CANCELED,FOK,UBS,DARK
2025-09-11T11:55:23.390131Z,2025-09-15,TRD_191C1C312E3C,CUST_00001,CUST_00001_INVESTMENT_01,ORD_370CFB6B0319,EXE_547065C13A2F,DAI,DE9937876416,1,247.3918,49.13,EUR,12154.36,48.6174,12105.74,CHF,12154.36,12105.74,1.0,XETRA,LIMIT,NEW,GTC,CITI,DARK
