trade_date,settlement_date,trade_id,customer_id,account_number,order_id,exec_id,symbol,isin,side,quantity,price,currency,gross_amount,commission,net_amount,base_currency,base_gross_amount,base_net_amount,fx_rate,market,order_type,exec_type,time_in_force,broker_id,venue
2025-07-18T16:44:57.427404Z,2025-07-22,TRD_C04FDEECCB87,CUST_00003,CUST_00003_INVESTMENT_01,ORD_E1774C64B22E,EXE_2ACD04A809A0,8316,JP9438127551,2,925.6839,3671.0,JPY,-3398185.6,20389.1136,-3377796.48,CHF,-3398185.6,-3377796.48,1.0,TSE,LIMIT,FILL,GTC,GS,CHI-X
2025-07-18T09:08:10.895620Z,2025-07-22,TRD_B809D9AA25E3,CUST_00003,CUST_00003_INVESTMENT_01,ORD_A2C3FCB05455,EXE_B1320E2A4CC8,AMZN,US2560051013,1,345.0529,230.33,USD,79476.03,397.3802,79078.65,CHF,79476.03,79078.65,1.0,NASDAQ,STOP,REPLACED,DAY,GS,DARK
2025-07-18T13:57:37.724636Z,2025-07-22,TRD_8E400BA58CF9,CUST_00003,CUST_00003_INVESTMENT_01,ORD_225463A6E5BC,EXE_0677538AE79A,6758,JP5584911727,2,419.3955,2333.0,JPY,-978449.7,5870.6982,-972579.0,CHF,-978449.7,-972579.0,1.0,TSE,LIMIT,NEW,DAY,WF,CHI-X
2025-07-18T16:44:56.500996Z,2025-07-22,TRD_7C65D0E3EF58,CUST_00003,CUST_00003_INVESTMENT_01,ORD_D61C4D9C5B4F,EXE_1512B1C2A3DE,MSFT,US9240094863,1,629.3969,205.35,USD,129246.65,646.2333,128600.42,CHF,129246.65,128600.42,1.0,NASDAQ,STOP_LIMIT,REPLACED,FOK,GS,SIP
