trade_date,settlement_date,trade_id,customer_id,account_number,order_id,exec_id,symbol,isin,side,quantity,price,currency,gross_amount,commission,net_amount,base_currency,base_gross_amount,base_net_amount,fx_rate,market,order_type,exec_type,time_in_force,broker_id,venue
2024-11-22T10:23:28.353862Z,2024-11-26,TRD_3E479043D0F4,CUST_00001,CUST_00001_INVESTMENT_01,ORD_1F1BDA5FC473,EXE_6A875A588A81,7203,JP1233116303,2,277.857,4139.0,JPY,-1150050.12,6900.3007,-1143149.82,CHF,-1150050.12,-1143149.82,1.0,TSE,STOP_LIMIT,PARTIAL_FILL,DAY,WF,BATS
2024-11-22T13:01:04.396053Z,2024-11-26,TRD_ED0167451AF7,CUST_00001,CUST_00001_INVESTMENT_01,ORD_0E9184F3E615,EXE_C9830657C815,VOD,GB2666663884,1,563.8469,1702.84,GBP,960141.06,5760.8463,954380.21,CHF,960141.06,954380.21,1.0,LSE,LIMIT,CANCELED,DAY,CS,BLOCK
2024-11-22T13:49:26.344597Z,2024-11-26,TRD_4EE88519B986,CUST_00001,CUST_00001_INVESTMENT_01,ORD_AAE3468C2C90,EXE_4B40358DA266,NVDA,US6766294676,1,846.0966,172.98,USD,146357.79,731.7889,145626.0,CHF,146357.79,145626.0,1.0,NASDAQ,STOP_LIMIT,CANCELED,IOC,BAML,DARK
2024-11-22T10:47:25.007276Z,2024-11-26,TRD_B40F3EDC48FC,CUST_00001,CUST_00001_INVESTMENT_01,ORD_6F6AC0220F01,EXE_81D82E2B7800,SAP,DE3369800205,1,630.359,137.52,EUR,86686.97,346.7479,86340.22,CHF,86686.97,86340.22,1.0,XETRA,STOP_LIMIT,PARTIAL_FILL,FOK,DB,DARK
