trade_date,settlement_date,trade_id,customer_id,account_number,order_id,exec_id,symbol,isin,side,quantity,price,currency,gross_amount,commission,net_amount,base_currency,base_gross_amount,base_net_amount,fx_rate,market,order_type,exec_type,time_in_force,broker_id,venue
2025-06-24T16:49:10.677318Z,2025-06-26,TRD_E4532BE04655,CUST_00001,CUST_00001_INVESTMENT_01,ORD_D8C177050BA1,EXE_6895A99BD55B,AZN,GB7020275826,2,756.1535,652.23,GBP,-493186.0,2959.116,-490226.88,CHF,-493186.0,-490226.88,1.0,LSE,STOP,NEW,DAY,JPM,BLOCK
2025-06-24T14:18:24.025400Z,2025-06-26,TRD_63BD15F776EA,CUST_00001,CUST_00001_INVESTMENT_01,ORD_1ED2D624C749,EXE_7C48B9EC9A4F,4502,JP4491099394,2,867.3778,4263.0,JPY,-3697631.56,22185.7894,-3675445.77,CHF,-3697631.56,-3675445.77,1.0,TSE,LIMIT,FILL,DAY,UBS,BATS
2025-06-24T15:19:01.017524Z,2025-06-26,TRD_4D001517C578,CUST_00001,CUST_00001_INVESTMENT_01,ORD_B01F17F66D29,EXE_C3DD5F02A9B4,7203,JP4692183251,2,724.0597,4796.0,JPY,-3472590.32,20835.5419,-3451754.78,CHF,-3472590.32,-3451754.78,1.0,TSE,STOP_LIMIT,PARTIAL_FILL,GTC,DB,CROSS
2025-06-24T14:48:09.780818Z,2025-06-26,TRD_B6DD74841BE1,CUST_00001,CUST_00001_INVESTMENT_01,ORD_727FC6809095,EXE_2BB807C22C6A,DTE,DE6389446631,2,644.9642,116.83,EUR,-75351.17,301.4047,-75049.76,CHF,-75351.17,-75049.76,1.0,XETRA,MARKET,PARTIAL_FILL,IOC,WF,CHI-X
2025-06-24T16:26:46.041878Z,2025-06-26,TRD_DBAA3001D133,CUST_00001,CUST_00001_INVESTMENT_01,ORD_C4DE2F52F04B,EXE_5C67D4E75DD7,BMW,DE5866995428,1,784.8316,28.02,EUR,21990.98,87.9639,21903.02,CHF,21990.98,21903.02,1.0,XETRA,STOP_LIMIT,FILL,FOK,GS,CHI-X
