trade_date,settlement_date,trade_id,customer_id,account_number,order_id,exec_id,symbol,isin,side,quantity,price,currency,gross_amount,commission,net_amount,base_currency,base_gross_amount,base_net_amount,fx_rate,market,order_type,exec_type,time_in_force,broker_id,venue
2025-04-28T14:53:26.336366Z,2025-04-30,TRD_933EE5E54F3E,CUST_00001,CUST_00001_INVESTMENT_01,ORD_FA36ED182F13,EXE_EA72F0BDCE44,JPM,US3052441064,1,545.4226,218.39,USD,119114.84,595.5742,118519.27,CHF,119114.84,118519.27,1.0,NYSE,STOP_LIMIT,CANCELED,FOK,TD,CHI-X
2025-04-28T13:26:35.204270Z,2025-04-30,TRD_55C8130EE41F,CUST_00001,CUST_00001_INVESTMENT_01,ORD_EB011B6E37B6,EXE_2E7EA14F11F3,ABB,CH6491891665,1,967.7749,639.81,CHF,619192.06,4953.5365,614238.52,CHF,619192.06,614238.52,1.0,SIX,LIMIT,REPLACED,IOC,JPM,BLOCK
2025-04-28T13:25:26.396075Z,2025-04-30,TRD_2FCE5C323429,CUST_00001,CUST_00001_INVESTMENT_01,ORD_E4BC02B31BC2,EXE_2C8987F82C4D,RIO,GB2313174050,1,740.1732,833.39,GBP,616852.94,3701.1177,613151.83,CHF,616852.94,613151.83,1.0,LSE,STOP,PARTIAL_FILL,DAY,CS,CROSS
2025-04-28T11:50:29.316475Z,2025-04-30,TRD_CFBEB8C2626D,CUST_00001,CUST_00001_INVESTMENT_01,ORD_DAFEB07B4919,EXE_53F87DC7453C,NVDA,US1465054180,2,696.1613,232.47,USD,-161836.62,809.1831,-161027.43,CHF,-161836.62,-161027.43,1.0,NASDAQ,STOP_LIMIT,CANCELED,IOC,WF,BLOCK
2025-04-28T15:11:41.245342Z,2025-04-30,TRD_3D1FBD6102F0,CUST_00001,CUST_00001_INVESTMENT_01,ORD_9190FCE82B71,EXE_5E787987FB6F,AAPL,US5838493526,2,873.9712,280.53,USD,-245175.14,1225.8757,-243949.27,CHF,-245175.14,-243949.27,1.0,NASDAQ,MARKET,NEW,DAY,CS,BATS
