trade_date,settlement_date,trade_id,customer_id,account_number,order_id,exec_id,symbol,isin,side,quantity,price,currency,gross_amount,commission,net_amount,base_currency,base_gross_amount,base_net_amount,fx_rate,market,order_type,exec_type,time_in_force,broker_id,venue
2023-12-29T10:41:01.327746Z,2024-01-02,TRD_84C915FC6E27,CUST_00001,CUST_00001_INVESTMENT_02,ORD_C76CC4579D49,EXE_2FF4D8070CB7,AAPL,US8283403125,2,845.6605,195.64,USD,-165445.02,827.2251,-164617.8,CHF,-165445.02,-164617.8,1.0,NYSE,MARKET,PARTIAL_FILL,GTC,UBS,DARK
2023-12-29T10:21:36.427364Z,2024-01-02,TRD_8901A24D5214,CUST_00001,CUST_00001_INVESTMENT_02,ORD_47C3F60C9E27,EXE_91A34BFBFFA1,ZURN,CH3821857419,1,716.5001,121.84,CHF,87298.37,698.387,86599.99,CHF,87298.37,86599.99,1.0,SIX,STOP_LIMIT,PARTIAL_FILL,GTC,TD,SIP
2023-12-29T15:16:02.395243Z,2024-01-02,TRD_E23805B02AD7,CUST_00001,CUST_00001_INVESTMENT_02,ORD_748F3582BA1C,EXE_630E1A9CB06A,ROG,CH8255113208,2,951.1316,676.66,CHF,-643592.71,5148.7417,-638443.97,CHF,-643592.71,-638443.97,1.0,SIX,STOP,PARTIAL_FILL,DAY,GS,SIP
2023-12-29T10:23:06.675138Z,2024-01-02,TRD_5F8B9F85950D,CUST_00001,CUST_00001_INVESTMENT_02,ORD_176CE39397AC,EXE_A9D23CF84359,AAPL,US1514416484,1,538.5641,237.12,USD,127704.32,638.5216,127065.8,CHF,127704.32,127065.8,1.0,NYSE,LIMIT,CANCELED,FOK,DB,CROSS
