trade_date,settlement_date,trade_id,customer_id,account_number,order_id,exec_id,symbol,isin,side,quantity,price,currency,gross_amount,commission,net_amount,base_currency,base_gross_amount,base_net_amount,fx_rate,market,order_type,exec_type,time_in_force,broker_id,venue
2024-10-28T16:10:52.596527Z,2024-10-30,TRD_D7444AC35596,CUST_00001,CUST_00001_INVESTMENT_01,ORD_2B313FD5D2C4,EXE_C8037610CB2F,8316,JP6046079690,2,510.5716,3567.0,JPY,-1821208.9,10927.2534,-1810281.64,CHF,-1821208.9,-1810281.64,1.0,TSE,STOP_LIMIT,REPLACED,FOK,TD,CHI-X
2024-10-28T14:06:54.676807Z,2024-10-30,TRD_B6494AAC767D,CUST_00001,CUST_00001_INVESTMENT_01,ORD_D42329F2B16E,EXE_2EEBB33721CF,NOVN,CH8295648968,1,712.4629,992.65,CHF,707226.3,5657.8104,701568.49,CHF,707226.3,701568.49,1.0,SIX,MARKET,FILL,IOC,GS,BLOCK
2024-10-28T14:40:25.110805Z,2024-10-30,TRD_EFCCE1261795,CUST_00001,CUST_00001_INVESTMENT_01,ORD_807EEF860ADF,EXE_DBBF6AE1826A,META,US2413287570,1,241.2871,74.57,USD,17992.78,89.9639,17902.82,CHF,17992.78,17902.82,1.0,NASDAQ,LIMIT,REPLACED,GTC,TD,CROSS
2024-10-28T14:36:22.943171Z,2024-10-30,TRD_C96BB6358234,CUST_00001,CUST_00001_INVESTMENT_01,ORD_37CA415E3E9B,EXE_A595DF8FEF74,8316,JP3970507575,2,877.1699,3278.0,JPY,-2875362.93,17252.1776,-2858110.75,CHF,-2875362.93,-2858110.75,1.0,TSE,STOP_LIMIT,FILL,DAY,CITI,BATS
2024-10-28T13:41:20.447934Z,2024-10-30,TRD_2CFD30CB5836,CUST_00001,CUST_00001_INVESTMENT_01,ORD_9B6C738FF2A7,EXE_701CD06C388E,4502,JP8062284996,1,318.2955,1897.0,JPY,603806.56,3622.8394,600183.72,CHF,603806.56,600183.72,1.0,TSE,LIMIT,CANCELED,DAY,MS,DARK
