trade_date,settlement_date,trade_id,customer_id,account_number,order_id,exec_id,symbol,isin,side,quantity,price,currency,gross_amount,commission,net_amount,base_currency,base_gross_amount,base_net_amount,fx_rate,market,order_type,exec_type,time_in_force,broker_id,venue
2024-11-27T10:36:56.788835Z,2024-11-29,TRD_4E28AAE7458E,CUST_00001,CUST_00001_INVESTMENT_02,ORD_67FDC124CF8B,EXE_ACC810DF1438,7267,JP1917553611,1,51.6259,3920.0,JPY,202373.53,1214.2412,201159.29,CHF,202373.53,201159.29,1.0,TSE,MARKET,FILL,DAY,MS,BLOCK
2024-11-27T12:54:10.420047Z,2024-11-29,TRD_327FDA44D5C2,CUST_00001,CUST_00001_INVESTMENT_02,ORD_95D35A340D3A,EXE_83A26905998E,4502,JP4426586939,2,157.8253,3308.0,JPY,-522086.09,3132.5166,-518953.58,CHF,-522086.09,-518953.58,1.0,TSE,STOP_LIMIT,NEW,FOK,CITI,CROSS
2024-11-27T12:46:58.705306Z,2024-11-29,TRD_7F2AD62A311A,CUST_00001,CUST_00001_INVESTMENT_02,ORD_A2AAD53A1EFB,EXE_5E70A784655C,HSBA,GB2888729656,1,977.3311,1569.06,GBP,1533491.14,9200.9468,1524290.19,CHF,1533491.14,1524290.19,1.0,LSE,LIMIT,NEW,GTC,GS,CHI-X
2024-11-27T15:49:46.275476Z,2024-11-29,TRD_B399812048BD,CUST_00001,CUST_00001_INVESTMENT_02,ORD_2287E4B8CEE4,EXE_421240F8A0E1,JNJ,US7339930870,2,411.3912,85.81,USD,-35301.48,176.5074,-35124.97,CHF,-35301.48,-35124.97,1.0,NYSE,LIMIT,PARTIAL_FILL,IOC,JPM,CROSS
