trade_date,settlement_date,trade_id,customer_id,account_number,order_id,exec_id,symbol,isin,side,quantity,price,currency,gross_amount,commission,net_amount,base_currency,base_gross_amount,base_net_amount,fx_rate,market,order_type,exec_type,time_in_force,broker_id,venue
2025-07-01T10:11:58.365099Z,2025-07-03,TRD_9A5A66A9E5AA,CUST_00001,CUST_00001_INVESTMENT_02,ORD_7360A17A3BE8,EXE_066AB91D8EE7,MSFT,US2588116236,1,331.9152,255.97,USD,84960.33,424.8017,84535.53,CHF,84960.33,84535.53,1.0,NYSE,STOP_LIMIT,PARTIAL_FILL,GTC,BAML,BLOCK
2025-07-01T10:51:07.274954Z,2025-07-03,TRD_B10E1659CE38,CUST_00001,CUST_00001_INVESTMENT_02,ORD_603D92D5BCD4,EXE_46A7FB635E6D,4063,JP7221982004,1,778.5998,1506.0,JPY,1172571.3,7035.4278,1165535.87,CHF,1172571.3,1165535.87,1.0,TSE,STOP,NEW,GTC,BAML,DARK
2025-07-01T14:22:12.508215Z,2025-07-03,TRD_79C68CD64D66,CUST_00001,CUST_00001_INVESTMENT_02,ORD_A4FD66D34E83,EXE_8CF936DB96F7,UBSG,CH4531504051,1,412.3686,724.83,CHF,298897.13,2391.1771,296505.96,CHF,298897.13,296505.96,1.0,SIX,STOP,NEW,IOC,CITI,CROSS
2025-07-01T09:19:48.552613Z,2025-07-03,TRD_032A2EEC1007,CUST_00001,CUST_00001_INVESTMENT_02,ORD_C6CBC183BB6E,EXE_C9FD1CB575A4,GOOGL,US4780025048,2,814.2399,206.49,USD,-168132.4,840.662,-167291.73,CHF,-168132.4,-167291.73,1.0,NASDAQ,STOP_LIMIT,FILL,DAY,MS,CROSS
