trade_date,settlement_date,trade_id,customer_id,account_number,order_id,exec_id,symbol,isin,side,quantity,price,currency,gross_amount,commission,net_amount,base_currency,base_gross_amount,base_net_amount,fx_rate,market,order_type,exec_type,time_in_force,broker_id,venue
2024-06-05T10:36:34.696941Z,2024-06-07,TRD_ACA4125A00A9,CUST_00001,CUST_00001_INVESTMENT_01,ORD_6BA0E04DF12A,EXE_2A9905585B69,IFX,DE8967548726,1,545.831,77.6,EUR,42356.49,169.4259,42187.06,CHF,42356.49,42187.06,1.0,XETRA,MARKET,CANCELED,IOC,MS,SIP
2024-06-05T11:14:16.384700Z,2024-06-07,TRD_7F7B7B94E2B3,CUST_00001,CUST_00001_INVESTMENT_01,ORD_43119ACF8CA9,EXE_253DC0D4BCCD,AMZN,US8623152496,1,699.5405,268.0,USD,187476.85,937.3843,186539.47,CHF,187476.85,186539.47,1.0,NYSE,STOP_LIMIT,NEW,IOC,WF,SIP
2024-06-05T09:56:59.886532Z,2024-06-07,TRD_6D59658BF7DB,CUST_00001,CUST_00001_INVESTMENT_01,ORD_62DE5F973EDA,EXE_5BC6A056B595,ALV,DE2524275615,2,536.0585,25.37,EUR,-13599.8,54.3992,-13545.4,CHF,-13599.8,-13545.4,1.0,XETRA,LIMIT,NEW,FOK,DB,SIP
2024-06-05T13:23:24.471740Z,2024-06-07,TRD_26CF12CD357A,CUST_00001,CUST_00001_INVESTMENT_01,ORD_246A81B5745A,EXE_B3395BF70859,NOVN,CH3483281352,2,123.848,134.94,CHF,-16712.05,133.6964,-16578.35,CHF,-16712.05,-16578.35,1.0,SIX,LIMIT,NEW,DAY,UBS,CHI-X
2024-06-05T13:19:22.319899Z,2024-06-07,TRD_93B21D01C9ED,CUST_00001,CUST_00001_INVESTMENT_01,ORD_3E39D97B1A7D,EXE_7BABFCAEA3A2,ZURN,CH2872591114,2,691.7331,151.11,CHF,-104527.79,836.2223,-103691.57,CHF,-104527.79,-103691.57,1.0,SIX,MARKET,CANCELED,FOK,DB,DARK
