trade_date,settlement_date,trade_id,customer_id,account_number,order_id,exec_id,symbol,isin,side,quantity,price,currency,gross_amount,commission,net_amount,base_currency,base_gross_amount,base_net_amount,fx_rate,market,order_type,exec_type,time_in_force,broker_id,venue
2024-12-13T14:07:45.729762Z,2024-12-17,TRD_5DB7686C80B6,CUST_00001,CUST_00001_INVESTMENT_02,ORD_958C29A7390E,EXE_6B44CC086A6A,SHEL,GB7474072047,2,293.8322,1276.1,GBP,-374959.27,2249.7556,-372709.51,CHF,-374959.27,-372709.51,1.0,LSE,MARKET,PARTIAL_FILL,GTC,GS,CHI-X
2024-12-13T12:57:13.067130Z,2024-12-17,TRD_FC89848C9707,CUST_00001,CUST_00001_INVESTMENT_02,ORD_93F7D54AC423,EXE_9415F3DDF722,8316,JP4284064378,2,250.9879,3747.0,JPY,-940451.66,5642.71,-934808.95,CHF,-940451.66,-934808.95,1.0,TSE,MARKET,REPLACED,GTC,UBS,SIP
2024-12-13T16:53:22.521667Z,2024-12-17,TRD_BD987FFFD56A,CUST_00001,CUST_00001_INVESTMENT_02,ORD_4079A7A8888F,EXE_135011490221,MSFT,US4939304820,2,285.251,226.06,USD,-64483.84,322.4192,-64161.42,CHF,-64483.84,-64161.42,1.0,NYSE,MARKET,CANCELED,IOC,BAML,CROSS
2024-12-13T10:48:24.970963Z,2024-12-17,TRD_4179D4F5B15C,CUST_00001,CUST_00001_INVESTMENT_02,ORD_0308F2445B80,EXE_3F1B1A658B14,NESN,CH7340561478,1,840.619,239.22,CHF,201092.88,1608.743,199484.13,CHF,201092.88,199484.13,1.0,SIX,MARKET,NEW,GTC,GS,BATS
2024-12-13T11:21:58.086035Z,2024-12-17,TRD_C22BE473BBA3,CUST_00001,CUST_00001_INVESTMENT_02,ORD_AD89F1CAE0B0,EXE_0E4BE5274D6A,GOOGL,US5564075083,1,107.6684,75.15,USD,8091.28,40.4564,8050.82,CHF,8091.28,8050.82,1.0,NYSE,LIMIT,FILL,FOK,TD,CROSS
