trade_date,settlement_date,trade_id,customer_id,account_number,order_id,exec_id,symbol,isin,side,quantity,price,currency,gross_amount,commission,net_amount,base_currency,base_gross_amount,base_net_amount,fx_rate,market,order_type,exec_type,time_in_force,broker_id,venue
2025-01-08T12:37:30.871582Z,2025-01-10,TRD_9CE45F3A5465,CUST_00001,CUST_00001_INVESTMENT_01,ORD_ADE8827FF615,EXE_448282914C67,IFX,DE2818000446,1,866.4447,61.13,EUR,52965.76,211.8631,52753.9,CHF,52965.76,52753.9,1.0,XETRA,LIMIT,NEW,FOK,DB,BATS
2025-01-08T15:48:06.865933Z,2025-01-10,TRD_7BDA4E1F6FA0,CUST_00001,CUST_00001_INVESTMENT_01,ORD_F0132AC93721,EXE_54D7E6B8C61D,GSK,GB7371551469,1,533.4243,377.15,GBP,201180.97,1207.0858,199973.89,CHF,201180.97,199973.89,1.0,LSE,STOP,NEW,DAY,GS,SIP
2025-01-08T11:00:20.133263Z,2025-01-10,TRD_B00D4D49FF5F,CUST_00001,CUST_00001_INVESTMENT_01,ORD_C44234E757BC,EXE_61576AD3510E,META,US1694807299,1,821.4987,245.71,USD,201850.45,1009.2522,200841.19,CHF,201850.45,200841.19,1.0,NYSE,STOP,REPLACED,DAY,UBS,DARK
2025-01-08T09:27:59.372885Z,2025-01-10,TRD_2FAEA2FB86C1,CUST_00001,CUST_00001_INVESTMENT_01,ORD_C302D65B520D,EXE_D80AB43CFDB3,GOOGL,US5321846441,2,409.8562,137.62,USD,-56404.41,282.0221,-56122.39,CHF,-56404.41,-56122.39,1.0,NASDAQ,STOP,FILL,GTC,TD,BATS
2025-01-08T15:25:57.837525Z,2025-01-10,TRD_B45C71A5616B,CUST_00001,CUST_00001_INVESTMENT_01,ORD_ACBBA57363D6,EXE_257B6FAFEC01,SIE,DE6188662630,2,625.2445,66.44,EUR,-41541.24,166.165,-41375.08,CHF,-41541.24,-41375.08,1.0,XETRA,MARKET,CANCELED,DAY,CITI,SIP
2025-01-08T14:22:49.829228Z,2025-01-10,TRD_FA98648EA6BC,CUST_00001,CUST_00001_INVESTMENT_01,ORD_134090BA8B00,EXE_C0797F13DB04,ZURN,CH6567689482,2,328.5487,862.78,CHF,-283465.25,2267.722,-281197.53,CHF,-283465.25,-281197.53,1.0,SIX,STOP_LIMIT,NEW,FOK,WF,CROSS
2025-01-08T16:39:43.060834Z,2025-01-10,TRD_16D83C37DA5B,CUST_00001,CUST_00001_INVESTMENT_01,ORD_02EC86C460E8,EXE_FA34F3750802,MSFT,US4070485083,2,784.0309,98.28,USD,-77054.56,385.2728,-76669.28,CHF,-77054.56,-76669.28,1.0,NASDAQ,STOP,NEW,DAY,JPM,BATS
2025-01-08T12:37:33.477099Z,2025-01-10,TRD_BED84520E59F,CUST_00001,CUST_00001_INVESTMENT_01,ORD_A5645CA1998A,EXE_345B70A31662,RIO,GB5882331066,1,74.5778,1441.58,GBP,107509.86,645.0592,106864.81,CHF,107509.86,106864.81,1.0,LSE,STOP_LIMIT,CANCELED,IOC,UBS,DARK
