trade_date,settlement_date,trade_id,customer_id,account_number,order_id,exec_id,symbol,isin,side,quantity,price,currency,gross_amount,commission,net_amount,base_currency,base_gross_amount,base_net_amount,fx_rate,market,order_type,exec_type,time_in_force,broker_id,venue
2025-04-23T10:39:11.396481Z,2025-04-25,TRD_BA99C6C7F72E,CUST_00001,CUST_00001_INVESTMENT_01,ORD_7113A83E8DD1,EXE_A430FBE8A842,ABB,CH9027168628,1,944.1597,146.78,CHF,138583.76,1108.6701,137475.09,CHF,138583.76,137475.09,1.0,SIX,LIMIT,NEW,DAY,MS,BLOCK
2025-04-23T11:07:51.520181Z,2025-04-25,TRD_6FE07385DEA4,CUST_00001,CUST_00001_INVESTMENT_01,ORD_E041492B24EB,EXE_46E7A5D1C446,AZN,GB4761547859,2,950.7396,1574.69,GBP,-1497120.14,8982.7208,-1488137.42,CHF,-1497120.14,-1488137.42,1.0,LSE,LIMIT,FILL,GTC,CS,BATS
2025-04-23T15:41:19.485019Z,2025-04-25,TRD_50A0961C4342,CUST_00001,CUST_00001_INVESTMENT_01,ORD_4D1DF8A53611,EXE_D72FC5FA1332,RIO,GB3715711348,1,962.7981,1944.48,GBP,1872141.65,11232.8499,1860908.8,CHF,1872141.65,1860908.8,1.0,LSE,MARKET,CANCELED,GTC,DB,BLOCK
2025-04-23T11:28:54.757749Z,2025-04-25,TRD_44384A7C5938,CUST_00001,CUST_00001_INVESTMENT_01,ORD_257AD3942AD7,EXE_AB5D16C1D3FD,HSBA,GB7071691561,1,49.4639,1163.87,GBP,57569.55,345.4173,57224.13,CHF,57569.55,57224.13,1.0,LSE,STOP,REPLACED,IOC,GS,BATS
2025-04-23T16:33:18.394043Z,2025-04-25,TRD_19041B440C66,CUST_00001,CUST_00001_INVESTMENT_01,ORD_44B0E43B8B5C,EXE_D7E1AFC11D97,NVDA,US4935049457,2,48.0938,180.55,USD,-8683.34,43.4167,-8639.92,CHF,-8683.34,-8639.92,1.0,NASDAQ,STOP,CANCELED,DAY,JPM,CHI-X
