trade_date,settlement_date,trade_id,customer_id,account_number,order_id,exec_id,symbol,isin,side,quantity,price,currency,gross_amount,commission,net_amount,base_currency,base_gross_amount,base_net_amount,fx_rate,market,order_type,exec_type,time_in_force,broker_id,venue
2024-07-30T11:44:44.813139Z,2024-08-01,TRD_F2A1E82A39DB,CUST_00001,CUST_00001_INVESTMENT_01,ORD_7BF7F2DC9271,EXE_EFED6E481192,GOOGL,US4871801049,1,352.7682,193.81,USD,68370.0,341.85,68028.15,CHF,68370.0,68028.15,1.0,NYSE,STOP,PARTIAL_FILL,GTC,UBS,BATS
2024-07-30T16:21:31.244956Z,2024-08-01,TRD_0505447890C3,CUST_00001,CUST_00001_INVESTMENT_01,ORD_C8424BB263DD,EXE_EA7B32973D56,4502,JP2741175930,1,372.2489,3840.0,JPY,1429435.78,8576.6147,1420859.16,CHF,1429435.78,1420859.16,1.0,TSE,STOP,REPLACED,IOC,WF,DARK
2024-07-30T09:32:39.907296Z,2024-08-01,TRD_096AF6D32C58,CUST_00001,CUST_00001_INVESTMENT_01,ORD_C7F176C950A8,EXE_1123D1FA57B9,7267,JP3518554412,1,31.4347,1760.0,JPY,55325.07,331.9504,54993.12,CHF,55325.07,54993.12,1.0,TSE,STOP,PARTIAL_FILL,FOK,DB,BATS
2024-07-30T10:31:48.592880Z,2024-08-01,TRD_AC9748542ADC,CUST_00001,CUST_00001_INVESTMENT_01,ORD_72719FEDAECF,EXE_907DE3E5952B,SIE,DE6182939963,1,424.6088,147.94,EUR,62816.63,251.2665,62565.36,CHF,62816.63,62565.36,1.0,XETRA,LIMIT,REPLACED,GTC,CITI,SIP
2024-07-30T09:04:27.646446Z,2024-08-01,TRD_AF381E2439B6,CUST_00001,CUST_00001_INVESTMENT_01,ORD_9EF51F326671,EXE_71324C67C09E,ROG,CH7781316163,1,159.7859,736.36,CHF,117659.95,941.2796,116718.67,CHF,117659.95,116718.67,1.0,SIX,LIMIT,NEW,IOC,MS,SIP
