trade_date,settlement_date,trade_id,customer_id,account_number,order_id,exec_id,symbol,isin,side,quantity,price,currency,gross_amount,commission,net_amount,base_currency,base_gross_amount,base_net_amount,fx_rate,market,order_type,exec_type,time_in_force,broker_id,venue
2024-08-14T09:31:35.270153Z,2024-08-16,TRD_E9FA0DEA2C9C,CUST_00001,CUST_00001_INVESTMENT_01,ORD_AAF8EB2ACCA6,EXE_53FB2D57F7F5,4502,JP6551892553,1,247.5439,4738.0,JPY,1172863.0,7037.178,1165825.82,CHF,1172863.0,1165825.82,1.0,TSE,STOP,REPLACED,IOC,GS,CROSS
2024-08-14T16:07:22.936986Z,2024-08-16,TRD_68A7E344F22A,CUST_00001,CUST_00001_INVESTMENT_01,ORD_88C91527E6FA,EXE_42A59A67D280,HSBA,GB5850433870,2,940.2143,1383.79,GBP,-1301059.15,7806.3549,-1293252.79,CHF,-1301059.15,-1293252.79,1.0,LSE,STOP,CANCELED,IOC,BAML,BLOCK
2024-08-14T15:38:03.025427Z,2024-08-16,TRD_97253047A6CB,CUST_00001,CUST_00001_INVESTMENT_01,ORD_6F52D6B26CB9,EXE_BCA4E9979322,JNJ,US4162042435,1,491.9885,123.47,USD,60745.82,303.7291,60442.09,CHF,60745.82,60442.09,1.0,NYSE,LIMIT,PARTIAL_FILL,FOK,BAML,BATS
2024-08-14T11:24:15.440869Z,2024-08-16,TRD_42E96C901C14,CUST_00001,CUST_00001_INVESTMENT_01,ORD_5A0798AFDD4B,EXE_5A86C816C699,HSBA,GB4199193307,2,702.7617,1194.11,GBP,-839174.77,5035.0486,-834139.72,CHF,-839174.77,-834139.72,1.0,LSE,LIMIT,REPLACED,IOC,CS,BATS
