trade_date,settlement_date,trade_id,customer_id,account_number,order_id,exec_id,symbol,isin,side,quantity,price,currency,gross_amount,commission,net_amount,base_currency,base_gross_amount,base_net_amount,fx_rate,market,order_type,exec_type,time_in_force,broker_id,venue
2025-06-30T13:38:07.811068Z,2025-07-02,TRD_06AB3C496FD3,CUST_00001,CUST_00001_INVESTMENT_02,ORD_1B057E91C6F0,EXE_82204400E8CF,SIE,DE8211064070,2,765.8572,123.21,EUR,-94361.27,377.4451,-93983.82,CHF,-94361.27,-93983.82,1.0,XETRA,STOP,PARTIAL_FILL,GTC,UBS,BLOCK
2025-06-30T12:11:48.532724Z,2025-07-02,TRD_23A6692A4711,CUST_00001,CUST_00001_INVESTMENT_02,ORD_6CA93C22A65C,EXE_E235A00622D1,GSK,GB6992961456,1,63.1372,1585.82,GBP,100124.23,600.7454,99523.49,CHF,100124.23,99523.49,1.0,LSE,LIMIT,FILL,IOC,TD,SIP
2025-06-30T13:48:18.377580Z,2025-07-02,TRD_83F1D6899C56,CUST_00001,CUST_00001_INVESTMENT_02,ORD_02A0F6CC104C,EXE_76DFA4ABC5C7,6758,JP5919410859,1,754.9958,4417.0,JPY,3334816.45,20008.8987,3314807.55,CHF,3334816.45,3314807.55,1.0,TSE,MARKET,REPLACED,DAY,GS,BLOCK
2025-06-30T14:04:27.674962Z,2025-07-02,TRD_8A91D26BEFF8,CUST_00001,CUST_00001_INVESTMENT_02,ORD_8A41E628FE55,EXE_8A445E687CAF,DAI,DE6941193299,1,160.9422,106.73,EUR,17177.36,68.7094,17108.65,CHF,17177.36,17108.65,1.0,XETRA,MARKET,FILL,FOK,GS,CROSS
2025-06-30T13:19:38.918148Z,2025-07-02,TRD_602311B6CC5F,CUST_00001,CUST_00001_INVESTMENT_02,ORD_E15E44465BA9,EXE_7ABE9E3573D4,ROG,CH3491963160,1,848.3337,749.47,CHF,635800.66,5086.4053,630714.25,CHF,635800.66,630714.25,1.0,SIX,LIMIT,NEW,IOC,CS,DARK
2025-06-30T09:43:59.172175Z,2025-07-02,TRD_810F99241041,CUST_00001,CUST_00001_INVESTMENT_02,ORD_2744ABC56A11,EXE_6117D22CA7CA,V,US7720996984,2,897.1047,291.8,USD,-261775.15,1308.8758,-260466.28,CHF,-261775.15,-260466.28,1.0,NYSE,STOP_LIMIT,REPLACED,FOK,CITI,BLOCK
