trade_date,settlement_date,trade_id,customer_id,account_number,order_id,exec_id,symbol,isin,side,quantity,price,currency,gross_amount,commission,net_amount,base_currency,base_gross_amount,base_net_amount,fx_rate,market,order_type,exec_type,time_in_force,broker_id,venue
2024-09-13T14:30:08.353021Z,2024-09-17,TRD_3510221613F9,CUST_00001,CUST_00001_INVESTMENT_01,ORD_E0B21EDE2FF3,EXE_9CB99D8BA98C,NVDA,US4899057762,1,642.7059,71.59,USD,46011.32,230.0566,45781.26,CHF,46011.32,45781.26,1.0,NYSE,STOP,NEW,DAY,JPM,CROSS
2024-09-13T14:23:52.987638Z,2024-09-17,TRD_C81BC02FE3F0,CUST_00001,CUST_00001_INVESTMENT_01,ORD_3B759D45D70A,EXE_1F4EEA82A5B9,BP,GB1633162002,1,461.7429,713.64,GBP,329518.2,1977.1092,327541.09,CHF,329518.2,327541.09,1.0,LSE,STOP,PARTIAL_FILL,FOK,WF,SIP
2024-09-13T12:39:07.996348Z,2024-09-17,TRD_403611B7532B,CUST_00001,CUST_00001_INVESTMENT_01,ORD_2E5D7914F378,EXE_8D15D2F4CC4E,ABB,CH1822042846,2,443.6924,109.69,CHF,-48668.62,389.349,-48279.27,CHF,-48668.62,-48279.27,1.0,SIX,STOP,CANCELED,DAY,JPM,SIP
2024-09-13T16:22:42.253248Z,2024-09-17,TRD_73718C3A53F2,CUST_00001,CUST_00001_INVESTMENT_01,ORD_42E02A2E538A,EXE_CE0E7C613B47,9433,JP6483448020,2,903.2395,4901.0,JPY,-4426776.79,26560.6607,-4400216.13,CHF,-4426776.79,-4400216.13,1.0,TSE,MARKET,REPLACED,DAY,CS,BLOCK
2024-09-13T16:14:55.057791Z,2024-09-17,TRD_DEC893DE2FAE,CUST_00001,CUST_00001_INVESTMENT_01,ORD_6CAFC00222C9,EXE_0FED497F5462,ROG,CH9667693077,2,428.4442,918.23,CHF,-393410.32,3147.2825,-390263.04,CHF,-393410.32,-390263.04,1.0,SIX,MARKET,NEW,GTC,BAML,CROSS
