trade_date,settlement_date,trade_id,customer_id,account_number,order_id,exec_id,symbol,isin,side,quantity,price,currency,gross_amount,commission,net_amount,base_currency,base_gross_amount,base_net_amount,fx_rate,market,order_type,exec_type,time_in_force,broker_id,venue
2024-12-04T10:58:17.974151Z,2024-12-06,TRD_A36E3EF8A664,CUST_00001,CUST_00001_INVESTMENT_01,ORD_C10450AE7C42,EXE_AE6AF10C3D7B,4502,JP6956310117,2,636.409,4120.0,JPY,-2622005.08,15732.0305,-2606273.05,CHF,-2622005.08,-2606273.05,1.0,TSE,STOP_LIMIT,CANCELED,IOC,GS,CROSS
2024-12-04T10:10:01.809156Z,2024-12-06,TRD_76A8430E8AB4,CUST_00001,CUST_00001_INVESTMENT_01,ORD_B025EEF5761F,EXE_4FD9AA0AC6FF,GOOGL,US4495465771,1,369.4352,256.06,USD,94597.58,472.9879,94124.59,CHF,94597.58,94124.59,1.0,NYSE,LIMIT,CANCELED,FOK,WF,DARK
2024-12-04T11:37:00.470211Z,2024-12-06,TRD_5CF3EEEF90B8,CUST_00001,CUST_00001_INVESTMENT_01,ORD_617B652FD9B8,EXE_D793AFE4622B,DTE,DE4898278749,1,838.0356,66.23,EUR,55503.1,222.0124,55281.09,CHF,55503.1,55281.09,1.0,XETRA,MARKET,CANCELED,FOK,BAML,DARK
2024-12-04T10:58:11.509320Z,2024-12-06,TRD_CD2DB31CD317,CUST_00001,CUST_00001_INVESTMENT_01,ORD_D6D7A40FBA23,EXE_20052385C5FC,AZN,GB3492812883,2,475.5596,1356.75,GBP,-645215.49,3871.2929,-641344.19,CHF,-645215.49,-641344.19,1.0,LSE,STOP_LIMIT,REPLACED,IOC,CITI,BLOCK
2024-12-04T13:06:19.146643Z,2024-12-06,TRD_6D9645F06D41,CUST_00001,CUST_00001_INVESTMENT_01,ORD_049DD9448F0A,EXE_9939CAEAD84D,6758,JP8758755606,2,89.6989,2209.0,JPY,-198144.87,1188.8692,-196956.0,CHF,-198144.87,-196956.0,1.0,TSE,STOP_LIMIT,FILL,FOK,BAML,DARK
