trade_date,settlement_date,trade_id,customer_id,account_number,order_id,exec_id,symbol,isin,side,quantity,price,currency,gross_amount,commission,net_amount,base_currency,base_gross_amount,base_net_amount,fx_rate,market,order_type,exec_type,time_in_force,broker_id,venue
2023-11-20T12:14:29.429586Z,2023-11-22,TRD_90965C8B69B5,CUST_00001,CUST_00001_INVESTMENT_01,ORD_0791F045FEC8,EXE_052D7F8F205E,V,US8826525339,2,228.7631,216.78,USD,-49591.26,247.9563,-49343.31,CHF,-49591.26,-49343.31,1.0,NYSE,STOP_LIMIT,NEW,GTC,WF,CROSS
2023-11-20T16:40:11.398456Z,2023-11-22,TRD_68D278BC8D58,CUST_00001,CUST_00001_INVESTMENT_01,ORD_936E1DAF7771,EXE_174F4FC44A1A,8306,JP1751026216,2,417.1177,3838.0,JPY,-1600897.73,9605.3864,-1591292.35,CHF,-1600897.73,-1591292.35,1.0,TSE,MARKET,PARTIAL_FILL,GTC,CS,DARK
2023-11-20T09:30:08.412228Z,2023-11-22,TRD_57EB5E3EDB8C,CUST_00001,CUST_00001_INVESTMENT_01,ORD_2B490644D099,EXE_15CFA2D30119,4063,JP6874606637,1,16.1014,3310.0,JPY,53295.63,319.7738,52975.86,CHF,53295.63,52975.86,1.0,TSE,STOP_LIMIT,REPLACED,IOC,WF,DARK
2023-11-20T16:42:11.172365Z,2023-11-22,TRD_43385809EC72,CUST_00001,CUST_00001_INVESTMENT_01,ORD_CFFC25CA9431,EXE_9EB9055624A5,DAI,DE8326601796,2,956.8516,99.27,EUR,-94986.66,379.9466,-94606.71,CHF,-94986.66,-94606.71,1.0,XETRA,LIMIT,PARTIAL_FILL,IOC,DB,CROSS
2023-11-20T12:20:44.163417Z,2023-11-22,TRD_E41CA6624EB4,CUST_00001,CUST_00001_INVESTMENT_01,ORD_76897FCD68F9,EXE_10D565BB38EC,MSFT,US2130257309,1,843.4622,148.64,USD,125372.22,626.8611,124745.36,CHF,125372.22,124745.36,1.0,NYSE,MARKET,CANCELED,DAY,DB,DARK
