trade_date,settlement_date,trade_id,customer_id,account_number,order_id,exec_id,symbol,isin,side,quantity,price,currency,gross_amount,commission,net_amount,base_currency,base_gross_amount,base_net_amount,fx_rate,market,order_type,exec_type,time_in_force,broker_id,venue
2023-11-21T16:23:17.317994Z,2023-11-23,TRD_3814B4574B3C,CUST_00001,CUST_00001_INVESTMENT_01,ORD_D1AF2E44B2F6,EXE_5056109206EE,ABB,CH4659270786,1,535.218,451.71,CHF,241763.32,1934.1066,239829.22,CHF,241763.32,239829.22,1.0,SIX,STOP,REPLACED,GTC,JPM,DARK
2023-11-21T14:39:00.465309Z,2023-11-23,TRD_3540E1172122,CUST_00001,CUST_00001_INVESTMENT_01,ORD_4796D51388BC,EXE_20236DF69BBF,ADBE,US1978947675,2,423.4158,73.85,USD,-31269.26,156.3463,-31112.91,CHF,-31269.26,-31112.91,1.0,NASDAQ,STOP,PARTIAL_FILL,IOC,DB,SIP
2023-11-21T16:13:36.964646Z,2023-11-23,TRD_92A705AD3108,CUST_00001,CUST_00001_INVESTMENT_01,ORD_14BC80A9A9FC,EXE_0A4D62C7EDB2,6861,JP4675292942,2,611.725,3674.0,JPY,-2247477.65,13484.8659,-2233992.78,CHF,-2247477.65,-2233992.78,1.0,TSE,MARKET,PARTIAL_FILL,FOK,CITI,BATS
2023-11-21T13:06:51.635200Z,2023-11-23,TRD_F530071988E7,CUST_00001,CUST_00001_INVESTMENT_01,ORD_9B019287318B,EXE_945621A10DB3,BARC,GB8265643686,1,935.7576,603.95,GBP,565150.8,3390.9048,561759.9,CHF,565150.8,561759.9,1.0,LSE,STOP_LIMIT,PARTIAL_FILL,DAY,WF,BLOCK
