trade_date,settlement_date,trade_id,customer_id,account_number,order_id,exec_id,symbol,isin,side,quantity,price,currency,gross_amount,commission,net_amount,base_currency,base_gross_amount,base_net_amount,fx_rate,market,order_type,exec_type,time_in_force,broker_id,venue
2024-08-22T11:30:42.747780Z,2024-08-26,TRD_05F66D5545D1,CUST_00001,CUST_00001_INVESTMENT_01,ORD_C535A95F7B83,EXE_EB5B5B62D7D2,CFR,CH2854622467,2,778.1062,73.55,CHF,-57229.71,457.8377,-56771.87,CHF,-57229.71,-56771.87,1.0,SIX,STOP,REPLACED,GTC,BAML,CROSS
2024-08-22T10:29:25.672011Z,2024-08-26,TRD_ECBE926B37D7,CUST_00001,CUST_00001_INVESTMENT_01,ORD_0D5701787704,EXE_04BEA6F6DB4F,DAI,DE3538000871,1,338.0244,85.55,EUR,28917.99,115.6719,28802.32,CHF,28917.99,28802.32,1.0,XETRA,STOP,NEW,IOC,DB,SIP
2024-08-22T11:36:30.298266Z,2024-08-26,TRD_1387C2EACB79,CUST_00001,CUST_00001_INVESTMENT_01,ORD_3B0301AFD083,EXE_816043D4A853,AMZN,US1243983864,2,402.408,261.28,USD,-105141.16,525.7058,-104615.46,CHF,-105141.16,-104615.46,1.0,NASDAQ,STOP,REPLACED,IOC,CS,CHI-X
2024-08-22T11:39:01.859222Z,2024-08-26,TRD_09E99E8C23B2,CUST_00001,CUST_00001_INVESTMENT_01,ORD_C33A5AE13850,EXE_0AC928EFB1E6,UHR,CH1073155621,2,480.3539,377.09,CHF,-181136.65,1449.0932,-179687.56,CHF,-181136.65,-179687.56,1.0,SIX,LIMIT,REPLACED,GTC,BAML,DARK
2024-08-22T16:09:17.232081Z,2024-08-26,TRD_6656EF466017,CUST_00001,CUST_00001_INVESTMENT_01,ORD_C502AE3CB974,EXE_CD470C9EAB69,GSK,GB3237480467,2,942.2713,616.95,GBP,-581334.28,3488.0057,-577846.27,CHF,-581334.28,-577846.27,1.0,LSE,STOP,REPLACED,GTC,CITI,CHI-X
