trade_date,settlement_date,trade_id,customer_id,account_number,order_id,exec_id,symbol,isin,side,quantity,price,currency,gross_amount,commission,net_amount,base_currency,base_gross_amount,base_net_amount,fx_rate,market,order_type,exec_type,time_in_force,broker_id,venue
2025-06-26T14:05:42.569180Z,2025-06-30,TRD_BAB6B48F0195,CUST_00001,CUST_00001_INVESTMENT_01,ORD_50704C09D166,EXE_DA5911775A52,SHEL,GB8657990225,2,392.6409,608.95,GBP,-239098.68,1434.5921,-237664.08,CHF,-239098.68,-237664.08,1.0,LSE,MARKET,CANCELED,FOK,UBS,BLOCK
2025-06-26T09:08:09.018788Z,2025-06-30,TRD_020EB06EF572,CUST_00001,CUST_00001_INVESTMENT_01,ORD_894FF14BCFBC,EXE_338F4E8D5129,META,US4174087252,2,901.8657,249.37,USD,-224898.25,1124.4912,-223773.76,CHF,-224898.25,-223773.76,1.0,NASDAQ,STOP_LIMIT,REPLACED,DAY,MS,BLOCK
2025-06-26T15:25:09.536118Z,2025-06-30,TRD_07459283E7D0,CUST_00001,CUST_00001_INVESTMENT_01,ORD_B5192E332974,EXE_3A04400C38AC,ADBE,US4126508939,2,763.737,184.02,USD,-140542.88,702.7144,-139840.17,CHF,-140542.88,-139840.17,1.0,NASDAQ,LIMIT,REPLACED,DAY,CITI,BLOCK
2025-06-26T10:27:20.711371Z,2025-06-30,TRD_7554A95ED0F6,CUST_00001,CUST_00001_INVESTMENT_01,ORD_173F44FC5441,EXE_4D284638DDA2,BAS,DE5780895165,1,934.9826,123.24,EUR,115227.26,460.909,114766.35,CHF,115227.26,114766.35,1.0,XETRA,STOP_LIMIT,PARTIAL_FILL,GTC,MS,CHI-X
