trade_date,settlement_date,trade_id,customer_id,account_number,order_id,exec_id,symbol,isin,side,quantity,price,currency,gross_amount,commission,net_amount,base_currency,base_gross_amount,base_net_amount,fx_rate,market,order_type,exec_type,time_in_force,broker_id,venue
2025-09-22T09:58:09.803065Z,2025-09-24,TRD_D4F7620822AF,CUST_00001,CUST_00001_INVESTMENT_01,ORD_FD6DEC3847C4,EXE_65ED8F71C55E,HSBA,GB4236131278,2,67.4701,1675.12,GBP,-113020.51,678.1231,-112342.39,CHF,-113020.51,-112342.39,1.0,LSE,STOP,FILL,GTC,JPM,CROSS
2025-09-22T12:09:01.798539Z,2025-09-24,TRD_E2C10C27F15D,CUST_00001,CUST_00001_INVESTMENT_01,ORD_EF8298077CD0,EXE_95AE463D849E,BARC,GB2077695669,2,760.3982,151.6,GBP,-115276.37,691.6582,-114584.71,CHF,-115276.37,-114584.71,1.0,LSE,STOP,CANCELED,GTC,MS,CROSS
2025-09-22T11:29:32.436805Z,2025-09-24,TRD_9B31135C5795,CUST_00001,CUST_00001_INVESTMENT_01,ORD_F8DC6213887C,EXE_FF6CC8B26D95,NESN,CH5359637661,2,374.6854,421.43,CHF,-157903.67,1263.2293,-156640.44,CHF,-157903.67,-156640.44,1.0,SIX,MARKET,FILL,GTC,GS,BATS
2025-09-22T11:31:47.070589Z,2025-09-24,TRD_ED0F073095C7,CUST_00001,CUST_00001_INVESTMENT_01,ORD_D8175A7A79C8,EXE_5D2F70490812,ALV,DE3136881026,2,974.1195,65.41,EUR,-63717.16,254.8686,-63462.29,CHF,-63717.16,-63462.29,1.0,XETRA,STOP_LIMIT,REPLACED,DAY,GS,SIP
2025-09-22T15:48:49.172306Z,2025-09-24,TRD_AFD7F04339C6,CUST_00001,CUST_00001_INVESTMENT_01,ORD_65F95B06C24D,EXE_03E976008558,NOVN,CH5087017604,2,686.0571,486.64,CHF,-333862.83,2670.9026,-331191.92,CHF,-333862.83,-331191.92,1.0,SIX,STOP_LIMIT,PARTIAL_FILL,GTC,WF,BATS
2025-09-22T14:17:46.075897Z,2025-09-24,TRD_EAD298E5198C,CUST_00001,CUST_00001_INVESTMENT_01,ORD_0D53016507CC,EXE_AE0DB86B25EF,AMZN,US3811583596,2,50.4796,71.15,USD,-3591.62,17.9581,-3573.67,CHF,-3591.62,-3573.67,1.0,NASDAQ,LIMIT,REPLACED,FOK,DB,CHI-X
2025-09-22T13:47:22.608882Z,2025-09-24,TRD_3C8B3D01B97F,CUST_00001,CUST_00001_INVESTMENT_01,ORD_A12F6F7621A9,EXE_51804C3DBF68,CFR,CH2910734495,2,953.8335,155.31,CHF,-148139.88,1185.119,-146954.76,CHF,-148139.88,-146954.76,1.0,SIX,MARKET,REPLACED,FOK,CITI,CROSS
2025-09-22T11:15:19.071545Z,2025-09-24,TRD_655AD2A3F2A7,CUST_00001,CUST_00001_INVESTMENT_01,ORD_F9A4E7C198AF,EXE_C671C51CE37B,SAP,DE1819581393,2,35.7152,91.36,EUR,-3262.94,13.0518,-3249.89,CHF,-3262.94,-3249.89,1.0,XETRA,STOP_LIMIT,FILL,IOC,MS,CHI-X
