trade_date,settlement_date,trade_id,customer_id,account_number,order_id,exec_id,symbol,isin,side,quantity,price,currency,gross_amount,commission,net_amount,base_currency,base_gross_amount,base_net_amount,fx_rate,market,order_type,exec_type,time_in_force,broker_id,venue
2023-10-30T09:33:13.344642Z,2023-11-01,TRD_EA860BD377B3,CUST_00001,CUST_00001_INVESTMENT_01,ORD_01FB67A6D546,EXE_6FA3BAE026F8,7203,JP8042336579,1,258.5489,1095.0,JPY,283111.05,1698.6663,281412.38,CHF,283111.05,281412.38,1.0,TSE,MARKET,PARTIAL_FILL,IOC,UBS,CROSS
2023-10-30T13:35:40.798680Z,2023-11-01,TRD_F0B19B6FF882,CUST_00001,CUST_00001_INVESTMENT_01,ORD_982F71D0A490,EXE_83B464E6B010,CFR,CH7634734075,2,428.9847,780.81,CHF,-334955.54,2679.6443,-332275.9,CHF,-334955.54,-332275.9,1.0,SIX,STOP,FILL,FOK,CITI,BLOCK
2023-10-30T13:03:37.278221Z,2023-11-01,TRD_F8D5D387D881,CUST_00001,CUST_00001_INVESTMENT_01,ORD_0F318BBAC3C7,EXE_9E8A61248512,4063,JP1999310845,1,203.7696,3913.0,JPY,797350.44,4784.1027,792566.34,CHF,797350.44,792566.34,1.0,TSE,MARKET,FILL,IOC,JPM,SIP
2023-10-30T12:56:15.069171Z,2023-11-01,TRD_2D3540D763FB,CUST_00001,CUST_00001_INVESTMENT_01,ORD_B20A1C561605,EXE_0C965FA2CA04,BAS,DE6731625736,1,480.9542,26.01,EUR,12509.62,50.0385,12459.58,CHF,12509.62,12459.58,1.0,XETRA,MARKET,NEW,FOK,JPM,SIP
2023-10-30T10:26:57.876610Z,2023-11-01,TRD_3CAE7C8AA640,CUST_00001,CUST_00001_INVESTMENT_01,ORD_7666F6ABAA13,EXE_98B95A3FB14F,4502,JP5751016720,2,585.7328,2883.0,JPY,-1688667.66,10132.006,-1678535.66,CHF,-1688667.66,-1678535.66,1.0,TSE,STOP_LIMIT,CANCELED,FOK,DB,DARK
