trade_date,settlement_date,trade_id,customer_id,account_number,order_id,exec_id,symbol,isin,side,quantity,price,currency,gross_amount,commission,net_amount,base_currency,base_gross_amount,base_net_amount,fx_rate,market,order_type,exec_type,time_in_force,broker_id,venue
2024-12-06T11:31:26.586555Z,2024-12-10,TRD_05172CDAE9D1,CUST_00001,CUST_00001_INVESTMENT_02,ORD_79F32BEEDDC0,EXE_6E5DCE85F8C1,ABB,CH2841052088,1,752.9027,90.19,CHF,67904.29,543.2344,67361.06,CHF,67904.29,67361.06,1.0,SIX,STOP_LIMIT,PARTIAL_FILL,DAY,WF,SIP
2024-12-06T13:16:21.913896Z,2024-12-10,TRD_BE2D81BFA99B,CUST_00001,CUST_00001_INVESTMENT_02,ORD_6C10863F6F94,EXE_7FCFB5190A89,SHEL,GB3955179961,2,964.6093,832.67,GBP,-803201.23,4819.2074,-798382.02,CHF,-803201.23,-798382.02,1.0,LSE,STOP_LIMIT,REPLACED,FOK,JPM,CHI-X
2024-12-06T13:10:46.495003Z,2024-12-10,TRD_D2B8DBFB9A5A,CUST_00001,CUST_00001_INVESTMENT_02,ORD_62009D2C7E7E,EXE_BD3B9A041525,BARC,GB6714222367,2,748.1789,1722.58,GBP,-1288798.01,7732.7881,-1281065.22,CHF,-1288798.01,-1281065.22,1.0,LSE,MARKET,FILL,GTC,BAML,CROSS
2024-12-06T09:31:10.795660Z,2024-12-10,TRD_2163EA25AF4B,CUST_00001,CUST_00001_INVESTMENT_02,ORD_36F270B6AFD2,EXE_B95CC152D2C5,ALV,DE8724644376,2,432.5209,31.78,EUR,-13745.51,54.9821,-13690.53,CHF,-13745.51,-13690.53,1.0,XETRA,STOP,PARTIAL_FILL,FOK,WF,BATS
2024-12-06T14:45:19.192565Z,2024-12-10,TRD_6AFDBBF9C103,CUST_00001,CUST_00001_INVESTMENT_02,ORD_58BA7345C4B0,EXE_758D968A1498,NESN,CH9959708220,2,198.8547,230.26,CHF,-45788.28,366.3063,-45421.98,CHF,-45788.28,-45421.98,1.0,SIX,MARKET,REPLACED,FOK,CS,SIP
2024-12-06T16:24:42.724110Z,2024-12-10,TRD_EFCFD19FB8C4,CUST_00001,CUST_00001_INVESTMENT_02,ORD_5969788BFFA9,EXE_9C457FB9CEC6,V,US3530789070,1,225.429,237.03,USD,53433.44,267.1672,53166.27,CHF,53433.44,53166.27,1.0,NYSE,STOP_LIMIT,REPLACED,DAY,CITI,BLOCK
