trade_date,settlement_date,trade_id,customer_id,account_number,order_id,exec_id,symbol,isin,side,quantity,price,currency,gross_amount,commission,net_amount,base_currency,base_gross_amount,base_net_amount,fx_rate,market,order_type,exec_type,time_in_force,broker_id,venue
2023-10-25T11:04:01.341656Z,2023-10-27,TRD_39FF82CB305C,CUST_00001,CUST_00001_INVESTMENT_01,ORD_E9DB4E88333C,EXE_5AD7FA4CC785,META,US7837430311,2,892.3388,110.29,USD,-98416.05,492.0802,-97923.97,CHF,-98416.05,-97923.97,1.0,NYSE,STOP_LIMIT,NEW,IOC,UBS,DARK
2023-10-25T14:53:39.433665Z,2023-10-27,TRD_DD7429FD8DD5,CUST_00001,CUST_00001_INVESTMENT_01,ORD_39F43DB8BD34,EXE_94BBA25DE710,DTE,DE8178396031,1,348.165,61.34,EUR,21356.44,85.4258,21271.02,CHF,21356.44,21271.02,1.0,XETRA,LIMIT,PARTIAL_FILL,DAY,JPM,DARK
2023-10-25T09:26:35.313711Z,2023-10-27,TRD_57F1CB34E421,CUST_00001,CUST_00001_INVESTMENT_01,ORD_ED60AB60F64C,EXE_9939FAB0B479,6758,JP7664101156,1,988.5406,3975.0,JPY,3929448.89,23576.6933,3905872.19,CHF,3929448.89,3905872.19,1.0,TSE,STOP_LIMIT,NEW,GTC,MS,BLOCK
2023-10-25T11:54:24.179208Z,2023-10-27,TRD_2742DFBF1C37,CUST_00001,CUST_00001_INVESTMENT_01,ORD_D7CB16574DFC,EXE_E3D058BD1B99,MSFT,US2414450202,2,240.9383,102.19,USD,-24621.48,123.1074,-24498.38,CHF,-24621.48,-24498.38,1.0,NASDAQ,STOP,CANCELED,IOC,CS,CHI-X
