trade_date,settlement_date,trade_id,customer_id,account_number,order_id,exec_id,symbol,isin,side,quantity,price,currency,gross_amount,commission,net_amount,base_currency,base_gross_amount,base_net_amount,fx_rate,market,order_type,exec_type,time_in_force,broker_id,venue
2025-02-10T15:13:36.314965Z,2025-02-12,TRD_293EA392BEDC,CUST_00001,CUST_00001_INVESTMENT_01,ORD_E4F1EB27FCC3,EXE_A01E1456CA72,AAPL,US1650568117,1,459.5901,166.93,USD,76719.38,383.5969,76335.78,CHF,76719.38,76335.78,1.0,NYSE,MARKET,REPLACED,DAY,CS,SIP
2025-02-10T16:01:44.307864Z,2025-02-12,TRD_CACC3A27B1C3,CUST_00001,CUST_00001_INVESTMENT_01,ORD_8DBDFD2234CE,EXE_7A8897C54303,AAPL,US8765809243,2,368.0786,164.58,USD,-60578.38,302.8919,-60275.48,CHF,-60578.38,-60275.48,1.0,NYSE,LIMIT,FILL,GTC,GS,BATS
2025-02-10T12:19:30.510586Z,2025-02-12,TRD_77D8BEAE47E8,CUST_00001,CUST_00001_INVESTMENT_01,ORD_189C01C0557D,EXE_EDA68BB2F663,SHEL,GB4975914381,1,854.3828,1660.54,GBP,1418736.81,8512.4209,1410224.39,CHF,1418736.81,1410224.39,1.0,LSE,MARKET,PARTIAL_FILL,IOC,WF,SIP
2025-02-10T13:34:00.143159Z,2025-02-12,TRD_CB86D1F5E0E5,CUST_00001,CUST_00001_INVESTMENT_01,ORD_D86700FF99DA,EXE_9A751651B8C2,BARC,GB8325869092,2,295.6054,597.76,GBP,-176701.08,1060.2065,-175640.88,CHF,-176701.08,-175640.88,1.0,LSE,MARKET,CANCELED,GTC,WF,BLOCK
2025-02-10T14:43:16.466023Z,2025-02-12,TRD_D6CDCC64C3E2,CUST_00001,CUST_00001_INVESTMENT_01,ORD_01C53BC33167,EXE_C8185177AFE0,9433,JP3172987432,2,86.5103,4216.0,JPY,-364727.42,2188.3645,-362539.06,CHF,-364727.42,-362539.06,1.0,TSE,STOP_LIMIT,FILL,GTC,BAML,CROSS
