trade_date,settlement_date,trade_id,customer_id,account_number,order_id,exec_id,symbol,isin,side,quantity,price,currency,gross_amount,commission,net_amount,base_currency,base_gross_amount,base_net_amount,fx_rate,market,order_type,exec_type,time_in_force,broker_id,venue
2024-09-05T12:02:03.364825Z,2024-09-09,TRD_C45A2CB3A873,CUST_00001,CUST_00001_INVESTMENT_01,ORD_0934538B1F0A,EXE_F9915B777D9F,IFX,DE8711253343,2,724.258,74.64,EUR,-54058.62,216.2345,-53842.38,CHF,-54058.62,-53842.38,1.0,XETRA,STOP,PARTIAL_FILL,FOK,WF,BATS
2024-09-05T09:30:21.133190Z,2024-09-09,TRD_AB253FDB9C48,CUST_00001,CUST_00001_INVESTMENT_01,ORD_0B731169C27F,EXE_B70A7AD3D726,META,US7814770798,1,275.3456,116.08,USD,31962.12,159.8106,31802.31,CHF,31962.12,31802.31,1.0,NASDAQ,LIMIT,FILL,FOK,BAML,DARK
2024-09-05T12:13:41.944772Z,2024-09-09,TRD_ACAD4BFD1422,CUST_00001,CUST_00001_INVESTMENT_01,ORD_20ABD9484CFD,EXE_047AAE7D6EA8,GOOGL,US5916454227,2,253.5549,208.28,USD,-52810.41,264.0521,-52546.36,CHF,-52810.41,-52546.36,1.0,NYSE,STOP,NEW,DAY,MS,CROSS
2024-09-05T11:30:11.921949Z,2024-09-09,TRD_C2E8C119E6C3,CUST_00001,CUST_00001_INVESTMENT_01,ORD_AB57AA78FE1B,EXE_1B2F30F41275,META,US9816242496,1,907.0041,56.77,USD,51490.62,257.4531,51233.17,CHF,51490.62,51233.17,1.0,NYSE,LIMIT,FILL,GTC,CS,DARK
2024-09-05T10:43:30.355843Z,2024-09-09,TRD_71DABBD977BD,CUST_00001,CUST_00001_INVESTMENT_01,ORD_1A5270A34745,EXE_E59290F9CDD9,GIVN,CH8689142108,2,515.8106,793.04,CHF,-409058.44,3272.4675,-405785.97,CHF,-409058.44,-405785.97,1.0,SIX,STOP_LIMIT,CANCELED,DAY,CITI,SIP
