trade_date,settlement_date,trade_id,customer_id,account_number,order_id,exec_id,symbol,isin,side,quantity,price,currency,gross_amount,commission,net_amount,base_currency,base_gross_amount,base_net_amount,fx_rate,market,order_type,exec_type,time_in_force,broker_id,venue
2024-09-20T12:57:59.873409Z,2024-09-24,TRD_F17341E35706,CUST_00001,CUST_00001_INVESTMENT_02,ORD_2BDD72C8E188,EXE_97177F329F61,7267,JP9060035769,1,859.3213,3460.0,JPY,2973251.7,17839.5102,2955412.19,CHF,2973251.7,2955412.19,1.0,TSE,LIMIT,FILL,FOK,MS,CROSS
2024-09-20T15:28:12.105072Z,2024-09-24,TRD_B5B13CE0C23C,CUST_00001,CUST_00001_INVESTMENT_02,ORD_FAB835FA3BD5,EXE_F84DD224BF56,META,US8293765430,1,660.2591,122.18,USD,80670.46,403.3523,80267.1,CHF,80670.46,80267.1,1.0,NASDAQ,STOP_LIMIT,CANCELED,GTC,MS,BATS
2024-09-20T12:55:19.478940Z,2024-09-24,TRD_7D494D3D345C,CUST_00001,CUST_00001_INVESTMENT_02,ORD_41A684653560,EXE_EBF0767C7FFF,SHEL,GB8539895377,2,914.5391,399.9,GBP,-365724.19,2194.3451,-363529.84,CHF,-365724.19,-363529.84,1.0,LSE,STOP,PARTIAL_FILL,DAY,CS,DARK
2024-09-20T15:26:36.971610Z,2024-09-24,TRD_AA29CD0A347C,CUST_00001,CUST_00001_INVESTMENT_02,ORD_01E8A0651C2C,EXE_B0C6BD09AF8F,8316,JP1210907939,2,913.4807,2569.0,JPY,-2346731.92,14080.3915,-2332651.53,CHF,-2346731.92,-2332651.53,1.0,TSE,STOP_LIMIT,PARTIAL_FILL,IOC,UBS,CHI-X
