trade_date,settlement_date,trade_id,customer_id,account_number,order_id,exec_id,symbol,isin,side,quantity,price,currency,gross_amount,commission,net_amount,base_currency,base_gross_amount,base_net_amount,fx_rate,market,order_type,exec_type,time_in_force,broker_id,venue
2024-12-20T14:52:11.334957Z,2024-12-24,TRD_D49E885D53EA,CUST_00001,CUST_00001_INVESTMENT_01,ORD_1482E7BF67C3,EXE_584EE60A81F9,NVDA,US6967550506,1,621.3662,205.29,USD,127560.27,637.8013,126922.47,CHF,127560.27,126922.47,1.0,NYSE,LIMIT,PARTIAL_FILL,FOK,BAML,SIP
2024-12-20T14:00:27.327069Z,2024-12-24,TRD_7AE400487013,CUST_00001,CUST_00001_INVESTMENT_01,ORD_6CD49DEE6198,EXE_3064C9440B8B,AAPL,US4570480014,2,824.5724,58.85,USD,-48526.09,242.6304,-48283.46,CHF,-48526.09,-48283.46,1.0,NASDAQ,MARKET,CANCELED,FOK,WF,CROSS
2024-12-20T09:39:34.039970Z,2024-12-24,TRD_FB6CAB58C32A,CUST_00001,CUST_00001_INVESTMENT_01,ORD_0D7EDA96A949,EXE_0805989107DD,GOOGL,US6582272214,2,623.5723,268.15,USD,-167210.91,836.0546,-166374.86,CHF,-167210.91,-166374.86,1.0,NASDAQ,LIMIT,REPLACED,IOC,WF,SIP
2024-12-20T09:28:01.995763Z,2024-12-24,TRD_0C6A4489059C,CUST_00001,CUST_00001_INVESTMENT_01,ORD_FC4EC82D460C,EXE_5B4A3C4F234D,TSLA,US3820038154,1,89.264,207.76,USD,18545.49,92.7274,18452.76,CHF,18545.49,18452.76,1.0,NASDAQ,MARKET,PARTIAL_FILL,GTC,DB,SIP
2024-12-20T09:13:11.249737Z,2024-12-24,TRD_AD8F1C399358,CUST_00001,CUST_00001_INVESTMENT_01,ORD_163A9DE94023,EXE_56A6D8B6A6B4,MSFT,US9425119376,2,634.3287,279.53,USD,-177313.9,886.5695,-176427.33,CHF,-177313.9,-176427.33,1.0,NYSE,STOP_LIMIT,PARTIAL_FILL,IOC,TD,CHI-X
