trade_date,settlement_date,trade_id,customer_id,account_number,order_id,exec_id,symbol,isin,side,quantity,price,currency,gross_amount,commission,net_amount,base_currency,base_gross_amount,base_net_amount,fx_rate,market,order_type,exec_type,time_in_force,broker_id,venue
2024-09-26T14:20:03.435670Z,2024-09-30,TRD_555ACC66EDFB,CUST_00001,CUST_00001_INVESTMENT_01,ORD_907F8BC414D2,EXE_624ACE306AB3,AMZN,US1131429134,2,246.6643,158.3,USD,-39046.96,195.2348,-38851.72,CHF,-39046.96,-38851.72,1.0,NYSE,LIMIT,CANCELED,GTC,TD,DARK
2024-09-26T15:06:25.075017Z,2024-09-30,TRD_2F7A2728873C,CUST_00001,CUST_00001_INVESTMENT_01,ORD_DC795B0F513A,EXE_33662477A034,BP,GB5266866471,1,410.4323,289.23,GBP,118709.33,712.256,117997.08,CHF,118709.33,117997.08,1.0,LSE,MARKET,CANCELED,DAY,BAML,SIP
2024-09-26T09:18:45.846367Z,2024-09-30,TRD_7FE9E580B93C,CUST_00001,CUST_00001_INVESTMENT_01,ORD_9FAB0065E114,EXE_F40E75E6C8AC,NVDA,US3618114260,1,521.5151,181.03,USD,94409.88,472.0494,93937.83,CHF,94409.88,93937.83,1.0,NYSE,MARKET,PARTIAL_FILL,FOK,WF,BLOCK
2024-09-26T15:11:25.306945Z,2024-09-30,TRD_37CE147CC76F,CUST_00001,CUST_00001_INVESTMENT_01,ORD_8CAF51045B23,EXE_3252AD8DE4A6,MUV2,DE5675079584,2,452.0137,83.52,EUR,-37752.18,151.0087,-37601.18,CHF,-37752.18,-37601.18,1.0,XETRA,LIMIT,PARTIAL_FILL,GTC,JPM,SIP
2024-09-26T10:20:02.146532Z,2024-09-30,TRD_258B5D250628,CUST_00001,CUST_00001_INVESTMENT_01,ORD_35F5EC597CE8,EXE_4FA42BB6FE5B,BARC,GB7574042403,2,122.9935,555.23,GBP,-68289.68,409.7381,-67879.94,CHF,-68289.68,-67879.94,1.0,LSE,STOP_LIMIT,FILL,FOK,BAML,SIP
