trade_date,settlement_date,trade_id,customer_id,account_number,order_id,exec_id,symbol,isin,side,quantity,price,currency,gross_amount,commission,net_amount,base_currency,base_gross_amount,base_net_amount,fx_rate,market,order_type,exec_type,time_in_force,broker_id,venue
2024-06-03T12:44:31.041187Z,2024-06-05,TRD_6FF548D1F5A4,CUST_00001,CUST_00001_INVESTMENT_01,ORD_D3F0465DC95B,EXE_6EE99D7B2D6F,AZN,GB9334335268,1,115.8699,193.83,GBP,22459.06,134.7544,22324.31,CHF,22459.06,22324.31,1.0,LSE,STOP_LIMIT,FILL,DAY,WF,BATS
2024-06-03T16:13:21.755113Z,2024-06-05,TRD_80A85ED0AA09,CUST_00001,CUST_00001_INVESTMENT_01,ORD_51A68F5354C7,EXE_1A2E1894A880,AMZN,US8674457581,1,465.0238,273.17,USD,127030.55,635.1528,126395.4,CHF,127030.55,126395.4,1.0,NYSE,LIMIT,NEW,DAY,DB,BLOCK
2024-06-03T10:11:07.698149Z,2024-06-05,TRD_A5C52E5F2227,CUST_00001,CUST_00001_INVESTMENT_01,ORD_9D88A028963F,EXE_EB012CF536D3,BP,GB5836784219,1,951.2708,839.81,GBP,798886.73,4793.3204,794093.41,CHF,798886.73,794093.41,1.0,LSE,LIMIT,PARTIAL_FILL,FOK,CS,BATS
2024-06-03T13:40:30.000409Z,2024-06-05,TRD_F356BFD819CA,CUST_00001,CUST_00001_INVESTMENT_01,ORD_5A4B9820291D,EXE_E6FF52A73F97,VOD,GB4325207970,2,975.8404,629.39,GBP,-614184.19,3685.1051,-610499.08,CHF,-614184.19,-610499.08,1.0,LSE,STOP,REPLACED,GTC,DB,CHI-X
2024-06-03T10:53:30.475903Z,2024-06-05,TRD_D96216924CE1,CUST_00001,CUST_00001_INVESTMENT_01,ORD_2F215D3AD602,EXE_86CA1A83E063,MSFT,US2251796291,2,453.2308,269.8,USD,-122281.67,611.4083,-121670.26,CHF,-122281.67,-121670.26,1.0,NYSE,MARKET,FILL,IOC,CITI,BLOCK
