trade_date,settlement_date,trade_id,customer_id,account_number,order_id,exec_id,symbol,isin,side,quantity,price,currency,gross_amount,commission,net_amount,base_currency,base_gross_amount,base_net_amount,fx_rate,market,order_type,exec_type,time_in_force,broker_id,venue
2024-10-23T12:59:34.637307Z,2024-10-25,TRD_84BCE095E8D4,CUST_00001,CUST_00001_INVESTMENT_01,ORD_03151CFB7BEC,EXE_6107C5A170D7,INTC,US5022968059,2,588.9883,258.91,USD,-152494.96,762.4748,-151732.49,CHF,-152494.96,-151732.49,1.0,NASDAQ,LIMIT,NEW,FOK,BAML,DARK
2024-10-23T09:08:38.640951Z,2024-10-25,TRD_7BA685562987,CUST_00001,CUST_00001_INVESTMENT_01,ORD_75F9E5B75CAE,EXE_E932AAEF1B20,UHR,CH7187551847,1,143.2013,401.78,CHF,57535.42,460.2833,57075.13,CHF,57535.42,57075.13,1.0,SIX,STOP,FILL,IOC,UBS,DARK
2024-10-23T11:45:50.220239Z,2024-10-25,TRD_3C7A618D008E,CUST_00001,CUST_00001_INVESTMENT_01,ORD_DE0EE296BF03,EXE_0F77A38AD6E0,AMZN,US2370239031,1,626.3624,174.77,USD,109469.36,547.3468,108922.01,CHF,109469.36,108922.01,1.0,NASDAQ,LIMIT,FILL,IOC,MS,CROSS
2024-10-23T16:04:31.389220Z,2024-10-25,TRD_2311DFE43BB1,CUST_00001,CUST_00001_INVESTMENT_01,ORD_1F74CBAC2053,EXE_3288E5CAD35A,AMZN,US1677419456,1,353.7234,191.7,USD,67808.78,339.0439,67469.73,CHF,67808.78,67469.73,1.0,NASDAQ,STOP,FILL,DAY,GS,CHI-X
2024-10-23T10:01:44.700002Z,2024-10-25,TRD_C90F46F892C0,CUST_00001,CUST_00001_INVESTMENT_01,ORD_BF461BE2B694,EXE_62016DD2644F,DTE,DE5760459631,2,81.6719,44.76,EUR,-3655.63,14.6225,-3641.01,CHF,-3655.63,-3641.01,1.0,XETRA,MARKET,PARTIAL_FILL,GTC,WF,CROSS
2024-10-23T11:44:19.810315Z,2024-10-25,TRD_0322CFD6D198,CUST_00001,CUST_00001_INVESTMENT_01,ORD_E3B1F408A73C,EXE_E773BC230A3D,ABB,CH5183332124,2,499.4929,62.35,CHF,-31143.38,249.1471,-30894.24,CHF,-31143.38,-30894.24,1.0,SIX,LIMIT,FILL,GTC,BAML,CROSS
