trade_date,settlement_date,trade_id,customer_id,account_number,order_id,exec_id,symbol,isin,side,quantity,price,currency,gross_amount,commission,net_amount,base_currency,base_gross_amount,base_net_amount,fx_rate,market,order_type,exec_type,time_in_force,broker_id,venue
2025-06-16T09:52:48.853769Z,2025-06-18,TRD_8B91B9AF39A0,CUST_00001,CUST_00001_INVESTMENT_01,ORD_376192187F63,EXE_61C305DA7DD9,MSFT,US9488341605,1,452.4228,68.64,USD,31054.3,155.2715,30899.03,CHF,31054.3,30899.03,1.0,NASDAQ,STOP_LIMIT,FILL,FOK,UBS,SIP
2025-06-16T16:09:31.778897Z,2025-06-18,TRD_ABCFB0FDAF83,CUST_00001,CUST_00001_INVESTMENT_01,ORD_5DC0D5D8DBB0,EXE_9C8C4264D3A5,ADBE,US9119469404,2,597.544,250.22,USD,-149517.46,747.5873,-148769.87,CHF,-149517.46,-148769.87,1.0,NASDAQ,MARKET,FILL,FOK,WF,BATS
2025-06-16T12:28:10.940361Z,2025-06-18,TRD_54AEC77691C8,CUST_00001,CUST_00001_INVESTMENT_01,ORD_3063DD36281F,EXE_18909B946EC4,INTC,US9653410241,2,402.8844,152.39,USD,-61395.55,306.9778,-61088.58,CHF,-61395.55,-61088.58,1.0,NASDAQ,LIMIT,REPLACED,GTC,CITI,CROSS
2025-06-16T12:46:58.991579Z,2025-06-18,TRD_569EDEE01CDE,CUST_00001,CUST_00001_INVESTMENT_01,ORD_7C6BA7CF9498,EXE_853AAFD15799,MUV2,DE9825497232,1,269.3593,47.81,EUR,12878.07,51.5123,12826.56,CHF,12878.07,12826.56,1.0,XETRA,LIMIT,PARTIAL_FILL,DAY,JPM,SIP
