trade_date,settlement_date,trade_id,customer_id,account_number,order_id,exec_id,symbol,isin,side,quantity,price,currency,gross_amount,commission,net_amount,base_currency,base_gross_amount,base_net_amount,fx_rate,market,order_type,exec_type,time_in_force,broker_id,venue
2023-12-20T14:09:25.850508Z,2023-12-22,TRD_A94E1FB54985,CUST_00001,CUST_00001_INVESTMENT_01,ORD_D365733EE3C9,EXE_3688ED484051,GSK,GB5741864157,2,651.1425,193.24,GBP,-125826.78,754.9607,-125071.82,CHF,-125826.78,-125071.82,1.0,LSE,LIMIT,PARTIAL_FILL,FOK,JPM,BLOCK
2023-12-20T13:19:05.959142Z,2023-12-22,TRD_5D58C85D6D4A,CUST_00001,CUST_00001_INVESTMENT_01,ORD_8E6EF72BD86C,EXE_CD7BA6CBE731,GIVN,CH4928601070,2,962.1185,855.72,CHF,-823304.04,6586.4323,-816717.61,CHF,-823304.04,-816717.61,1.0,SIX,STOP,NEW,DAY,WF,DARK
2023-12-20T11:53:44.759671Z,2023-12-22,TRD_8710E3AAB3B1,CUST_00001,CUST_00001_INVESTMENT_01,ORD_A287EC6B8261,EXE_A5A47C5F7F47,MSFT,US6769174999,2,729.7944,80.78,USD,-58952.79,294.764,-58658.03,CHF,-58952.79,-58658.03,1.0,NYSE,STOP,PARTIAL_FILL,FOK,MS,BATS
2023-12-20T09:24:57.590300Z,2023-12-22,TRD_7E7A5180825B,CUST_00001,CUST_00001_INVESTMENT_01,ORD_DFE367791E6A,EXE_7541988B0E42,7267,JP9360157034,1,911.9484,3946.0,JPY,3598548.39,21591.2903,3576957.1,CHF,3598548.39,3576957.1,1.0,TSE,LIMIT,FILL,IOC,BAML,BATS
