trade_date,settlement_date,trade_id,customer_id,account_number,order_id,exec_id,symbol,isin,side,quantity,price,currency,gross_amount,commission,net_amount,base_currency,base_gross_amount,base_net_amount,fx_rate,market,order_type,exec_type,time_in_force,broker_id,venue
2024-11-14T16:22:22.532345Z,2024-11-18,TRD_60FA002B5221,CUST_00001,CUST_00001_INVESTMENT_02,ORD_31005F44B1FA,EXE_B68FB99C7D88,TSLA,US1631585331,1,972.3138,215.55,USD,209582.24,1047.9112,208534.33,CHF,209582.24,208534.33,1.0,NYSE,STOP,CANCELED,FOK,WF,CHI-X
2024-11-14T09:51:07.461660Z,2024-11-18,TRD_C8EE7C166F9D,CUST_00001,CUST_00001_INVESTMENT_02,ORD_C0FF0150EC81,EXE_80F622C4F598,8306,JP2725241042,1,983.7196,2619.0,JPY,2576361.63,15458.1698,2560903.46,CHF,2576361.63,2560903.46,1.0,TSE,LIMIT,NEW,FOK,CS,DARK
2024-11-14T09:21:52.270696Z,2024-11-18,TRD_B00CE5302845,CUST_00001,CUST_00001_INVESTMENT_02,ORD_5375EB1E7299,EXE_1390B08A93DF,CS,CH4312139567,2,788.4953,528.11,CHF,-416412.25,3331.298,-413080.95,CHF,-416412.25,-413080.95,1.0,SIX,STOP_LIMIT,CANCELED,FOK,JPM,CROSS
2024-11-14T15:24:49.732002Z,2024-11-18,TRD_CECFA64675D7,CUST_00001,CUST_00001_INVESTMENT_02,ORD_37270AD22267,EXE_96752FAEE5C0,ALV,DE9471856457,1,885.3507,81.52,EUR,72173.79,288.6952,71885.09,CHF,72173.79,71885.09,1.0,XETRA,MARKET,NEW,DAY,MS,CHI-X
