trade_date,settlement_date,trade_id,customer_id,account_number,order_id,exec_id,symbol,isin,side,quantity,price,currency,gross_amount,commission,net_amount,base_currency,base_gross_amount,base_net_amount,fx_rate,market,order_type,exec_type,time_in_force,broker_id,venue
2024-09-18T12:34:15.356373Z,2024-09-20,TRD_3AADF5B0C4E8,CUST_00001,CUST_00001_INVESTMENT_01,ORD_55EEE2B2BE6B,EXE_3DB76EEAD849,ALV,DE1320905916,2,447.5977,49.31,EUR,-22071.04,88.2842,-21982.76,CHF,-22071.04,-21982.76,1.0,XETRA,STOP_LIMIT,FILL,IOC,TD,SIP
2024-09-18T16:00:38.507477Z,2024-09-20,TRD_3D141E1628CF,CUST_00001,CUST_00001_INVESTMENT_01,ORD_947D4040001D,EXE_E9178723FC9A,AZN,GB6037050811,1,856.7224,671.74,GBP,575494.7,3452.9682,572041.74,CHF,575494.7,572041.74,1.0,LSE,STOP_LIMIT,FILL,GTC,CITI,DARK
2024-09-18T09:01:35.233451Z,2024-09-20,TRD_D28856553970,CUST_00001,CUST_00001_INVESTMENT_01,ORD_3084BD82BF9B,EXE_948DFF0C2D05,GOOGL,US8827344877,1,673.5739,284.51,USD,191638.51,958.1926,190680.32,CHF,191638.51,190680.32,1.0,NASDAQ,STOP_LIMIT,PARTIAL_FILL,DAY,TD,CROSS
2024-09-18T13:27:36.170050Z,2024-09-20,TRD_A3B27EFC8542,CUST_00001,CUST_00001_INVESTMENT_01,ORD_E77AD6DEAE7F,EXE_8297D83A9E0E,GOOGL,US3317346707,1,76.4581,262.5,USD,20070.25,100.3513,19969.9,CHF,20070.25,19969.9,1.0,NASDAQ,MARKET,NEW,GTC,BAML,CHI-X
