trade_date,settlement_date,trade_id,customer_id,account_number,order_id,exec_id,symbol,isin,side,quantity,price,currency,gross_amount,commission,net_amount,base_currency,base_gross_amount,base_net_amount,fx_rate,market,order_type,exec_type,time_in_force,broker_id,venue
2024-01-17T16:47:55.124788Z,2024-01-19,TRD_473BB4FDB34A,CUST_00001,CUST_00001_INVESTMENT_01,ORD_0E565C398988,EXE_040F9B58F3C8,JNJ,US5456145247,2,619.1216,185.19,USD,-114655.13,573.2756,-114081.85,CHF,-114655.13,-114081.85,1.0,NYSE,LIMIT,NEW,DAY,DB,CHI-X
2024-01-17T09:12:01.972040Z,2024-01-19,TRD_97CD8B336780,CUST_00001,CUST_00001_INVESTMENT_01,ORD_7C5338EA8E01,EXE_A557E0A8819C,SHEL,GB4664522998,2,518.2975,1240.53,GBP,-642963.6,3857.7816,-639105.82,CHF,-642963.6,-639105.82,1.0,LSE,LIMIT,PARTIAL_FILL,FOK,TD,BLOCK
2024-01-17T11:57:20.423896Z,2024-01-19,TRD_101F79EEEA4F,CUST_00001,CUST_00001_INVESTMENT_01,ORD_000B4259DB50,EXE_07C6271B293C,BMW,DE7067216316,1,247.2379,120.25,EUR,29730.36,118.9214,29611.44,CHF,29730.36,29611.44,1.0,XETRA,STOP_LIMIT,CANCELED,FOK,GS,BLOCK
2024-01-17T14:40:52.465838Z,2024-01-19,TRD_A455F7E0E5E8,CUST_00001,CUST_00001_INVESTMENT_01,ORD_2FFE81E0F84F,EXE_C16744907C43,JPM,US7640856903,1,283.869,274.29,USD,77862.43,389.3121,77473.12,CHF,77862.43,77473.12,1.0,NYSE,STOP,REPLACED,FOK,WF,SIP
2024-01-17T15:47:19.407785Z,2024-01-19,TRD_3662826F510A,CUST_00001,CUST_00001_INVESTMENT_01,ORD_11AD3FFF6A14,EXE_771CB11A45D6,DAI,DE9076681014,1,502.6456,148.23,EUR,74507.16,298.0286,74209.13,CHF,74507.16,74209.13,1.0,XETRA,LIMIT,CANCELED,IOC,BAML,CROSS
