trade_date,settlement_date,trade_id,customer_id,account_number,order_id,exec_id,symbol,isin,side,quantity,price,currency,gross_amount,commission,net_amount,base_currency,base_gross_amount,base_net_amount,fx_rate,market,order_type,exec_type,time_in_force,broker_id,venue
2024-07-24T10:16:26.272433Z,2024-07-26,TRD_F2BF62BB6380,CUST_00001,CUST_00001_INVESTMENT_02,ORD_2E6B7BB53C92,EXE_61C317257A1E,SAP,DE1839781347,2,391.7575,85.46,EUR,-33479.6,133.9184,-33345.68,CHF,-33479.6,-33345.68,1.0,XETRA,STOP,CANCELED,DAY,TD,SIP
2024-07-24T10:43:48.750375Z,2024-07-26,TRD_908D1A7A9F1A,CUST_00001,CUST_00001_INVESTMENT_02,ORD_3337F38261FD,EXE_D7481F08E8F2,NOVN,CH1463491136,1,30.6304,929.24,CHF,28462.99,227.7039,28235.29,CHF,28462.99,28235.29,1.0,SIX,LIMIT,CANCELED,FOK,BAML,CHI-X
2024-07-24T10:06:25.478460Z,2024-07-26,TRD_18A780EABBAF,CUST_00001,CUST_00001_INVESTMENT_02,ORD_9C50203B735E,EXE_F73B3810EA61,BT,GB6277364640,2,545.0932,1529.6,GBP,-833774.56,5002.6474,-828771.91,CHF,-833774.56,-828771.91,1.0,LSE,STOP_LIMIT,FILL,FOK,CITI,BATS
2024-07-24T13:48:03.763351Z,2024-07-26,TRD_456C9E787A72,CUST_00001,CUST_00001_INVESTMENT_02,ORD_58A663EFE15A,EXE_0F6E5E69D29D,AZN,GB1224771364,2,170.2897,1123.0,GBP,-191235.33,1147.412,-190087.92,CHF,-191235.33,-190087.92,1.0,LSE,LIMIT,REPLACED,IOC,MS,CHI-X
2024-07-24T11:35:14.995153Z,2024-07-26,TRD_CB549DE9B288,CUST_00001,CUST_00001_INVESTMENT_02,ORD_39D625C2B96C,EXE_263CE3E73997,SHEL,GB7865659896,2,74.3997,1282.81,GBP,-95440.68,572.6441,-94868.04,CHF,-95440.68,-94868.04,1.0,LSE,LIMIT,CANCELED,GTC,UBS,SIP
