trade_date,settlement_date,trade_id,customer_id,account_number,order_id,exec_id,symbol,isin,side,quantity,price,currency,gross_amount,commission,net_amount,base_currency,base_gross_amount,base_net_amount,fx_rate,market,order_type,exec_type,time_in_force,broker_id,venue
2024-04-08T13:21:59.578933Z,2024-04-10,TRD_E89ADBED1364,CUST_00001,CUST_00001_INVESTMENT_02,ORD_936017861BB8,EXE_D31F7093A24E,AAPL,US6910075894,2,345.9656,254.77,USD,-88141.66,440.7083,-87700.95,CHF,-88141.66,-87700.95,1.0,NASDAQ,LIMIT,FILL,DAY,UBS,DARK
2024-04-08T12:47:44.571989Z,2024-04-10,TRD_F0E67A4B6508,CUST_00001,CUST_00001_INVESTMENT_02,ORD_7C7DD56087BE,EXE_396731D2DC2C,ADBE,US5957966038,1,784.4902,249.48,USD,195714.62,978.5731,194736.04,CHF,195714.62,194736.04,1.0,NASDAQ,MARKET,PARTIAL_FILL,DAY,MS,SIP
2024-04-08T13:10:45.638310Z,2024-04-10,TRD_169C8D52771E,CUST_00001,CUST_00001_INVESTMENT_02,ORD_30268A65A0F9,EXE_509ADBC498A0,GIVN,CH7272965929,2,183.2672,591.58,CHF,-108417.21,867.3377,-107549.87,CHF,-108417.21,-107549.87,1.0,SIX,STOP_LIMIT,CANCELED,GTC,CITI,DARK
2024-04-08T11:10:58.236625Z,2024-04-10,TRD_D1C752C1DBDD,CUST_00001,CUST_00001_INVESTMENT_02,ORD_91B060E54AE2,EXE_1666C230FE37,7203,JP1794325428,2,93.8994,2171.0,JPY,-203855.6,1223.1336,-202632.46,CHF,-203855.6,-202632.46,1.0,TSE,STOP,FILL,IOC,GS,CHI-X
2024-04-08T11:28:23.709451Z,2024-04-10,TRD_2D614150D43E,CUST_00001,CUST_00001_INVESTMENT_02,ORD_005B78D8CFD9,EXE_0FDF07357F07,MUV2,DE2589328072,2,884.6009,43.72,EUR,-38674.75,154.699,-38520.05,CHF,-38674.75,-38520.05,1.0,XETRA,STOP_LIMIT,FILL,DAY,WF,CHI-X
