trade_date,settlement_date,trade_id,customer_id,account_number,order_id,exec_id,symbol,isin,side,quantity,price,currency,gross_amount,commission,net_amount,base_currency,base_gross_amount,base_net_amount,fx_rate,market,order_type,exec_type,time_in_force,broker_id,venue
2024-02-12T11:03:43.181564Z,2024-02-14,TRD_8D05F5E9BDC0,CUST_00001,CUST_00001_INVESTMENT_02,ORD_708722D7F231,EXE_A7A351A39A1E,8306,JP4749286298,1,507.7641,1419.0,JPY,720517.26,4323.1035,716194.15,CHF,720517.26,716194.15,1.0,TSE,STOP_LIMIT,REPLACED,GTC,TD,DARK
2024-02-12T12:12:14.126719Z,2024-02-14,TRD_3BF879054C6D,CUST_00001,CUST_00001_INVESTMENT_02,ORD_424D975ED058,EXE_966C6F68107E,NESN,CH4091736050,2,604.1251,453.91,CHF,-274218.42,2193.7474,-272024.68,CHF,-274218.42,-272024.68,1.0,SIX,LIMIT,NEW,FOK,MS,BLOCK
2024-02-12T16:53:28.417402Z,2024-02-14,TRD_9DD84CADC1FB,CUST_00001,CUST_00001_INVESTMENT_02,ORD_038CABEB6EBE,EXE_32BB9630D344,TSLA,US5662905855,1,984.482,240.11,USD,236383.97,1181.9199,235202.05,CHF,236383.97,235202.05,1.0,NYSE,STOP_LIMIT,CANCELED,IOC,GS,BLOCK
2024-02-12T13:38:18.730593Z,2024-02-14,TRD_5BB11AEA4701,CUST_00001,CUST_00001_INVESTMENT_02,ORD_8C535DFA6E15,EXE_373B7F68AA10,JNJ,US2485457887,1,277.3528,257.4,USD,71390.61,356.9531,71033.66,CHF,71390.61,71033.66,1.0,NYSE,STOP,CANCELED,DAY,WF,BATS
2024-02-12T12:33:28.660876Z,2024-02-14,TRD_C1548D7E736D,CUST_00001,CUST_00001_INVESTMENT_02,ORD_71697801B0C8,EXE_38A65E2B9860,SIE,DE2886492557,1,78.8494,144.01,EUR,11355.1,45.4204,11309.68,CHF,11355.1,11309.68,1.0,XETRA,STOP_LIMIT,NEW,FOK,CITI,SIP
2024-02-12T10:32:00.082416Z,2024-02-14,TRD_F8C6EA0D1731,CUST_00001,CUST_00001_INVESTMENT_02,ORD_B70AA2277DC0,EXE_9264CD68F445,ROG,CH1337987225,2,848.5208,532.65,CHF,-451964.6,3615.7168,-448348.89,CHF,-451964.6,-448348.89,1.0,SIX,MARKET,NEW,GTC,BAML,CROSS
