trade_date,settlement_date,trade_id,customer_id,account_number,order_id,exec_id,symbol,isin,side,quantity,price,currency,gross_amount,commission,net_amount,base_currency,base_gross_amount,base_net_amount,fx_rate,market,order_type,exec_type,time_in_force,broker_id,venue
2024-12-11T09:32:42.435360Z,2024-12-13,TRD_0C186EEE168C,CUST_00001,CUST_00001_INVESTMENT_01,ORD_015EECB8742C,EXE_39CCFB82680F,BT,GB3653761739,1,389.2646,1858.71,GBP,723530.0,4341.18,719188.82,CHF,723530.0,719188.82,1.0,LSE,STOP_LIMIT,CANCELED,IOC,TD,CHI-X
2024-12-11T12:42:12.085478Z,2024-12-13,TRD_452A665BDE53,CUST_00001,CUST_00001_INVESTMENT_01,ORD_A517A3B47EE8,EXE_A380A8F87103,GOOGL,US2447325267,1,751.9286,182.28,USD,137061.55,685.3077,136376.24,CHF,137061.55,136376.24,1.0,NASDAQ,STOP_LIMIT,CANCELED,FOK,CS,BATS
2024-12-11T10:27:27.376808Z,2024-12-13,TRD_787B193893D2,CUST_00001,CUST_00001_INVESTMENT_01,ORD_171ADEAC433A,EXE_68026D0B1DA7,UBSG,CH6964818372,2,466.6789,890.65,CHF,-415647.56,3325.1805,-412322.38,CHF,-415647.56,-412322.38,1.0,SIX,MARKET,CANCELED,IOC,JPM,BLOCK
2024-12-11T12:54:05.600674Z,2024-12-13,TRD_FF18F2D441B3,CUST_00001,CUST_00001_INVESTMENT_01,ORD_AE04DCDFCA62,EXE_61B77CB0D2AA,VOD,GB9098936883,2,166.445,792.86,GBP,-131967.58,791.8055,-131175.78,CHF,-131967.58,-131175.78,1.0,LSE,LIMIT,PARTIAL_FILL,IOC,DB,SIP
2024-12-11T12:29:16.623138Z,2024-12-13,TRD_34A6455A530B,CUST_00001,CUST_00001_INVESTMENT_01,ORD_40A0BB24BFFD,EXE_866BC19B4F93,4502,JP2781172997,2,850.5448,4197.0,JPY,-3569736.53,21418.4192,-3548318.11,CHF,-3569736.53,-3548318.11,1.0,TSE,STOP,PARTIAL_FILL,IOC,MS,BATS
