trade_date,settlement_date,trade_id,customer_id,account_number,order_id,exec_id,symbol,isin,side,quantity,price,currency,gross_amount,commission,net_amount,base_currency,base_gross_amount,base_net_amount,fx_rate,market,order_type,exec_type,time_in_force,broker_id,venue
2025-07-04T09:59:34.121252Z,2025-07-08,TRD_40270082459A,CUST_00001,CUST_00001_INVESTMENT_01,ORD_87EA367EA395,EXE_90DEC20F4D18,UHR,CH3067078922,2,60.9624,66.44,CHF,-4050.34,32.4027,-4017.94,CHF,-4050.34,-4017.94,1.0,SIX,MARKET,PARTIAL_FILL,FOK,MS,DARK
2025-07-04T12:05:35.901577Z,2025-07-08,TRD_9C90E02AAEF0,CUST_00001,CUST_00001_INVESTMENT_01,ORD_81902F5DC517,EXE_804B720AE5B5,CSCO,US8595354064,2,44.8955,233.12,USD,-10466.04,52.3302,-10413.71,CHF,-10466.04,-10413.71,1.0,NASDAQ,STOP,FILL,IOC,TD,CHI-X
2025-07-04T16:01:16.003135Z,2025-07-08,TRD_6ED0AD1CF235,CUST_00001,CUST_00001_INVESTMENT_01,ORD_AD8DE2D21617,EXE_0C34A71586A4,ALV,DE7231262817,1,567.8152,36.2,EUR,20554.91,82.2196,20472.69,CHF,20554.91,20472.69,1.0,XETRA,MARKET,REPLACED,DAY,WF,BLOCK
2025-07-04T09:01:40.382323Z,2025-07-08,TRD_3CF44458012F,CUST_00001,CUST_00001_INVESTMENT_01,ORD_26C794843A76,EXE_3DF3E43568FD,6758,JP7030288156,1,940.7086,4041.0,JPY,3801403.45,22808.4207,3778595.03,CHF,3801403.45,3778595.03,1.0,TSE,MARKET,CANCELED,DAY,DB,BLOCK
