trade_date,settlement_date,trade_id,customer_id,account_number,order_id,exec_id,symbol,isin,side,quantity,price,currency,gross_amount,commission,net_amount,base_currency,base_gross_amount,base_net_amount,fx_rate,market,order_type,exec_type,time_in_force,broker_id,venue
2024-07-04T16:50:38.174552Z,2024-07-08,TRD_63EA21DE3172,CUST_00001,CUST_00001_INVESTMENT_01,ORD_8C85DF4FA129,EXE_7D0EBBAA938C,NOVN,CH4344672281,2,174.8119,744.19,CHF,-130093.27,1040.7461,-129052.52,CHF,-130093.27,-129052.52,1.0,SIX,STOP,FILL,IOC,MS,CHI-X
2024-07-04T11:23:23.814897Z,2024-07-08,TRD_15C494D0C9E1,CUST_00001,CUST_00001_INVESTMENT_01,ORD_DB52893C0427,EXE_2F342A40F784,BMW,DE3815727737,1,649.6034,100.33,EUR,65174.71,260.6988,64914.01,CHF,65174.71,64914.01,1.0,XETRA,MARKET,PARTIAL_FILL,IOC,DB,SIP
2024-07-04T11:51:49.592154Z,2024-07-08,TRD_5A15FEC9494B,CUST_00001,CUST_00001_INVESTMENT_01,ORD_CCE31C1ED91C,EXE_1FC573209980,META,US4865449191,1,83.6155,256.44,USD,21442.36,107.2118,21335.15,CHF,21442.36,21335.15,1.0,NYSE,LIMIT,NEW,DAY,MS,CROSS
2024-07-04T11:06:40.980989Z,2024-07-08,TRD_3E8F5FE65B6C,CUST_00001,CUST_00001_INVESTMENT_01,ORD_72A8EC9CF81A,EXE_539EC07210B9,JPM,US4964379339,2,180.608,156.13,USD,-28198.33,140.9916,-28057.34,CHF,-28198.33,-28057.34,1.0,NYSE,STOP_LIMIT,REPLACED,IOC,GS,SIP
2024-07-04T16:35:56.025250Z,2024-07-08,TRD_784127C14E41,CUST_00001,CUST_00001_INVESTMENT_01,ORD_7F8C7D19C47E,EXE_0539E05E120B,JNJ,US9894349693,1,331.6943,72.35,USD,23998.08,119.9904,23878.09,CHF,23998.08,23878.09,1.0,NYSE,LIMIT,REPLACED,IOC,DB,BATS
