trade_date,settlement_date,trade_id,customer_id,account_number,order_id,exec_id,symbol,isin,side,quantity,price,currency,gross_amount,commission,net_amount,base_currency,base_gross_amount,base_net_amount,fx_rate,market,order_type,exec_type,time_in_force,broker_id,venue
2024-09-25T15:04:14.801532Z,2024-09-27,TRD_580B2D268F40,CUST_00001,CUST_00001_INVESTMENT_01,ORD_3ADE827C918D,EXE_778182DE890F,BAS,DE8080549281,1,430.847,27.19,EUR,11714.73,46.8589,11667.87,CHF,11714.73,11667.87,1.0,XETRA,STOP_LIMIT,FILL,IOC,DB,DARK
2024-09-25T16:24:36.291415Z,2024-09-27,TRD_FA3717910F02,CUST_00001,CUST_00001_INVESTMENT_01,ORD_BDC43260C3E0,EXE_8FDD1C70252F,CSCO,US9518083802,1,734.4147,298.59,USD,219288.89,1096.4444,218192.44,CHF,219288.89,218192.44,1.0,NASDAQ,LIMIT,FILL,DAY,CS,CROSS
2024-09-25T11:01:47.498681Z,2024-09-27,TRD_40ED8D7BD9B6,CUST_00001,CUST_00001_INVESTMENT_01,ORD_3E792CF0161D,EXE_CFA931F51044,BMW,DE8154053274,2,823.3781,70.36,EUR,-57932.88,231.7315,-57701.15,CHF,-57932.88,-57701.15,1.0,XETRA,STOP,FILL,IOC,UBS,SIP
2024-09-25T14:00:47.672207Z,2024-09-27,TRD_407233515CDD,CUST_00001,CUST_00001_INVESTMENT_01,ORD_C9AB091DEA61,EXE_88B6F9276A61,ZURN,CH7851586982,1,40.2294,742.14,CHF,29855.85,238.8468,29617.0,CHF,29855.85,29617.0,1.0,SIX,MARKET,FILL,DAY,BAML,BATS
