trade_date,settlement_date,trade_id,customer_id,account_number,order_id,exec_id,symbol,isin,side,quantity,price,currency,gross_amount,commission,net_amount,base_currency,base_gross_amount,base_net_amount,fx_rate,market,order_type,exec_type,time_in_force,broker_id,venue
2024-02-08T13:58:51.980814Z,2024-02-12,TRD_A713908046E5,CUST_00001,CUST_00001_INVESTMENT_01,ORD_07B69F24671F,EXE_6E84E2E41485,ALV,DE4485877107,1,684.642,32.57,EUR,22298.79,89.1952,22209.59,CHF,22298.79,22209.59,1.0,XETRA,LIMIT,CANCELED,FOK,GS,CROSS
2024-02-08T14:52:17.548842Z,2024-02-12,TRD_F92A3B42F77C,CUST_00001,CUST_00001_INVESTMENT_01,ORD_D4846C1841E4,EXE_0FB1054533A3,MSFT,US9330457925,2,923.4802,109.99,USD,-101573.59,507.8679,-101065.72,CHF,-101573.59,-101065.72,1.0,NASDAQ,MARKET,PARTIAL_FILL,GTC,GS,BLOCK
2024-02-08T16:29:48.481324Z,2024-02-12,TRD_680B306830CC,CUST_00001,CUST_00001_INVESTMENT_01,ORD_063C676B34E6,EXE_9B652D3B9785,SHEL,GB9968311525,1,433.0253,1577.1,GBP,682924.2,4097.5452,678826.66,CHF,682924.2,678826.66,1.0,LSE,STOP_LIMIT,PARTIAL_FILL,GTC,BAML,BATS
2024-02-08T10:58:44.049568Z,2024-02-12,TRD_9C2BDF043C51,CUST_00001,CUST_00001_INVESTMENT_01,ORD_8686CDF2F43C,EXE_099985CCF5A9,MSFT,US3981096792,2,639.5678,109.69,USD,-70154.19,350.771,-69803.42,CHF,-70154.19,-69803.42,1.0,NASDAQ,STOP,NEW,GTC,TD,BLOCK
2024-02-08T15:37:49.669659Z,2024-02-12,TRD_7ECC02D9EE35,CUST_00001,CUST_00001_INVESTMENT_01,ORD_2AB2A9EC5257,EXE_2CD5DEB03A64,GOOGL,US3722164975,2,58.7543,297.08,USD,-17454.73,87.2736,-17367.45,CHF,-17454.73,-17367.45,1.0,NYSE,STOP,CANCELED,GTC,UBS,DARK
