trade_date,settlement_date,trade_id,customer_id,account_number,order_id,exec_id,symbol,isin,side,quantity,price,currency,gross_amount,commission,net_amount,base_currency,base_gross_amount,base_net_amount,fx_rate,market,order_type,exec_type,time_in_force,broker_id,venue
2024-09-16T10:36:21.989919Z,2024-09-18,TRD_CF7F4C5D3D4C,CUST_00001,CUST_00001_INVESTMENT_01,ORD_4ED2B67DD13A,EXE_DE97D8641F58,7267,JP2185163493,1,680.3982,4517.0,JPY,3073358.67,18440.152,3054918.52,CHF,3073358.67,3054918.52,1.0,TSE,STOP,FILL,IOC,CITI,CHI-X
2024-09-16T09:34:15.111867Z,2024-09-18,TRD_98B850627E4D,CUST_00001,CUST_00001_INVESTMENT_01,ORD_CFBF8E10CFC4,EXE_DAC3D5114894,SAP,DE7881880275,1,21.7784,143.11,EUR,3116.71,12.4668,3104.24,CHF,3116.71,3104.24,1.0,XETRA,STOP,PARTIAL_FILL,GTC,BAML,DARK
2024-09-16T16:10:43.888494Z,2024-09-18,TRD_404F0589ECAE,CUST_00001,CUST_00001_INVESTMENT_01,ORD_3841DAEF375E,EXE_90D9116B83EC,JNJ,US2628591374,1,943.1942,204.26,USD,192656.85,963.2842,191693.56,CHF,192656.85,191693.56,1.0,NYSE,LIMIT,PARTIAL_FILL,IOC,CS,DARK
2024-09-16T11:11:31.058690Z,2024-09-18,TRD_ED23E0A1AC1F,CUST_00001,CUST_00001_INVESTMENT_01,ORD_EB6442788E0D,EXE_660A710F04DE,7267,JP5436939077,1,860.6311,2368.0,JPY,2037974.44,12227.8467,2025746.6,CHF,2037974.44,2025746.6,1.0,TSE,MARKET,NEW,IOC,GS,CROSS
2024-09-16T11:36:53.033112Z,2024-09-18,TRD_D838CA674568,CUST_00001,CUST_00001_INVESTMENT_01,ORD_A8EE117D1A07,EXE_71DF285B7B54,MSFT,US7898464000,2,39.1467,190.52,USD,-7458.23,37.2911,-7420.94,CHF,-7458.23,-7420.94,1.0,NYSE,MARKET,REPLACED,IOC,UBS,SIP
2024-09-16T09:01:29.917031Z,2024-09-18,TRD_E1409A3FFE8D,CUST_00001,CUST_00001_INVESTMENT_01,ORD_1DDC8FA28ADA,EXE_0611B24126BD,BP,GB8553138818,1,271.9205,1828.92,GBP,497320.84,2983.925,494336.92,CHF,497320.84,494336.92,1.0,LSE,STOP_LIMIT,PARTIAL_FILL,GTC,TD,DARK
