trade_date,settlement_date,trade_id,customer_id,account_number,order_id,exec_id,symbol,isin,side,quantity,price,currency,gross_amount,commission,net_amount,base_currency,base_gross_amount,base_net_amount,fx_rate,market,order_type,exec_type,time_in_force,broker_id,venue
2024-06-11T14:19:41.382990Z,2024-06-13,TRD_BE0C5B998F99,CUST_00001,CUST_00001_INVESTMENT_01,ORD_3EC85C64B4F7,EXE_9A724A0F3895,JPM,US3835702588,1,899.2113,64.34,USD,57855.26,289.2763,57565.98,CHF,57855.26,57565.98,1.0,NYSE,MARKET,NEW,FOK,BAML,CROSS
2024-06-11T13:47:06.053343Z,2024-06-13,TRD_D45BFA797938,CUST_00001,CUST_00001_INVESTMENT_01,ORD_BBA20B0CCAA5,EXE_BD944728D2A0,AMZN,US5023318122,2,749.2783,121.28,USD,-90872.47,454.3624,-90418.11,CHF,-90872.47,-90418.11,1.0,NASDAQ,STOP,CANCELED,GTC,BAML,CHI-X
2024-06-11T16:15:40.518506Z,2024-06-13,TRD_66824A2222BF,CUST_00001,CUST_00001_INVESTMENT_01,ORD_CE33F0E3A216,EXE_C6E9D7B62DE8,8306,JP8947914395,2,364.0525,2245.0,JPY,-817297.86,4903.7872,-812394.08,CHF,-817297.86,-812394.08,1.0,TSE,MARKET,CANCELED,IOC,DB,BATS
2024-06-11T10:56:47.642351Z,2024-06-13,TRD_9305C6FD2827,CUST_00001,CUST_00001_INVESTMENT_01,ORD_7E8D411AE80A,EXE_00FB257A3D08,8306,JP7597168369,2,744.4232,2205.0,JPY,-1641453.16,9848.7189,-1631604.44,CHF,-1641453.16,-1631604.44,1.0,TSE,LIMIT,CANCELED,DAY,JPM,CROSS
