trade_date,settlement_date,trade_id,customer_id,account_number,order_id,exec_id,symbol,isin,side,quantity,price,currency,gross_amount,commission,net_amount,base_currency,base_gross_amount,base_net_amount,fx_rate,market,order_type,exec_type,time_in_force,broker_id,venue
2025-06-27T14:59:36.750493Z,2025-07-01,TRD_D6501118DA7C,CUST_00001,CUST_00001_INVESTMENT_02,ORD_ECA46AF296FA,EXE_112B6B7E6870,BP,GB2898296847,1,315.9141,1937.28,GBP,612014.07,3672.0844,608341.98,CHF,612014.07,608341.98,1.0,LSE,STOP_LIMIT,PARTIAL_FILL,DAY,MS,BATS
2025-06-27T12:45:46.572430Z,2025-07-01,TRD_DBDE1FB98FEA,CUST_00001,CUST_00001_INVESTMENT_02,ORD_C1C1E8ED4ABC,EXE_69FB83BA0B96,GSK,GB3719077251,2,416.0742,1325.05,GBP,-551319.12,3307.9147,-548011.2,CHF,-551319.12,-548011.2,1.0,LSE,MARKET,CANCELED,FOK,CITI,CHI-X
2025-06-27T15:03:01.713443Z,2025-07-01,TRD_D77568D30467,CUST_00001,CUST_00001_INVESTMENT_02,ORD_5F150087C4EF,EXE_2C646AD46789,MUV2,DE6717674359,2,172.1285,28.13,EUR,-4841.97,19.3679,-4822.61,CHF,-4841.97,-4822.61,1.0,XETRA,STOP,PARTIAL_FILL,GTC,TD,DARK
2025-06-27T10:52:15.164945Z,2025-07-01,TRD_B7832E74EB35,CUST_00001,CUST_00001_INVESTMENT_02,ORD_79D5D77CFDE2,EXE_55B16C88DDE3,VOW,DE7265067458,2,208.5374,84.93,EUR,-17711.08,70.8443,-17640.24,CHF,-17711.08,-17640.24,1.0,XETRA,MARKET,FILL,GTC,WF,CROSS
2025-06-27T15:56:31.812729Z,2025-07-01,TRD_B6A578FA6D49,CUST_00001,CUST_00001_INVESTMENT_02,ORD_EAA8616F97B5,EXE_ACD0947FDCFD,META,US9749973909,1,993.0282,82.67,USD,82093.64,410.4682,81683.17,CHF,82093.64,81683.17,1.0,NYSE,STOP_LIMIT,FILL,IOC,BAML,BLOCK
