trade_date,settlement_date,trade_id,customer_id,account_number,order_id,exec_id,symbol,isin,side,quantity,price,currency,gross_amount,commission,net_amount,base_currency,base_gross_amount,base_net_amount,fx_rate,market,order_type,exec_type,time_in_force,broker_id,venue
2024-07-26T16:16:34.925940Z,2024-07-30,TRD_596162ADBF63,CUST_00001,CUST_00001_INVESTMENT_01,ORD_3D00EEB7BB52,EXE_D39A5B63084F,CSCO,US6774749945,2,872.25,68.67,USD,-59897.41,299.487,-59597.92,CHF,-59897.41,-59597.92,1.0,NASDAQ,STOP_LIMIT,REPLACED,FOK,BAML,CHI-X
2024-07-26T13:49:48.434131Z,2024-07-30,TRD_B48AFE7C25C0,CUST_00001,CUST_00001_INVESTMENT_01,ORD_AC0B24BEC017,EXE_22E4B08192EC,9984,JP5980876057,1,585.8752,4382.0,JPY,2567305.13,15403.8308,2551901.3,CHF,2567305.13,2551901.3,1.0,TSE,LIMIT,NEW,DAY,CITI,CHI-X
2024-07-26T10:55:07.478542Z,2024-07-30,TRD_354750D0076C,CUST_00001,CUST_00001_INVESTMENT_01,ORD_8CB5989CC8CC,EXE_F4D7613FC0D0,TSLA,US6226733844,2,328.9009,80.27,USD,-26400.88,132.0044,-26268.87,CHF,-26400.88,-26268.87,1.0,NASDAQ,LIMIT,FILL,GTC,CITI,BLOCK
2024-07-26T16:37:34.561611Z,2024-07-30,TRD_88DD34EDFEAA,CUST_00001,CUST_00001_INVESTMENT_01,ORD_C14F3D5F7E15,EXE_2901E7856D7A,7267,JP4857106023,1,683.4778,4926.0,JPY,3366811.64,20200.8699,3346610.77,CHF,3366811.64,3346610.77,1.0,TSE,STOP,CANCELED,DAY,JPM,BLOCK
2024-07-26T13:16:48.969161Z,2024-07-30,TRD_C7EB9848F041,CUST_00001,CUST_00001_INVESTMENT_01,ORD_B28CF1EFCD16,EXE_1B9DDE0E1E19,NOVN,CH8898830616,2,557.9266,382.81,CHF,-213579.88,1708.6391,-211871.24,CHF,-213579.88,-211871.24,1.0,SIX,LIMIT,CANCELED,IOC,CS,CROSS
