trade_date,settlement_date,trade_id,customer_id,account_number,order_id,exec_id,symbol,isin,side,quantity,price,currency,gross_amount,commission,net_amount,base_currency,base_gross_amount,base_net_amount,fx_rate,market,order_type,exec_type,time_in_force,broker_id,venue
2025-02-03T15:26:44.325497Z,2025-02-05,TRD_4FE9CF407ABA,CUST_00001,CUST_00001_INVESTMENT_01,ORD_034CF4B83709,EXE_804C486491A7,GSK,GB1754449361,2,229.6562,240.12,GBP,-55145.05,330.8703,-54814.18,CHF,-55145.05,-54814.18,1.0,LSE,LIMIT,REPLACED,IOC,DB,CHI-X
2025-02-03T09:03:09.122591Z,2025-02-05,TRD_3DBB8B83CFE9,CUST_00001,CUST_00001_INVESTMENT_01,ORD_55ED0E3FB562,EXE_6A7F6F60EDCC,7203,JP2544119003,2,787.092,3913.0,JPY,-3079891.0,18479.346,-3061411.65,CHF,-3079891.0,-3061411.65,1.0,TSE,STOP,CANCELED,DAY,TD,BLOCK
2025-02-03T11:19:58.316075Z,2025-02-05,TRD_3CC72E746342,CUST_00001,CUST_00001_INVESTMENT_01,ORD_C2958425ACB9,EXE_36B806E37B3B,GOOGL,US5981410547,1,935.5567,186.44,USD,174425.19,872.126,173553.07,CHF,174425.19,173553.07,1.0,NASDAQ,MARKET,NEW,IOC,TD,BLOCK
2025-02-03T12:30:33.663910Z,2025-02-05,TRD_B64F7A41412E,CUST_00001,CUST_00001_INVESTMENT_01,ORD_E9211BCF4285,EXE_6E80FCD61C7B,UHR,CH2340049815,2,65.2448,905.64,CHF,-59088.3,472.7064,-58615.59,CHF,-59088.3,-58615.59,1.0,SIX,MARKET,NEW,DAY,TD,CHI-X
