trade_date,settlement_date,trade_id,customer_id,account_number,order_id,exec_id,symbol,isin,side,quantity,price,currency,gross_amount,commission,net_amount,base_currency,base_gross_amount,base_net_amount,fx_rate,market,order_type,exec_type,time_in_force,broker_id,venue
2025-03-13T14:38:10.482067Z,2025-03-17,TRD_4DFFC2249DB8,CUST_00001,CUST_00001_INVESTMENT_01,ORD_6BBD6927F4DA,EXE_20B96F438A63,UHR,CH1567104409,1,291.8428,58.43,CHF,17052.37,136.419,16915.96,CHF,17052.37,16915.96,1.0,SIX,STOP,CANCELED,FOK,MS,BLOCK
2025-03-13T15:27:48.677993Z,2025-03-17,TRD_CAC19CCA9C4C,CUST_00001,CUST_00001_INVESTMENT_01,ORD_6A9117D2EF19,EXE_81590D302513,4063,JP6243730334,2,911.5259,1142.0,JPY,-1040962.58,6245.7755,-1034716.8,CHF,-1040962.58,-1034716.8,1.0,TSE,MARKET,CANCELED,DAY,TD,BATS
2025-03-13T15:18:47.713939Z,2025-03-17,TRD_5593EFBD3759,CUST_00001,CUST_00001_INVESTMENT_01,ORD_CDB39EDA62F1,EXE_9534B3CCEC02,GOOGL,US7728823811,1,653.7903,95.46,USD,62410.82,312.0541,62098.77,CHF,62410.82,62098.77,1.0,NYSE,STOP_LIMIT,CANCELED,DAY,TD,SIP
2025-03-13T15:17:10.789448Z,2025-03-17,TRD_8E0358B6B3C6,CUST_00001,CUST_00001_INVESTMENT_01,ORD_1A2BD62B0A69,EXE_DDD7066A2E1B,BARC,GB8583185186,1,324.6455,1873.26,GBP,608145.43,3648.8726,604496.56,CHF,608145.43,604496.56,1.0,LSE,STOP_LIMIT,FILL,GTC,WF,DARK
2025-03-13T13:48:02.543999Z,2025-03-17,TRD_691E3E208555,CUST_00001,CUST_00001_INVESTMENT_01,ORD_9A66D7530B91,EXE_6589991C63A4,DAI,DE6981292655,2,255.3321,79.33,EUR,-20255.5,81.022,-20174.47,CHF,-20255.5,-20174.47,1.0,XETRA,LIMIT,REPLACED,DAY,CS,BATS
2025-03-13T11:53:12.041305Z,2025-03-17,TRD_6D446E1EE3ED,CUST_00001,CUST_00001_INVESTMENT_01,ORD_70E8A170020D,EXE_1B9A5F9799DB,ALV,DE6980694976,1,819.9187,142.55,EUR,116879.41,467.5176,116411.89,CHF,116879.41,116411.89,1.0,XETRA,STOP_LIMIT,PARTIAL_FILL,DAY,MS,CROSS
