trade_date,settlement_date,trade_id,customer_id,account_number,order_id,exec_id,symbol,isin,side,quantity,price,currency,gross_amount,commission,net_amount,base_currency,base_gross_amount,base_net_amount,fx_rate,market,order_type,exec_type,time_in_force,broker_id,venue
2023-11-16T11:18:08.356842Z,2023-11-20,TRD_3E4B051A3714,CUST_00001,CUST_00001_INVESTMENT_01,ORD_0FEE31CEF503,EXE_EC7B4EF3E213,INTC,US4243419982,2,83.2324,145.65,USD,-12122.8,60.614,-12062.19,CHF,-12122.8,-12062.19,1.0,NASDAQ,MARKET,REPLACED,GTC,BAML,CHI-X
2023-11-16T14:06:56.158880Z,2023-11-20,TRD_11650F79B3C2,CUST_00001,CUST_00001_INVESTMENT_01,ORD_BD66835492FA,EXE_384FEDA318FE,MSFT,US8225844156,1,553.6141,259.3,USD,143552.14,717.7607,142834.38,CHF,143552.14,142834.38,1.0,NYSE,STOP_LIMIT,PARTIAL_FILL,GTC,CS,BLOCK
2023-11-16T11:53:59.192223Z,2023-11-20,TRD_0F31B486832D,CUST_00001,CUST_00001_INVESTMENT_01,ORD_67EEBB34B691,EXE_2090DD11157E,AMZN,US4785624974,1,564.6722,78.07,USD,44083.96,220.4198,43863.54,CHF,44083.96,43863.54,1.0,NASDAQ,STOP,CANCELED,GTC,CS,BATS
2023-11-16T11:45:12.606860Z,2023-11-20,TRD_E8186D994A5C,CUST_00001,CUST_00001_INVESTMENT_01,ORD_02CDA3E59A18,EXE_344B72058583,AAPL,US3669740107,2,697.8281,63.01,USD,-43970.15,219.8507,-43750.3,CHF,-43970.15,-43750.3,1.0,NASDAQ,STOP_LIMIT,REPLACED,DAY,BAML,BLOCK
2023-11-16T10:32:39.553137Z,2023-11-20,TRD_D10B37CBB8B8,CUST_00001,CUST_00001_INVESTMENT_01,ORD_908D9014510A,EXE_29E6B67ED879,BMW,DE5716343158,1,685.9421,71.75,EUR,49216.35,196.8654,49019.48,CHF,49216.35,49019.48,1.0,XETRA,STOP_LIMIT,REPLACED,IOC,JPM,BLOCK
