trade_date,settlement_date,trade_id,customer_id,account_number,order_id,exec_id,symbol,isin,side,quantity,price,currency,gross_amount,commission,net_amount,base_currency,base_gross_amount,base_net_amount,fx_rate,market,order_type,exec_type,time_in_force,broker_id,venue
2024-03-05T14:26:15.063252Z,2024-03-07,TRD_4F47A7BF77AC,CUST_00001,CUST_00001_INVESTMENT_02,ORD_9CF12B4D4891,EXE_6E321633B209,AAPL,US6866648224,2,974.7212,239.49,USD,-233435.98,1167.1799,-232268.8,CHF,-233435.98,-232268.8,1.0,NASDAQ,STOP,PARTIAL_FILL,GTC,UBS,CHI-X
2024-03-05T15:49:23.746892Z,2024-03-07,TRD_F4479DAC4B32,CUST_00001,CUST_00001_INVESTMENT_02,ORD_32C21A5FA1C5,EXE_111065BAF674,SHEL,GB9749379465,2,996.3502,1665.84,GBP,-1659760.02,9958.5601,-1649801.46,CHF,-1659760.02,-1649801.46,1.0,LSE,STOP_LIMIT,NEW,IOC,UBS,BLOCK
2024-03-05T09:30:31.181333Z,2024-03-07,TRD_E3F16B6313EA,CUST_00001,CUST_00001_INVESTMENT_02,ORD_92FD5D30B1A6,EXE_A86C386E7A78,CSCO,US7196645427,2,861.895,250.59,USD,-215982.27,1079.9113,-214902.36,CHF,-215982.27,-214902.36,1.0,NASDAQ,LIMIT,PARTIAL_FILL,GTC,JPM,SIP
2024-03-05T16:17:25.926286Z,2024-03-07,TRD_5D82B728CB72,CUST_00001,CUST_00001_INVESTMENT_02,ORD_9FDE038B80E3,EXE_E6B7AD38E0B3,UHR,CH3453434909,2,201.1028,443.03,CHF,-89094.57,712.7566,-88381.82,CHF,-89094.57,-88381.82,1.0,SIX,MARKET,CANCELED,IOC,BAML,CROSS
2024-03-05T16:12:27.592836Z,2024-03-07,TRD_60E517A0BCCB,CUST_00001,CUST_00001_INVESTMENT_02,ORD_224381177E00,EXE_323F84D56271,GIVN,CH1524333150,1,821.0181,759.07,CHF,623210.21,4985.6817,618224.53,CHF,623210.21,618224.53,1.0,SIX,MARKET,PARTIAL_FILL,IOC,CS,CHI-X
2024-03-05T14:31:29.371214Z,2024-03-07,TRD_BA13E32C8D9C,CUST_00001,CUST_00001_INVESTMENT_02,ORD_0A7C6890285F,EXE_CE0686CC6B07,DTE,DE4266062881,2,496.7572,95.73,EUR,-47554.57,190.2183,-47364.35,CHF,-47554.57,-47364.35,1.0,XETRA,STOP_LIMIT,REPLACED,GTC,DB,CROSS
