trade_date,settlement_date,trade_id,customer_id,account_number,order_id,exec_id,symbol,isin,side,quantity,price,currency,gross_amount,commission,net_amount,base_currency,base_gross_amount,base_net_amount,fx_rate,market,order_type,exec_type,time_in_force,broker_id,venue
2024-10-18T09:19:43.930688Z,2024-10-22,TRD_CB152F687EF7,CUST_00001,CUST_00001_INVESTMENT_01,ORD_8DB4D21CB9C8,EXE_5558BFECF624,VOD,GB2482300074,1,280.1838,1357.25,GBP,380279.46,2281.6768,377997.79,CHF,380279.46,377997.79,1.0,LSE,STOP_LIMIT,NEW,DAY,JPM,BLOCK
2024-10-18T11:26:37.249970Z,2024-10-22,TRD_2FA06666525B,CUST_00001,CUST_00001_INVESTMENT_01,ORD_340F22996F1E,EXE_48B32F693719,9433,JP6535692957,1,351.823,3189.0,JPY,1121963.55,6731.7813,1115231.77,CHF,1121963.55,1115231.77,1.0,TSE,STOP,FILL,DAY,BAML,BATS
2024-10-18T10:55:17.866016Z,2024-10-22,TRD_BA78108D98E8,CUST_00001,CUST_00001_INVESTMENT_01,ORD_153FDF9DFA9D,EXE_F582A0E89625,JPM,US3337493654,2,953.5141,249.04,USD,-237463.15,1187.3158,-236275.84,CHF,-237463.15,-236275.84,1.0,NYSE,STOP,CANCELED,DAY,MS,DARK
2024-10-18T15:51:04.180700Z,2024-10-22,TRD_12E520DA29CC,CUST_00001,CUST_00001_INVESTMENT_01,ORD_A4DF1940952F,EXE_C28B262A2BAC,MSFT,US5530716594,1,300.4466,233.72,USD,70220.38,351.1019,69869.28,CHF,70220.38,69869.28,1.0,NASDAQ,MARKET,FILL,FOK,MS,CROSS
2024-10-18T09:24:15.377704Z,2024-10-22,TRD_258552181666,CUST_00001,CUST_00001_INVESTMENT_01,ORD_0EBCCAFC1DBA,EXE_B5468F341524,BMW,DE8580545429,2,703.0533,124.15,EUR,-87284.07,349.1363,-86934.93,CHF,-87284.07,-86934.93,1.0,XETRA,LIMIT,CANCELED,GTC,UBS,DARK
2024-10-18T16:38:22.711038Z,2024-10-22,TRD_4E23B995B881,CUST_00001,CUST_00001_INVESTMENT_01,ORD_68DCEE4A5AFD,EXE_F21DE7B610EE,9984,JP5137698101,1,756.7171,3406.0,JPY,2577378.44,15464.2707,2561914.17,CHF,2577378.44,2561914.17,1.0,TSE,STOP,CANCELED,FOK,DB,CHI-X
