trade_date,settlement_date,trade_id,customer_id,account_number,order_id,exec_id,symbol,isin,side,quantity,price,currency,gross_amount,commission,net_amount,base_currency,base_gross_amount,base_net_amount,fx_rate,market,order_type,exec_type,time_in_force,broker_id,venue
2025-09-02T15:52:59.246717Z,2025-09-04,TRD_9AB975C83D58,CUST_00001,CUST_00001_INVESTMENT_02,ORD_D7B6F5FEEA43,EXE_D418EB9A9F5C,BP,GB5439575587,1,576.8466,1667.64,GBP,961972.46,5771.8348,956200.63,CHF,961972.46,956200.63,1.0,LSE,STOP,NEW,FOK,DB,DARK
2025-09-02T11:52:26.617249Z,2025-09-04,TRD_2C2E1F9EF221,CUST_00001,CUST_00001_INVESTMENT_02,ORD_8A7D449FAE00,EXE_F7CDA2C09637,JPM,US7926976384,2,238.7017,125.44,USD,-29942.74,149.7137,-29793.03,CHF,-29942.74,-29793.03,1.0,NYSE,STOP,PARTIAL_FILL,IOC,CS,BATS
2025-09-02T16:17:42.088635Z,2025-09-04,TRD_82839299FE3F,CUST_00001,CUST_00001_INVESTMENT_02,ORD_270B1E1993DC,EXE_732F68F1D874,AAPL,US2476719254,2,358.5875,211.36,USD,-75791.05,378.9553,-75412.1,CHF,-75791.05,-75412.1,1.0,NYSE,STOP_LIMIT,REPLACED,DAY,CS,SIP
2025-09-02T10:26:14.485323Z,2025-09-04,TRD_F6A894EC0838,CUST_00001,CUST_00001_INVESTMENT_02,ORD_5DA2FB2E0132,EXE_CB7E1D388E54,8316,JP1986898217,2,740.1741,4323.0,JPY,-3199772.63,19198.6358,-3180574.0,CHF,-3199772.63,-3180574.0,1.0,TSE,STOP,CANCELED,GTC,CITI,BLOCK
2025-09-02T12:51:53.395726Z,2025-09-04,TRD_90A50A5E29E1,CUST_00001,CUST_00001_INVESTMENT_02,ORD_C3670C2AF3B5,EXE_3E7E10BDDBB8,JPM,US8496202526,1,942.1997,271.54,USD,255844.91,1279.2245,254565.68,CHF,255844.91,254565.68,1.0,NYSE,MARKET,CANCELED,IOC,MS,BATS
