trade_date,settlement_date,trade_id,customer_id,account_number,order_id,exec_id,symbol,isin,side,quantity,price,currency,gross_amount,commission,net_amount,base_currency,base_gross_amount,base_net_amount,fx_rate,market,order_type,exec_type,time_in_force,broker_id,venue
2025-08-06T09:52:50.568278Z,2025-08-08,TRD_B9DFA402AA99,CUST_00004,CUST_00004_INVESTMENT_03,ORD_8117BD2F8FAB,EXE_4C6523472B32,GOOGL,US6518522584,2,236.2157,55.99,USD,-13225.72,66.1286,-13159.59,CHF,-13225.72,-13159.59,1.0,NASDAQ,LIMIT,FILL,IOC,CS,BLOCK
2025-08-06T10:03:05.729658Z,2025-08-08,TRD_86AE462D0E54,CUST_00004,CUST_00004_INVESTMENT_03,ORD_3ECD1728A63A,EXE_C6AD89333C9E,6861,JP1915252857,1,213.4261,2150.0,JPY,458866.11,2753.1967,456112.92,CHF,458866.11,456112.92,1.0,TSE,MARKET,NEW,DAY,MS,CROSS
2025-08-06T14:58:58.415980Z,2025-08-08,TRD_19F63DA8B02E,CUST_00004,CUST_00004_INVESTMENT_03,ORD_607131DD8A36,EXE_A108AFC08F0D,DAI,DE6730078258,1,312.8876,69.1,EUR,21620.53,86.4821,21534.05,CHF,21620.53,21534.05,1.0,XETRA,STOP_LIMIT,PARTIAL_FILL,DAY,UBS,BLOCK
2025-08-06T10:56:27.158743Z,2025-08-08,TRD_9E264D857AE7,CUST_00004,CUST_00004_INVESTMENT_03,ORD_5EDDB4EF8961,EXE_E7BC8FDDF106,BP,GB3773622633,2,773.4037,1516.14,GBP,-1172588.29,7035.5297,-1165552.76,CHF,-1172588.29,-1165552.76,1.0,LSE,LIMIT,CANCELED,FOK,MS,BLOCK
2025-08-06T15:50:03.155020Z,2025-08-08,TRD_963DA319360D,CUST_00005,CUST_00005_INVESTMENT_02,ORD_B499B55E7F7F,EXE_635618C28BA9,6758,JP6741713802,2,368.8212,3529.0,JPY,-1301570.01,7809.4201,-1293760.59,CHF,-1301570.01,-1293760.59,1.0,TSE,STOP_LIMIT,PARTIAL_FILL,FOK,CS,SIP
2025-08-06T13:46:03.256375Z,2025-08-08,TRD_EF0B2651AD61,CUST_00005,CUST_00005_INVESTMENT_02,ORD_4A593F2F200E,EXE_AEF7E1D7B1C8,AZN,GB1625074592,2,213.3784,954.79,GBP,-203731.56,1222.3894,-202509.17,CHF,-203731.56,-202509.17,1.0,LSE,STOP,PARTIAL_FILL,FOK,MS,BATS
