trade_date,settlement_date,trade_id,customer_id,account_number,order_id,exec_id,symbol,isin,side,quantity,price,currency,gross_amount,commission,net_amount,base_currency,base_gross_amount,base_net_amount,fx_rate,market,order_type,exec_type,time_in_force,broker_id,venue
2024-03-13T09:39:50.155885Z,2024-03-15,TRD_7B265291496B,CUST_00001,CUST_00001_INVESTMENT_01,ORD_6A095E666397,EXE_B6CF252240C5,GSK,GB3682034995,2,647.4555,1653.98,GBP,-1070878.45,6425.2707,-1064453.18,CHF,-1070878.45,-1064453.18,1.0,LSE,MARKET,FILL,IOC,CITI,CHI-X
2024-03-13T15:54:07.889864Z,2024-03-15,TRD_D8FAA06AA3B7,CUST_00001,CUST_00001_INVESTMENT_01,ORD_EDEC790DF9AD,EXE_AF67B502F3D2,NVDA,US3487386537,2,944.9576,228.39,USD,-215818.87,1079.0943,-214739.77,CHF,-215818.87,-214739.77,1.0,NASDAQ,STOP,PARTIAL_FILL,IOC,UBS,CROSS
2024-03-13T13:59:23.983385Z,2024-03-15,TRD_96FF4580BFE2,CUST_00001,CUST_00001_INVESTMENT_01,ORD_B2E3AC0F0296,EXE_EAB12312FB7E,AMZN,US3552759264,2,924.7033,203.12,USD,-187825.73,939.1287,-186886.61,CHF,-187825.73,-186886.61,1.0,NYSE,STOP,FILL,GTC,CITI,CHI-X
2024-03-13T16:27:55.318279Z,2024-03-15,TRD_391BA4399DE5,CUST_00001,CUST_00001_INVESTMENT_01,ORD_68356BE7066A,EXE_E1DCC27F4179,META,US9537227860,1,436.2333,238.38,USD,103989.29,519.9465,103469.35,CHF,103989.29,103469.35,1.0,NYSE,STOP,FILL,DAY,UBS,CROSS
2024-03-13T15:24:46.263872Z,2024-03-15,TRD_FD10F78A2AB1,CUST_00001,CUST_00001_INVESTMENT_01,ORD_73A40B9CB37A,EXE_A68772160172,SAP,DE7372082853,1,254.6955,80.77,EUR,20571.76,82.287,20489.47,CHF,20571.76,20489.47,1.0,XETRA,LIMIT,PARTIAL_FILL,DAY,TD,DARK
2024-03-13T16:54:16.488137Z,2024-03-15,TRD_A09D83C2049A,CUST_00001,CUST_00001_INVESTMENT_01,ORD_7656810C3CEE,EXE_0782ADF03419,UHR,CH3410052934,2,450.0069,60.61,CHF,-27274.92,218.1993,-27056.72,CHF,-27274.92,-27056.72,1.0,SIX,MARKET,FILL,GTC,UBS,CHI-X
2024-03-13T11:05:54.437485Z,2024-03-15,TRD_5615E1F3A30A,CUST_00001,CUST_00001_INVESTMENT_01,ORD_D1E575325A29,EXE_CF2E4AAB4DE7,JPM,US3291658495,1,291.7163,121.35,USD,35399.77,176.9989,35222.77,CHF,35399.77,35222.77,1.0,NYSE,STOP_LIMIT,CANCELED,DAY,TD,CROSS
