trade_date,settlement_date,trade_id,customer_id,account_number,order_id,exec_id,symbol,isin,side,quantity,price,currency,gross_amount,commission,net_amount,base_currency,base_gross_amount,base_net_amount,fx_rate,market,order_type,exec_type,time_in_force,broker_id,venue
2025-05-08T16:06:28.932785Z,2025-05-12,TRD_4DD75792D92F,CUST_00001,CUST_00001_INVESTMENT_01,ORD_87EF88D75532,EXE_8C3CD5A45568,7203,JP1637246336,1,825.214,1997.0,JPY,1647952.36,9887.7141,1638064.64,CHF,1647952.36,1638064.64,1.0,TSE,STOP,NEW,IOC,BAML,SIP
2025-05-08T14:52:47.456043Z,2025-05-12,TRD_D741817D9AA7,CUST_00001,CUST_00001_INVESTMENT_01,ORD_18D7316FC16B,EXE_ACA6C15FB51C,8306,JP9147116062,1,787.6865,3489.0,JPY,2748238.2,16489.4292,2731748.77,CHF,2748238.2,2731748.77,1.0,TSE,LIMIT,PARTIAL_FILL,FOK,CS,BATS
2025-05-08T09:19:08.189979Z,2025-05-12,TRD_6ED98CC79523,CUST_00001,CUST_00001_INVESTMENT_01,ORD_1EC70AA09065,EXE_FC2864D2DEB1,7203,JP5325751603,1,647.4388,4757.0,JPY,3079866.37,18479.1982,3061387.17,CHF,3079866.37,3061387.17,1.0,TSE,STOP,CANCELED,FOK,CITI,DARK
2025-05-08T12:18:48.129391Z,2025-05-12,TRD_40949C7BE084,CUST_00001,CUST_00001_INVESTMENT_01,ORD_5B649745BD51,EXE_C29FE3574F19,8306,JP1885054985,1,79.4658,2279.0,JPY,181102.56,1086.6153,180015.94,CHF,181102.56,180015.94,1.0,TSE,STOP,PARTIAL_FILL,GTC,UBS,SIP
2025-05-08T09:11:28.800708Z,2025-05-12,TRD_6E5CD07BDE43,CUST_00001,CUST_00001_INVESTMENT_01,ORD_B6D404C2C7A5,EXE_BC3CB84989B6,BMW,DE8998878046,1,766.3865,114.34,EUR,87628.63,350.5145,87278.12,CHF,87628.63,87278.12,1.0,XETRA,LIMIT,CANCELED,IOC,CITI,CROSS
2025-05-08T11:22:54.043736Z,2025-05-12,TRD_1A4A50E5BF6B,CUST_00001,CUST_00001_INVESTMENT_01,ORD_5ED237773371,EXE_61AF06F4B05F,V,US4822516757,2,803.9207,180.81,USD,-145356.9,726.7845,-144630.12,CHF,-145356.9,-144630.12,1.0,NYSE,STOP_LIMIT,PARTIAL_FILL,IOC,DB,DARK
2025-05-08T14:16:30.410757Z,2025-05-12,TRD_225EB1ADE141,CUST_00001,CUST_00001_INVESTMENT_01,ORD_61E45E9DC06F,EXE_5AFE8C33BD60,META,US8042804622,1,538.3566,77.38,USD,41658.03,208.2902,41449.74,CHF,41658.03,41449.74,1.0,NYSE,STOP,FILL,DAY,MS,BATS
2025-05-08T10:08:25.704172Z,2025-05-12,TRD_78854CF2C570,CUST_00001,CUST_00001_INVESTMENT_01,ORD_FFF9BC6D8D35,EXE_AE30D0A793CA,6758,JP7231398509,2,612.8098,3009.0,JPY,-1843944.69,11063.6681,-1832881.02,CHF,-1843944.69,-1832881.02,1.0,TSE,STOP_LIMIT,CANCELED,GTC,UBS,DARK
