trade_date,settlement_date,trade_id,customer_id,account_number,order_id,exec_id,symbol,isin,side,quantity,price,currency,gross_amount,commission,net_amount,base_currency,base_gross_amount,base_net_amount,fx_rate,market,order_type,exec_type,time_in_force,broker_id,venue
2023-11-17T13:04:45.856333Z,2023-11-21,TRD_4F4D4D299A22,CUST_00001,CUST_00001_INVESTMENT_01,ORD_951442ADCCF2,EXE_97CE91F1E65D,8316,JP7366588948,1,718.8941,1919.0,JPY,1379557.78,8277.3467,1371280.43,CHF,1379557.78,1371280.43,1.0,TSE,STOP,CANCELED,DAY,MS,CHI-X
2023-11-17T09:28:51.476271Z,2023-11-21,TRD_619C4C9B53F1,CUST_00001,CUST_00001_INVESTMENT_01,ORD_204A73169202,EXE_8F05C3E6BB6F,GIVN,CH4289349120,2,527.9973,702.5,CHF,-370918.1,2967.3448,-367950.76,CHF,-370918.1,-367950.76,1.0,SIX,LIMIT,REPLACED,FOK,DB,BLOCK
2023-11-17T16:47:53.411988Z,2023-11-21,TRD_16AEEFAEFCC5,CUST_00001,CUST_00001_INVESTMENT_01,ORD_2C43E552248B,EXE_5A07AD680F53,7203,JP8236323016,2,633.6395,1304.0,JPY,-826265.91,4957.5954,-821308.31,CHF,-826265.91,-821308.31,1.0,TSE,MARKET,NEW,DAY,BAML,DARK
2023-11-17T10:52:03.860073Z,2023-11-21,TRD_062897442B27,CUST_00001,CUST_00001_INVESTMENT_01,ORD_8E8BF0C4BCED,EXE_A0AD9E62A464,BT,GB5226695333,1,986.4004,219.19,GBP,216209.1,1297.2546,214911.85,CHF,216209.1,214911.85,1.0,LSE,STOP,FILL,FOK,WF,BLOCK
2023-11-17T09:05:08.848693Z,2023-11-21,TRD_D6B7396DDC2C,CUST_00001,CUST_00001_INVESTMENT_01,ORD_86F588196C22,EXE_6CF11811636F,VOW,DE8157051047,1,458.8245,127.29,EUR,58403.77,233.6151,58170.16,CHF,58403.77,58170.16,1.0,XETRA,STOP_LIMIT,NEW,GTC,TD,CHI-X
2023-11-17T14:03:45.849014Z,2023-11-21,TRD_D0C7AF894A6A,CUST_00001,CUST_00001_INVESTMENT_01,ORD_2A9E2714F22A,EXE_C72B54BC8B70,ZURN,CH5062524464,2,327.6107,63.0,CHF,-20639.47,165.1158,-20474.36,CHF,-20639.47,-20474.36,1.0,SIX,MARKET,FILL,FOK,CITI,DARK
