trade_date,settlement_date,trade_id,customer_id,account_number,order_id,exec_id,symbol,isin,side,quantity,price,currency,gross_amount,commission,net_amount,base_currency,base_gross_amount,base_net_amount,fx_rate,market,order_type,exec_type,time_in_force,broker_id,venue
2023-10-18T09:12:07.655679Z,2023-10-20,TRD_C12814A9DC99,CUST_00001,CUST_00001_INVESTMENT_01,ORD_1EB8518BB1FB,EXE_EFDA38DB4B6E,NESN,CH8816232235,2,533.2914,212.78,CHF,-113473.74,907.79,-112565.95,CHF,-113473.74,-112565.95,1.0,SIX,MARKET,CANCELED,GTC,JPM,BLOCK
2023-10-18T12:16:10.802870Z,2023-10-20,TRD_76178B8B3BC2,CUST_00001,CUST_00001_INVESTMENT_01,ORD_C0D71B0FB131,EXE_CB2ECE1232AC,VOW,DE7621775772,2,477.3237,50.79,EUR,-24243.27,96.9731,-24146.3,CHF,-24243.27,-24146.3,1.0,XETRA,STOP,NEW,DAY,BAML,BATS
2023-10-18T10:56:40.724910Z,2023-10-20,TRD_8F6CEAC91C08,CUST_00001,CUST_00001_INVESTMENT_01,ORD_041DB28B9CEB,EXE_BC98FE7CDC8C,DAI,DE9650053568,1,491.3834,21.01,EUR,10323.97,41.2959,10282.67,CHF,10323.97,10282.67,1.0,XETRA,STOP_LIMIT,REPLACED,FOK,DB,CHI-X
2023-10-18T15:46:19.775798Z,2023-10-20,TRD_F7EDE28191AC,CUST_00001,CUST_00001_INVESTMENT_01,ORD_D8D7AB17C324,EXE_A7A4C702B7E2,NOVN,CH5737661602,2,488.0931,334.9,CHF,-163462.38,1307.699,-162154.68,CHF,-163462.38,-162154.68,1.0,SIX,MARKET,NEW,FOK,TD,CHI-X
2023-10-18T15:57:34.121288Z,2023-10-20,TRD_34082A82B533,CUST_00001,CUST_00001_INVESTMENT_01,ORD_25F2003432B2,EXE_0DF754061FA0,AZN,GB4835729665,2,403.2948,1057.1,GBP,-426322.93,2557.9376,-423765.0,CHF,-426322.93,-423765.0,1.0,LSE,MARKET,REPLACED,FOK,DB,SIP
2023-10-18T12:19:50.183899Z,2023-10-20,TRD_0A0163F2F82D,CUST_00001,CUST_00001_INVESTMENT_01,ORD_C92B39EB3E57,EXE_65B13A1BEE25,GOOGL,US8367520621,2,290.9295,276.11,USD,-80328.54,401.6427,-79926.9,CHF,-80328.54,-79926.9,1.0,NASDAQ,MARKET,PARTIAL_FILL,DAY,MS,DARK
