trade_date,settlement_date,trade_id,customer_id,account_number,order_id,exec_id,symbol,isin,side,quantity,price,currency,gross_amount,commission,net_amount,base_currency,base_gross_amount,base_net_amount,fx_rate,market,order_type,exec_type,time_in_force,broker_id,venue
2024-01-03T09:46:01.934659Z,2024-01-05,TRD_6DDAD04ADEA1,CUST_00001,CUST_00001_INVESTMENT_02,ORD_BA748880B341,EXE_DCB685242806,CS,CH1468039173,2,809.6844,773.89,CHF,-626606.66,5012.8533,-621593.81,CHF,-626606.66,-621593.81,1.0,SIX,STOP,CANCELED,DAY,WF,DARK
2024-01-03T11:07:06.572740Z,2024-01-05,TRD_1F5AE1587E1D,CUST_00001,CUST_00001_INVESTMENT_02,ORD_079F3A6B51B3,EXE_8F5BD7B608E9,GOOGL,US5638771543,2,108.8402,198.9,USD,-21648.32,108.2416,-21540.07,CHF,-21648.32,-21540.07,1.0,NASDAQ,STOP,NEW,DAY,CS,BLOCK
2024-01-03T14:18:51.915243Z,2024-01-05,TRD_4274D0A6F0A1,CUST_00001,CUST_00001_INVESTMENT_02,ORD_B0C1B3808C8B,EXE_AFDC608BB138,INTC,US7187049032,2,530.4988,264.4,USD,-140263.88,701.3194,-139562.56,CHF,-140263.88,-139562.56,1.0,NASDAQ,STOP_LIMIT,CANCELED,GTC,GS,DARK
2024-01-03T16:24:53.760578Z,2024-01-05,TRD_218C04934A17,CUST_00001,CUST_00001_INVESTMENT_02,ORD_D3567CC0F0F7,EXE_FFB028C40AD4,8316,JP7393340109,1,784.1501,1433.0,JPY,1123687.09,6742.1226,1116944.97,CHF,1123687.09,1116944.97,1.0,TSE,STOP,REPLACED,IOC,GS,SIP
