trade_date,settlement_date,trade_id,customer_id,account_number,order_id,exec_id,symbol,isin,side,quantity,price,currency,gross_amount,commission,net_amount,base_currency,base_gross_amount,base_net_amount,fx_rate,market,order_type,exec_type,time_in_force,broker_id,venue
2025-08-11T09:51:50.688951Z,2025-08-13,TRD_11E33850B0A3,CUST_00001,CUST_00001_INVESTMENT_01,ORD_7956CC64CF9D,EXE_89AEDEAD62DE,CSCO,US2646930896,1,847.947,64.09,USD,54344.92,271.7246,54073.2,CHF,54344.92,54073.2,1.0,NASDAQ,STOP,CANCELED,IOC,MS,DARK
2025-08-11T09:58:24.405177Z,2025-08-13,TRD_C8ABD192384F,CUST_00001,CUST_00001_INVESTMENT_01,ORD_5D1D7B84C52E,EXE_6DE1E5A8A827,DAI,DE9095096809,2,723.0267,47.74,EUR,-34517.29,138.0692,-34379.23,CHF,-34517.29,-34379.23,1.0,XETRA,STOP,NEW,IOC,UBS,CROSS
2025-08-11T16:01:45.940390Z,2025-08-13,TRD_A55DCF6FB812,CUST_00001,CUST_00001_INVESTMENT_01,ORD_D286D525C64D,EXE_1D415ABB51C5,BMW,DE7062418995,1,208.3374,56.63,EUR,11798.15,47.1926,11750.95,CHF,11798.15,11750.95,1.0,XETRA,STOP_LIMIT,REPLACED,DAY,DB,SIP
2025-08-11T11:17:00.784283Z,2025-08-13,TRD_9C2708C08D00,CUST_00001,CUST_00001_INVESTMENT_01,ORD_0AF8E0F74658,EXE_E4C17A621237,8306,JP5063307809,2,909.0192,1059.0,JPY,-962651.33,5775.908,-956875.42,CHF,-962651.33,-956875.42,1.0,TSE,LIMIT,REPLACED,GTC,GS,BLOCK
2025-08-11T09:46:56.966285Z,2025-08-13,TRD_88F55B98A284,CUST_00001,CUST_00001_INVESTMENT_01,ORD_E8B3140FFBCC,EXE_7CB09772FDD1,BARC,GB6977358736,2,787.0351,1291.86,GBP,-1016739.16,6100.435,-1010638.73,CHF,-1016739.16,-1010638.73,1.0,LSE,LIMIT,REPLACED,DAY,WF,SIP
2025-08-11T15:56:42.401778Z,2025-08-13,TRD_BA1D198E31C0,CUST_00001,CUST_00001_INVESTMENT_01,ORD_8DD236FF283E,EXE_4103A7058377,V,US3226738811,1,329.9556,52.76,USD,17408.46,87.0423,17321.42,CHF,17408.46,17321.42,1.0,NYSE,LIMIT,NEW,FOK,JPM,SIP
