trade_date,settlement_date,trade_id,customer_id,account_number,order_id,exec_id,symbol,isin,side,quantity,price,currency,gross_amount,commission,net_amount,base_currency,base_gross_amount,base_net_amount,fx_rate,market,order_type,exec_type,time_in_force,broker_id,venue
2024-07-03T11:37:36.788888Z,2024-07-05,TRD_5A6532B0A7F8,CUST_00001,CUST_00001_INVESTMENT_01,ORD_1340FB4AF820,EXE_2D26863D4CCB,BAS,DE3664093770,1,718.3266,89.16,EUR,64046.0,256.184,63789.82,CHF,64046.0,63789.82,1.0,XETRA,STOP_LIMIT,REPLACED,FOK,CS,CHI-X
2024-07-03T12:53:55.245812Z,2024-07-05,TRD_2AC1C5A00294,CUST_00001,CUST_00001_INVESTMENT_01,ORD_150269B6586D,EXE_2485A3B96185,BT,GB1156290919,1,790.8795,1949.39,GBP,1541732.59,9250.3955,1532482.19,CHF,1541732.59,1532482.19,1.0,LSE,STOP_LIMIT,CANCELED,DAY,TD,DARK
2024-07-03T16:30:54.650120Z,2024-07-05,TRD_296F8C453895,CUST_00001,CUST_00001_INVESTMENT_01,ORD_EFD5A846A707,EXE_774262CE43AC,GIVN,CH7241027878,1,57.4535,387.56,CHF,22266.68,178.1334,22088.55,CHF,22266.68,22088.55,1.0,SIX,STOP_LIMIT,CANCELED,FOK,DB,DARK
2024-07-03T13:13:53.231864Z,2024-07-05,TRD_2A0DFD2D154B,CUST_00001,CUST_00001_INVESTMENT_01,ORD_E48C3AD44AE9,EXE_D1F485294ADC,DTE,DE3166558877,2,153.0542,121.56,EUR,-18605.27,74.4211,-18530.85,CHF,-18605.27,-18530.85,1.0,XETRA,STOP,REPLACED,FOK,GS,BLOCK
2024-07-03T15:46:21.803998Z,2024-07-05,TRD_99431FC699F3,CUST_00001,CUST_00001_INVESTMENT_01,ORD_AF5E4FB87A04,EXE_F80CF8276540,GIVN,CH7711918269,2,643.169,381.02,CHF,-245060.25,1960.482,-243099.77,CHF,-245060.25,-243099.77,1.0,SIX,MARKET,PARTIAL_FILL,FOK,DB,CHI-X
