trade_date,settlement_date,trade_id,customer_id,account_number,order_id,exec_id,symbol,isin,side,quantity,price,currency,gross_amount,commission,net_amount,base_currency,base_gross_amount,base_net_amount,fx_rate,market,order_type,exec_type,time_in_force,broker_id,venue
2025-02-28T12:38:38.511501Z,2025-03-04,TRD_3BD727551D62,CUST_00001,CUST_00001_INVESTMENT_01,ORD_20FDD969292A,EXE_F8464489C63D,BMW,DE3585554804,1,534.878,127.43,EUR,68159.5,272.638,67886.87,CHF,68159.5,67886.87,1.0,XETRA,MARKET,CANCELED,IOC,GS,CHI-X
2025-02-28T16:57:25.607367Z,2025-03-04,TRD_0BB5ED62E317,CUST_00001,CUST_00001_INVESTMENT_01,ORD_B435CA100924,EXE_ED7A37DD11A0,8316,JP9421708723,2,90.7333,4408.0,JPY,-399952.39,2399.7143,-397552.67,CHF,-399952.39,-397552.67,1.0,TSE,LIMIT,CANCELED,GTC,TD,DARK
2025-02-28T09:40:23.258154Z,2025-03-04,TRD_9FFF53B8B488,CUST_00001,CUST_00001_INVESTMENT_01,ORD_7B59515AC80A,EXE_451080D8541A,LLOY,GB3471122581,1,139.2085,1395.12,GBP,194212.56,1165.2754,193047.29,CHF,194212.56,193047.29,1.0,LSE,LIMIT,FILL,GTC,MS,CHI-X
2025-02-28T11:37:43.605054Z,2025-03-04,TRD_A77328B5FFE7,CUST_00001,CUST_00001_INVESTMENT_01,ORD_3910AD529A08,EXE_2CE0AEC3C880,BMW,DE9473924600,2,595.6521,75.76,EUR,-45126.6,180.5064,-44946.1,CHF,-45126.6,-44946.1,1.0,XETRA,STOP,FILL,DAY,JPM,BATS
2025-02-28T13:49:51.949913Z,2025-03-04,TRD_6F890CFBC053,CUST_00001,CUST_00001_INVESTMENT_01,ORD_A9A295CA3E4D,EXE_8C586369F33E,JPM,US8430790403,1,142.2617,73.21,USD,10414.98,52.0749,10362.9,CHF,10414.98,10362.9,1.0,NYSE,STOP,PARTIAL_FILL,GTC,DB,DARK
2025-02-28T16:20:05.981018Z,2025-03-04,TRD_93229C679351,CUST_00001,CUST_00001_INVESTMENT_01,ORD_897F17510D6D,EXE_0C00E14234E7,BMW,DE3093393235,1,259.0465,138.0,EUR,35748.42,142.9937,35605.42,CHF,35748.42,35605.42,1.0,XETRA,MARKET,CANCELED,IOC,GS,CHI-X
2025-02-28T09:14:21.321744Z,2025-03-04,TRD_FF4848A2ADE4,CUST_00001,CUST_00001_INVESTMENT_01,ORD_2579A78DEE3E,EXE_39BA4CC9272E,CFR,CH6083579057,1,436.1703,239.47,CHF,104449.7,835.5976,103614.1,CHF,104449.7,103614.1,1.0,SIX,LIMIT,FILL,IOC,CS,CROSS
