trade_date,settlement_date,trade_id,customer_id,account_number,order_id,exec_id,symbol,isin,side,quantity,price,currency,gross_amount,commission,net_amount,base_currency,base_gross_amount,base_net_amount,fx_rate,market,order_type,exec_type,time_in_force,broker_id,venue
2024-04-18T11:36:56.680917Z,2024-04-22,TRD_37C5AF7552CA,CUST_00001,CUST_00001_INVESTMENT_01,ORD_297880AC3D9D,EXE_E033CC45CB4F,INTC,US4683186091,2,499.0592,86.31,USD,-43073.8,215.369,-42858.43,CHF,-43073.8,-42858.43,1.0,NASDAQ,MARKET,CANCELED,FOK,BAML,CROSS
2024-04-18T10:19:31.193387Z,2024-04-22,TRD_6BAB3B995135,CUST_00001,CUST_00001_INVESTMENT_01,ORD_8E421BDC3ADF,EXE_C50698A99B34,IFX,DE1076082443,2,102.8389,107.95,EUR,-11101.46,44.4058,-11057.05,CHF,-11101.46,-11057.05,1.0,XETRA,LIMIT,PARTIAL_FILL,GTC,CITI,SIP
2024-04-18T15:06:59.134559Z,2024-04-22,TRD_3A5989C6A681,CUST_00001,CUST_00001_INVESTMENT_01,ORD_11E869FD78CF,EXE_6EFB3510A54A,9984,JP1193660806,2,849.8138,3340.0,JPY,-2838378.09,17030.2686,-2821347.82,CHF,-2838378.09,-2821347.82,1.0,TSE,STOP_LIMIT,CANCELED,FOK,JPM,SIP
2024-04-18T09:04:01.016562Z,2024-04-22,TRD_FF4FB802FA1F,CUST_00001,CUST_00001_INVESTMENT_01,ORD_85C1223CF984,EXE_C1EB09968BE1,NOVN,CH7184722127,2,353.4236,363.34,CHF,-128412.93,1027.3034,-127385.63,CHF,-128412.93,-127385.63,1.0,SIX,LIMIT,PARTIAL_FILL,GTC,CITI,SIP
2024-04-18T15:13:13.776450Z,2024-04-22,TRD_013EDC987E1B,CUST_00001,CUST_00001_INVESTMENT_01,ORD_CBD187953762,EXE_7C6115227397,AZN,GB3542911423,2,422.0132,1925.93,GBP,-812767.88,4876.6073,-807891.27,CHF,-812767.88,-807891.27,1.0,LSE,MARKET,NEW,IOC,BAML,BLOCK
