trade_date,settlement_date,trade_id,customer_id,account_number,order_id,exec_id,symbol,isin,side,quantity,price,currency,gross_amount,commission,net_amount,base_currency,base_gross_amount,base_net_amount,fx_rate,market,order_type,exec_type,time_in_force,broker_id,venue
2025-04-02T14:03:44.630419Z,2025-04-04,TRD_1C1A29A364C9,CUST_00001,CUST_00001_INVESTMENT_01,ORD_5ED2DC216B34,EXE_E0DE8C69D535,SAP,DE8413480759,2,853.7607,112.35,EUR,-95920.01,383.6801,-95536.33,CHF,-95920.01,-95536.33,1.0,XETRA,STOP,NEW,FOK,WF,SIP
2025-04-02T16:15:07.447998Z,2025-04-04,TRD_A50240225BCB,CUST_00001,CUST_00001_INVESTMENT_01,ORD_F222C5D8682F,EXE_44385375B651,MSFT,US1589972734,1,915.1571,231.57,USD,211922.93,1059.6146,210863.31,CHF,211922.93,210863.31,1.0,NYSE,STOP_LIMIT,FILL,FOK,CITI,CHI-X
2025-04-02T10:57:46.036840Z,2025-04-04,TRD_3FAFB0F6E89B,CUST_00001,CUST_00001_INVESTMENT_01,ORD_460A16E3FF30,EXE_D9C52E0523A0,META,US2154669569,2,583.5337,71.04,USD,-41454.23,207.2712,-41246.96,CHF,-41454.23,-41246.96,1.0,NASDAQ,LIMIT,PARTIAL_FILL,DAY,CS,DARK
2025-04-02T13:25:05.384300Z,2025-04-04,TRD_0881D71B431D,CUST_00001,CUST_00001_INVESTMENT_01,ORD_3843F5C80EEF,EXE_CD8623F60A9B,4502,JP1533043114,2,164.3827,2254.0,JPY,-370518.61,2223.1116,-368295.49,CHF,-370518.61,-368295.49,1.0,TSE,STOP_LIMIT,FILL,GTC,WF,CHI-X
2025-04-02T12:18:50.729422Z,2025-04-04,TRD_BFF7133D8AEB,CUST_00001,CUST_00001_INVESTMENT_01,ORD_511CA68D2CAE,EXE_F0B5C8967427,NOVN,CH1639196040,2,484.8129,650.06,CHF,-315157.47,2521.2598,-312636.21,CHF,-315157.47,-312636.21,1.0,SIX,STOP_LIMIT,REPLACED,FOK,CS,CROSS
2025-04-02T14:23:43.785090Z,2025-04-04,TRD_5516A2BFDA53,CUST_00001,CUST_00001_INVESTMENT_01,ORD_8833C2A07404,EXE_4E044E5C225E,MSFT,US3620922136,1,845.115,101.67,USD,85922.84,429.6142,85493.23,CHF,85922.84,85493.23,1.0,NASDAQ,STOP,REPLACED,FOK,MS,DARK
