trade_date,settlement_date,trade_id,customer_id,account_number,order_id,exec_id,symbol,isin,side,quantity,price,currency,gross_amount,commission,net_amount,base_currency,base_gross_amount,base_net_amount,fx_rate,market,order_type,exec_type,time_in_force,broker_id,venue
2025-02-04T11:08:10.595106Z,2025-02-06,TRD_574A57FCD613,CUST_00001,CUST_00001_INVESTMENT_01,ORD_9CE4A22AEFFB,EXE_6AFBDB65CE41,UHR,CH2587527232,1,809.1892,794.15,CHF,642617.6,5140.9408,637476.66,CHF,642617.6,637476.66,1.0,SIX,LIMIT,FILL,GTC,UBS,SIP
2025-02-04T13:47:28.612321Z,2025-02-06,TRD_41C97DD69121,CUST_00001,CUST_00001_INVESTMENT_01,ORD_993EF869E0BF,EXE_AF1186A110FB,AMZN,US5088011460,1,18.8577,163.65,USD,3086.06,15.4303,3070.63,CHF,3086.06,3070.63,1.0,NASDAQ,STOP,CANCELED,FOK,CS,SIP
2025-02-04T14:29:40.445890Z,2025-02-06,TRD_EA5626D3B125,CUST_00001,CUST_00001_INVESTMENT_01,ORD_4C6B9878A136,EXE_ECB3DB57A6DB,8306,JP4460367791,1,574.1484,3709.0,JPY,2129516.42,12777.0985,2116739.32,CHF,2129516.42,2116739.32,1.0,TSE,STOP_LIMIT,REPLACED,GTC,MS,BLOCK
2025-02-04T09:00:32.292044Z,2025-02-06,TRD_68E421AEB4BA,CUST_00001,CUST_00001_INVESTMENT_01,ORD_983E15552E16,EXE_9E3A689E455C,SAP,DE3277260516,2,704.714,24.46,EUR,-17237.3,68.9492,-17168.36,CHF,-17237.3,-17168.36,1.0,XETRA,STOP_LIMIT,REPLACED,DAY,UBS,BLOCK
2025-02-04T12:24:56.679847Z,2025-02-06,TRD_450FDA85B98A,CUST_00001,CUST_00001_INVESTMENT_01,ORD_E018F5A67E5C,EXE_61B74EC91292,TSLA,US1741491388,1,769.0007,245.68,USD,188928.09,944.6405,187983.45,CHF,188928.09,187983.45,1.0,NASDAQ,MARKET,FILL,FOK,JPM,SIP
