trade_date,settlement_date,trade_id,customer_id,account_number,order_id,exec_id,symbol,isin,side,quantity,price,currency,gross_amount,commission,net_amount,base_currency,base_gross_amount,base_net_amount,fx_rate,market,order_type,exec_type,time_in_force,broker_id,venue
2024-07-18T15:30:55.549960Z,2024-07-22,TRD_998CD00373C1,CUST_00003,CUST_00003_INVESTMENT_01,ORD_66BBEE3BF08D,EXE_4C7F78BCBFB6,4502,JP7473488171,1,313.704,4743.0,JPY,1487898.07,8927.3884,1478970.68,CHF,1487898.07,1478970.68,1.0,TSE,LIMIT,FILL,IOC,UBS,BLOCK
2024-07-18T10:35:00.328425Z,2024-07-22,TRD_BAE57EE0A87F,CUST_00003,CUST_00003_INVESTMENT_01,ORD_6DF9682FF3B3,EXE_7EFE0FABA791,TSLA,US2280087804,1,482.4853,192.6,USD,92926.67,464.6333,92462.04,CHF,92926.67,92462.04,1.0,NYSE,MARKET,NEW,DAY,MS,SIP
2024-07-18T13:08:27.703682Z,2024-07-22,TRD_BD952EBCFC50,CUST_00003,CUST_00003_INVESTMENT_01,ORD_DEF65E6623C2,EXE_5A063C14DD72,ROG,CH3220554493,2,518.2846,899.52,CHF,-466207.36,3729.6589,-462477.7,CHF,-466207.36,-462477.7,1.0,SIX,MARKET,FILL,FOK,TD,BATS
2024-07-18T10:55:32.603343Z,2024-07-22,TRD_CFFC137F91F3,CUST_00003,CUST_00003_INVESTMENT_01,ORD_627F45157DEA,EXE_28BA9E65206A,8316,JP2579931151,2,340.078,4265.0,JPY,-1450432.67,8702.596,-1441730.07,CHF,-1450432.67,-1441730.07,1.0,TSE,STOP_LIMIT,REPLACED,GTC,UBS,BATS
