trade_date,settlement_date,trade_id,customer_id,account_number,order_id,exec_id,symbol,isin,side,quantity,price,currency,gross_amount,commission,net_amount,base_currency,base_gross_amount,base_net_amount,fx_rate,market,order_type,exec_type,time_in_force,broker_id,venue
2024-11-12T10:21:12.594817Z,2024-11-14,TRD_87A1EB405106,CUST_00001,CUST_00001_INVESTMENT_01,ORD_7592C4DAF16F,EXE_CF3716615CB5,DAI,DE5426792101,2,273.4733,49.52,EUR,-13542.4,54.1696,-13488.23,CHF,-13542.4,-13488.23,1.0,XETRA,STOP_LIMIT,CANCELED,GTC,TD,CHI-X
2024-11-12T14:03:41.852017Z,2024-11-14,TRD_D1FF3F34DA80,CUST_00001,CUST_00001_INVESTMENT_01,ORD_AF54F7BE802F,EXE_2A6AB16641FF,ALV,DE8965427172,2,311.3959,98.04,EUR,-30529.25,122.117,-30407.14,CHF,-30529.25,-30407.14,1.0,XETRA,LIMIT,CANCELED,IOC,BAML,CROSS
2024-11-12T11:27:53.631295Z,2024-11-14,TRD_8CEE2D398945,CUST_00001,CUST_00001_INVESTMENT_01,ORD_D9A30BA3FDC7,EXE_52CF77524A5D,SAP,DE2873882740,2,343.7901,142.55,EUR,-49007.28,196.0291,-48811.25,CHF,-49007.28,-48811.25,1.0,XETRA,STOP,FILL,GTC,MS,DARK
2024-11-12T09:24:57.858465Z,2024-11-14,TRD_2F68C3F5A0E1,CUST_00001,CUST_00001_INVESTMENT_01,ORD_BACED43E9BF7,EXE_4A2A7AD06D10,META,US8022798257,2,131.5136,291.4,USD,-38323.06,191.6153,-38131.45,CHF,-38323.06,-38131.45,1.0,NASDAQ,STOP_LIMIT,REPLACED,IOC,TD,DARK
2024-11-12T16:47:21.788210Z,2024-11-14,TRD_26A5664E31D7,CUST_00001,CUST_00001_INVESTMENT_01,ORD_EA1D31C27EB8,EXE_E1E1BD742B45,HSBA,GB2772367911,1,892.3252,1013.21,GBP,904112.82,5424.6769,898688.14,CHF,904112.82,898688.14,1.0,LSE,STOP_LIMIT,REPLACED,IOC,MS,DARK
