trade_date,settlement_date,trade_id,customer_id,account_number,order_id,exec_id,symbol,isin,side,quantity,price,currency,gross_amount,commission,net_amount,base_currency,base_gross_amount,base_net_amount,fx_rate,market,order_type,exec_type,time_in_force,broker_id,venue
2024-08-16T15:51:30.512604Z,2024-08-20,TRD_0CD7D5B362A3,CUST_00001,CUST_00001_INVESTMENT_01,ORD_0CDE1D7C8CCB,EXE_01F5726E6A84,UBSG,CH4178044836,2,915.1662,937.06,CHF,-857565.64,6860.5251,-850705.11,CHF,-857565.64,-850705.11,1.0,SIX,STOP_LIMIT,FILL,FOK,BAML,DARK
2024-08-16T16:20:38.771213Z,2024-08-20,TRD_BA1C05D0999A,CUST_00001,CUST_00001_INVESTMENT_01,ORD_D0B35F23E7A5,EXE_CBACA6601DEB,ROG,CH5674207503,2,184.6978,326.05,CHF,-60220.72,481.7657,-59738.95,CHF,-60220.72,-59738.95,1.0,SIX,STOP,PARTIAL_FILL,FOK,CITI,SIP
2024-08-16T15:22:51.895411Z,2024-08-20,TRD_42E7E6A4E99B,CUST_00001,CUST_00001_INVESTMENT_01,ORD_0881AD3E2DC4,EXE_990591D86D00,CFR,CH2970648043,1,264.1467,807.54,CHF,213309.03,1706.4722,211602.55,CHF,213309.03,211602.55,1.0,SIX,STOP,NEW,FOK,UBS,BLOCK
2024-08-16T09:40:36.934056Z,2024-08-20,TRD_5C654F666A05,CUST_00001,CUST_00001_INVESTMENT_01,ORD_D395FD298800,EXE_81E3CF2B4C05,TSLA,US7982134110,2,61.3992,241.86,USD,-14850.01,74.2501,-14775.76,CHF,-14850.01,-14775.76,1.0,NASDAQ,STOP_LIMIT,PARTIAL_FILL,IOC,UBS,BATS
2024-08-16T14:03:48.012627Z,2024-08-20,TRD_CF28EA5D88FA,CUST_00001,CUST_00001_INVESTMENT_01,ORD_BACDA3061644,EXE_E06F0EA8DD1F,GIVN,CH7870789442,1,362.3994,883.67,CHF,320241.48,2561.9318,317679.55,CHF,320241.48,317679.55,1.0,SIX,MARKET,NEW,GTC,CS,CROSS
2024-08-16T09:47:12.145791Z,2024-08-20,TRD_6AC28678622B,CUST_00001,CUST_00001_INVESTMENT_01,ORD_2E0B25FBF021,EXE_F0DA4D3AAE86,AMZN,US3844656657,2,833.0316,78.36,USD,-65276.36,326.3818,-64949.97,CHF,-65276.36,-64949.97,1.0,NYSE,MARKET,CANCELED,GTC,WF,BLOCK
2024-08-16T15:50:28.502688Z,2024-08-20,TRD_8E0FF415ABEF,CUST_00001,CUST_00001_INVESTMENT_01,ORD_AEB4406F935D,EXE_F71059B67F46,BAS,DE5876609194,2,652.8657,130.42,EUR,-85146.74,340.587,-84806.16,CHF,-85146.74,-84806.16,1.0,XETRA,MARKET,NEW,DAY,CS,SIP
