trade_date,settlement_date,trade_id,customer_id,account_number,order_id,exec_id,symbol,isin,side,quantity,price,currency,gross_amount,commission,net_amount,base_currency,base_gross_amount,base_net_amount,fx_rate,market,order_type,exec_type,time_in_force,broker_id,venue
2025-01-01T11:10:49.201221Z,2025-01-03,TRD_FA51F31697A8,CUST_00001,CUST_00001_INVESTMENT_01,ORD_C925994E9092,EXE_018CC72EC77A,BT,GB3758803867,2,888.8497,675.91,GBP,-600782.4,3604.6944,-597177.71,CHF,-600782.4,-597177.71,1.0,LSE,MARKET,PARTIAL_FILL,GTC,MS,DARK
2025-01-01T13:21:13.931794Z,2025-01-03,TRD_CACB5B7ED183,CUST_00001,CUST_00001_INVESTMENT_01,ORD_AACA3ED78831,EXE_10B0D8ACD722,META,US2388048258,1,380.3023,83.73,USD,31842.71,159.2136,31683.5,CHF,31842.71,31683.5,1.0,NASDAQ,STOP,CANCELED,GTC,GS,BLOCK
2025-01-01T14:40:03.509256Z,2025-01-03,TRD_F131A746F0C7,CUST_00001,CUST_00001_INVESTMENT_01,ORD_5FBF118A098C,EXE_E5825CB17A0B,MUV2,DE7194782891,1,765.0958,43.95,EUR,33625.96,134.5038,33491.46,CHF,33625.96,33491.46,1.0,XETRA,LIMIT,CANCELED,IOC,CS,CHI-X
2025-01-01T15:10:49.211211Z,2025-01-03,TRD_B9F702A3650B,CUST_00001,CUST_00001_INVESTMENT_01,ORD_B25AE8D24B4E,EXE_8B8BF8DB30C4,7203,JP4384031299,1,451.3594,3528.0,JPY,1592395.96,9554.3758,1582841.59,CHF,1592395.96,1582841.59,1.0,TSE,STOP,CANCELED,GTC,UBS,CHI-X
2025-01-01T09:02:03.627832Z,2025-01-03,TRD_962A1C6D247E,CUST_00001,CUST_00001_INVESTMENT_01,ORD_A6298EE82CC5,EXE_66DD63671FD5,CSCO,US5837289862,1,432.9218,203.95,USD,88294.4,441.472,87852.93,CHF,88294.4,87852.93,1.0,NASDAQ,MARKET,NEW,IOC,TD,CROSS
2025-01-01T13:59:26.693476Z,2025-01-03,TRD_BCCF1041CF1A,CUST_00001,CUST_00001_INVESTMENT_01,ORD_C88FDCE497D2,EXE_20F775D97A8B,HSBA,GB8069002537,2,374.6416,1731.98,GBP,-648871.76,3893.2306,-644978.53,CHF,-648871.76,-644978.53,1.0,LSE,MARKET,REPLACED,GTC,MS,CHI-X
