trade_date,settlement_date,trade_id,customer_id,account_number,order_id,exec_id,symbol,isin,side,quantity,price,currency,gross_amount,commission,net_amount,base_currency,base_gross_amount,base_net_amount,fx_rate,market,order_type,exec_type,time_in_force,broker_id,venue
2025-04-14T13:52:29.347625Z,2025-04-16,TRD_91F8BDF98BBD,CUST_00001,CUST_00001_INVESTMENT_01,ORD_4E53E0054C79,EXE_932636DDBF14,V,US7514429436,1,77.2557,253.99,USD,19622.18,98.1109,19524.06,CHF,19622.18,19524.06,1.0,NYSE,STOP_LIMIT,PARTIAL_FILL,GTC,GS,BATS
2025-04-14T14:21:39.862056Z,2025-04-16,TRD_EA4B0346AB6C,CUST_00001,CUST_00001_INVESTMENT_01,ORD_2CCF67464A94,EXE_BB1E4363161E,SHEL,GB7495760282,1,537.3461,309.32,GBP,166211.9,997.2714,165214.62,CHF,166211.9,165214.62,1.0,LSE,STOP_LIMIT,FILL,FOK,GS,DARK
2025-04-14T16:54:42.238449Z,2025-04-16,TRD_B4F415AF76FC,CUST_00001,CUST_00001_INVESTMENT_01,ORD_70C38CBF7843,EXE_E31C3EC853F8,NVDA,US8086994378,1,761.3185,56.34,USD,42892.68,214.4634,42678.22,CHF,42892.68,42678.22,1.0,NASDAQ,STOP,NEW,GTC,WF,CROSS
2025-04-14T16:17:46.767890Z,2025-04-16,TRD_636964EA2E32,CUST_00001,CUST_00001_INVESTMENT_01,ORD_6D6D85F48D6D,EXE_36B8EC28C61B,4063,JP3427117149,1,405.1828,1703.0,JPY,690026.31,4140.1579,685886.15,CHF,690026.31,685886.15,1.0,TSE,STOP,PARTIAL_FILL,DAY,UBS,SIP
2025-04-14T09:09:47.953785Z,2025-04-16,TRD_24778C5B1C80,CUST_00001,CUST_00001_INVESTMENT_01,ORD_CA86505228BC,EXE_389438B8040C,7203,JP4619433871,1,670.6096,2110.0,JPY,1414986.26,8489.9175,1406496.34,CHF,1414986.26,1406496.34,1.0,TSE,MARKET,REPLACED,FOK,UBS,CHI-X
2025-04-14T13:52:59.613953Z,2025-04-16,TRD_4FE0AF37E1F0,CUST_00001,CUST_00001_INVESTMENT_01,ORD_3A74A454DE95,EXE_8320D9262786,UHR,CH6349603256,1,577.6589,71.44,CHF,41267.95,330.1436,40937.81,CHF,41267.95,40937.81,1.0,SIX,MARKET,REPLACED,IOC,TD,DARK
2025-04-14T16:28:15.237424Z,2025-04-16,TRD_8E61BBB4A487,CUST_00001,CUST_00001_INVESTMENT_01,ORD_ED4B5D6F265D,EXE_3AD1A427B636,ALV,DE2843617544,1,853.5782,37.37,EUR,31898.22,127.5929,31770.62,CHF,31898.22,31770.62,1.0,XETRA,MARKET,REPLACED,GTC,TD,BATS
2025-04-14T11:14:13.365177Z,2025-04-16,TRD_DEDFCD7529C1,CUST_00001,CUST_00001_INVESTMENT_01,ORD_DA239B9020C5,EXE_27BD12D063D9,GIVN,CH2769703476,2,407.4345,675.04,CHF,-275034.58,2200.2767,-272834.31,CHF,-275034.58,-272834.31,1.0,SIX,LIMIT,PARTIAL_FILL,IOC,TD,BLOCK
