trade_date,settlement_date,trade_id,customer_id,account_number,order_id,exec_id,symbol,isin,side,quantity,price,currency,gross_amount,commission,net_amount,base_currency,base_gross_amount,base_net_amount,fx_rate,market,order_type,exec_type,time_in_force,broker_id,venue
2024-10-29T14:58:17.742489Z,2024-10-31,TRD_C1D2C0E8BD68,CUST_00001,CUST_00001_INVESTMENT_01,ORD_65C8541DAFEC,EXE_65418EC71D1E,NVDA,US1096475874,2,512.0078,165.67,USD,-84824.33,424.1217,-84400.21,CHF,-84824.33,-84400.21,1.0,NYSE,STOP_LIMIT,CANCELED,IOC,DB,BLOCK
2024-10-29T14:05:02.660515Z,2024-10-31,TRD_F57D7EF883D3,CUST_00001,CUST_00001_INVESTMENT_01,ORD_44903DD163A3,EXE_23146EA010C1,7267,JP5425856005,1,274.8367,3849.0,JPY,1057846.46,6347.0787,1051499.38,CHF,1057846.46,1051499.38,1.0,TSE,STOP,NEW,FOK,TD,BLOCK
2024-10-29T11:28:17.766581Z,2024-10-31,TRD_FE787A29CA77,CUST_00001,CUST_00001_INVESTMENT_01,ORD_250C9B6438B7,EXE_35D34A3C572C,HSBA,GB2115902527,1,287.8401,898.07,GBP,258500.56,1551.0034,256949.56,CHF,258500.56,256949.56,1.0,LSE,STOP,PARTIAL_FILL,DAY,BAML,SIP
2024-10-29T13:16:37.293201Z,2024-10-31,TRD_79B609B33B9F,CUST_00001,CUST_00001_INVESTMENT_01,ORD_F888E7352073,EXE_917D3A8859F3,UHR,CH4519412082,1,641.2664,380.9,CHF,244258.37,1954.067,242304.3,CHF,244258.37,242304.3,1.0,SIX,STOP,FILL,DAY,GS,SIP
