trade_date,settlement_date,trade_id,customer_id,account_number,order_id,exec_id,symbol,isin,side,quantity,price,currency,gross_amount,commission,net_amount,base_currency,base_gross_amount,base_net_amount,fx_rate,market,order_type,exec_type,time_in_force,broker_id,venue
2024-05-22T09:46:08.546650Z,2024-05-24,TRD_319591CD3EEC,CUST_00001,CUST_00001_INVESTMENT_01,ORD_014DCC7D408A,EXE_D0DFB819D99A,9984,JP9159456966,1,314.284,3773.0,JPY,1185793.53,7114.7612,1178678.77,CHF,1185793.53,1178678.77,1.0,TSE,LIMIT,REPLACED,DAY,JPM,BATS
2024-05-22T15:38:02.068525Z,2024-05-24,TRD_E2C64DAAD1D7,CUST_00001,CUST_00001_INVESTMENT_01,ORD_06BE5DFA46B8,EXE_2F8B4EED3E58,NESN,CH8927684807,1,351.3095,830.67,CHF,291822.26,2334.5781,289487.68,CHF,291822.26,289487.68,1.0,SIX,STOP,PARTIAL_FILL,DAY,JPM,CHI-X
2024-05-22T15:10:53.668531Z,2024-05-24,TRD_4F6EEB59C387,CUST_00001,CUST_00001_INVESTMENT_01,ORD_4789F4B49E57,EXE_9AC04B4D04A3,ABB,CH4326759377,1,860.9052,576.35,CHF,496182.71,3969.4617,492213.25,CHF,496182.71,492213.25,1.0,SIX,MARKET,FILL,IOC,WF,CHI-X
2024-05-22T11:46:30.163707Z,2024-05-24,TRD_78337378831A,CUST_00001,CUST_00001_INVESTMENT_01,ORD_AADB1977E68C,EXE_41CBBADFB9B0,ADBE,US7676933280,1,313.0693,103.65,USD,32449.63,162.2482,32287.38,CHF,32449.63,32287.38,1.0,NASDAQ,STOP,PARTIAL_FILL,IOC,CITI,BLOCK
2024-05-22T10:01:13.012253Z,2024-05-24,TRD_7F0D55595676,CUST_00001,CUST_00001_INVESTMENT_01,ORD_2BA4B042948C,EXE_39A43185A29F,TSLA,US1744908771,1,140.6434,279.21,USD,39269.04,196.3452,39072.7,CHF,39269.04,39072.7,1.0,NYSE,MARKET,CANCELED,IOC,UBS,SIP
