trade_date,settlement_date,trade_id,customer_id,account_number,order_id,exec_id,symbol,isin,side,quantity,price,currency,gross_amount,commission,net_amount,base_currency,base_gross_amount,base_net_amount,fx_rate,market,order_type,exec_type,time_in_force,broker_id,venue
2025-02-18T16:27:17.717586Z,2025-02-20,TRD_A4720566B503,CUST_00001,CUST_00001_INVESTMENT_01,ORD_FE6E65F61902,EXE_407B48FF9E2C,DAI,DE5731333017,1,362.3064,117.96,EUR,42737.66,170.9507,42566.71,CHF,42737.66,42566.71,1.0,XETRA,STOP,CANCELED,GTC,DB,CHI-X
2025-02-18T16:44:27.755928Z,2025-02-20,TRD_853B7CAF4D49,CUST_00001,CUST_00001_INVESTMENT_01,ORD_D3FB91BBD488,EXE_446659E93ABB,NVDA,US6567240007,2,122.9357,187.92,USD,-23102.08,115.5104,-22986.57,CHF,-23102.08,-22986.57,1.0,NYSE,LIMIT,PARTIAL_FILL,GTC,CS,BLOCK
2025-02-18T15:15:55.078162Z,2025-02-20,TRD_D82D0694BC0B,CUST_00001,CUST_00001_INVESTMENT_01,ORD_AF9BAF960C1C,EXE_A7C6E18945F5,NVDA,US4595329732,2,930.5118,60.84,USD,-56612.34,283.0617,-56329.28,CHF,-56612.34,-56329.28,1.0,NASDAQ,STOP,PARTIAL_FILL,FOK,JPM,CROSS
2025-02-18T14:12:04.626620Z,2025-02-20,TRD_AB8C1DAB7DDC,CUST_00001,CUST_00001_INVESTMENT_01,ORD_4E002A7D48CC,EXE_3C4938BD3809,META,US8437366968,1,724.7226,192.51,USD,139516.35,697.5817,138818.77,CHF,139516.35,138818.77,1.0,NYSE,MARKET,CANCELED,IOC,TD,CROSS
