trade_date,settlement_date,trade_id,customer_id,account_number,order_id,exec_id,symbol,isin,side,quantity,price,currency,gross_amount,commission,net_amount,base_currency,base_gross_amount,base_net_amount,fx_rate,market,order_type,exec_type,time_in_force,broker_id,venue
2025-05-09T11:54:20.907833Z,2025-05-13,TRD_FCA50F6B5EFE,CUST_00001,CUST_00001_INVESTMENT_01,ORD_AFB747B09C83,EXE_B8BEF343EEB1,AAPL,US3249886386,2,341.2073,82.86,USD,-28272.44,141.3622,-28131.07,CHF,-28272.44,-28131.07,1.0,NASDAQ,MARKET,NEW,GTC,GS,BLOCK
2025-05-09T09:16:56.653769Z,2025-05-13,TRD_258F1A496965,CUST_00001,CUST_00001_INVESTMENT_01,ORD_FFD42243B521,EXE_D285F5857F5A,DTE,DE8481948572,2,242.7497,68.12,EUR,-16536.11,66.1444,-16469.97,CHF,-16536.11,-16469.97,1.0,XETRA,STOP,PARTIAL_FILL,FOK,UBS,CHI-X
2025-05-09T10:58:38.023199Z,2025-05-13,TRD_109EEA170538,CUST_00001,CUST_00001_INVESTMENT_01,ORD_E2C407E6D1C9,EXE_0278A963B9E6,MSFT,US1053234511,1,779.9779,54.34,USD,42384.0,211.92,42172.08,CHF,42384.0,42172.08,1.0,NASDAQ,LIMIT,FILL,IOC,TD,DARK
2025-05-09T15:46:09.960754Z,2025-05-13,TRD_325962872334,CUST_00001,CUST_00001_INVESTMENT_01,ORD_6214232DE9BC,EXE_DAB5685083B3,ZURN,CH2091232139,1,144.181,632.48,CHF,91191.6,729.5328,90462.07,CHF,91191.6,90462.07,1.0,SIX,LIMIT,NEW,FOK,UBS,CHI-X
