trade_date,settlement_date,trade_id,customer_id,account_number,order_id,exec_id,symbol,isin,side,quantity,price,currency,gross_amount,commission,net_amount,base_currency,base_gross_amount,base_net_amount,fx_rate,market,order_type,exec_type,time_in_force,broker_id,venue
2024-05-13T14:58:26.920285Z,2024-05-15,TRD_AB6AF8543A5D,CUST_00001,CUST_00001_INVESTMENT_01,ORD_888A1AB192B8,EXE_E53CD5438238,SAP,DE4947056735,2,89.2739,137.5,EUR,-12275.16,49.1006,-12226.06,CHF,-12275.16,-12226.06,1.0,XETRA,STOP,PARTIAL_FILL,IOC,CITI,DARK
2024-05-13T14:17:53.602580Z,2024-05-15,TRD_46C84102ED27,CUST_00001,CUST_00001_INVESTMENT_01,ORD_14B5AC696FB0,EXE_6169A0A51D5E,LLOY,GB9759648805,1,384.7234,1848.05,GBP,710988.08,4265.9285,706722.15,CHF,710988.08,706722.15,1.0,LSE,STOP_LIMIT,CANCELED,IOC,BAML,BLOCK
2024-05-13T10:36:24.100121Z,2024-05-15,TRD_C8A003BD9743,CUST_00001,CUST_00001_INVESTMENT_01,ORD_860F083E19B5,EXE_4AD744CB786D,LLOY,GB7145732595,2,986.2374,1881.63,GBP,-1855733.88,11134.4033,-1844599.48,CHF,-1855733.88,-1844599.48,1.0,LSE,LIMIT,REPLACED,FOK,CITI,CHI-X
2024-05-13T14:03:54.228959Z,2024-05-15,TRD_CFB69DA1FB88,CUST_00001,CUST_00001_INVESTMENT_01,ORD_C6C5FD1F8355,EXE_D5731A0C293F,7267,JP5611038772,2,112.1385,3217.0,JPY,-360749.55,2164.4973,-358585.06,CHF,-360749.55,-358585.06,1.0,TSE,STOP,CANCELED,DAY,CITI,CROSS
2024-05-13T11:43:49.127586Z,2024-05-15,TRD_5B2BDD9DC7E7,CUST_00001,CUST_00001_INVESTMENT_01,ORD_A50126AF62CD,EXE_F9892F810E3C,META,US8743686479,2,286.1076,209.23,USD,-59862.29,299.3115,-59562.98,CHF,-59862.29,-59562.98,1.0,NASDAQ,MARKET,PARTIAL_FILL,FOK,GS,CHI-X
