trade_date,settlement_date,trade_id,customer_id,account_number,order_id,exec_id,symbol,isin,side,quantity,price,currency,gross_amount,commission,net_amount,base_currency,base_gross_amount,base_net_amount,fx_rate,market,order_type,exec_type,time_in_force,broker_id,venue
2024-04-24T16:20:55.077988Z,2024-04-26,TRD_20476A56BC7C,CUST_00001,CUST_00001_INVESTMENT_01,ORD_4DC0632BDED0,EXE_B8E45544E831,INTC,US6650239671,2,912.3271,112.33,USD,-102481.7,512.4085,-101969.29,CHF,-102481.7,-101969.29,1.0,NASDAQ,STOP_LIMIT,NEW,IOC,DB,BATS
2024-04-24T15:57:53.207815Z,2024-04-26,TRD_08F6FC8F7839,CUST_00001,CUST_00001_INVESTMENT_01,ORD_C9302F67C1AA,EXE_77B8799C5425,UBSG,CH8859374476,1,924.8292,176.87,CHF,163574.54,1308.5963,162265.94,CHF,163574.54,162265.94,1.0,SIX,STOP,REPLACED,GTC,UBS,SIP
2024-04-24T10:00:15.150565Z,2024-04-26,TRD_C8B74285AC05,CUST_00001,CUST_00001_INVESTMENT_01,ORD_C110CB12B9BE,EXE_641503ED7A84,RIO,GB3964676924,2,55.8947,1756.69,GBP,-98189.66,589.138,-97600.52,CHF,-98189.66,-97600.52,1.0,LSE,MARKET,CANCELED,GTC,CITI,BATS
2024-04-24T11:25:10.003487Z,2024-04-26,TRD_1D4DFF9232E5,CUST_00001,CUST_00001_INVESTMENT_01,ORD_782F8EAC5CAA,EXE_23F04CA227D0,DAI,DE6616456226,2,421.285,80.37,EUR,-33858.68,135.4347,-33723.24,CHF,-33858.68,-33723.24,1.0,XETRA,STOP,PARTIAL_FILL,DAY,TD,DARK
2024-04-24T15:08:08.577425Z,2024-04-26,TRD_BB50B0DFC035,CUST_00001,CUST_00001_INVESTMENT_01,ORD_4FC73C1400E9,EXE_AA6895E98EFD,BAS,DE4721489381,1,212.154,85.94,EUR,18232.51,72.9301,18159.58,CHF,18232.51,18159.58,1.0,XETRA,MARKET,NEW,IOC,WF,BLOCK
2024-04-24T16:14:46.135239Z,2024-04-26,TRD_19FA4911C06F,CUST_00001,CUST_00001_INVESTMENT_01,ORD_B604FFD3937C,EXE_5F0FC6FF15BD,AMZN,US9735277657,1,77.1566,232.1,USD,17908.05,89.5402,17818.51,CHF,17908.05,17818.51,1.0,NYSE,MARKET,REPLACED,DAY,MS,BATS
