trade_date,settlement_date,trade_id,customer_id,account_number,order_id,exec_id,symbol,isin,side,quantity,price,currency,gross_amount,commission,net_amount,base_currency,base_gross_amount,base_net_amount,fx_rate,market,order_type,exec_type,time_in_force,broker_id,venue
2024-04-30T10:25:48.239888Z,2024-05-02,TRD_0961F3DD4AE3,CUST_00001,CUST_00001_INVESTMENT_02,ORD_11E623920EA3,EXE_5B6229AF7561,VOD,GB2065538253,2,911.874,1762.09,GBP,-1606804.06,9640.8243,-1597163.23,CHF,-1606804.06,-1597163.23,1.0,LSE,LIMIT,PARTIAL_FILL,FOK,CITI,BLOCK
2024-04-30T14:03:44.997773Z,2024-05-02,TRD_06A55D12F50B,CUST_00001,CUST_00001_INVESTMENT_02,ORD_61E3415EACBD,EXE_84FF33BC9723,MUV2,DE9769692822,2,673.5607,49.18,EUR,-33125.72,132.5029,-32993.21,CHF,-33125.72,-32993.21,1.0,XETRA,LIMIT,PARTIAL_FILL,DAY,DB,CHI-X
2024-04-30T12:54:57.773556Z,2024-05-02,TRD_A90DF0ABB78A,CUST_00001,CUST_00001_INVESTMENT_02,ORD_8C6C5BB53B71,EXE_FBF05E112F03,4063,JP4252746112,2,364.0484,4142.0,JPY,-1507888.47,9047.3308,-1498841.14,CHF,-1507888.47,-1498841.14,1.0,TSE,LIMIT,PARTIAL_FILL,GTC,WF,BLOCK
2024-04-30T09:11:28.882928Z,2024-05-02,TRD_D99220CE1557,CUST_00001,CUST_00001_INVESTMENT_02,ORD_8F63EAC044A4,EXE_B7EF2757C57A,ADBE,US8544287873,2,50.1908,285.25,USD,-14316.93,71.5846,-14245.34,CHF,-14316.93,-14245.34,1.0,NASDAQ,STOP_LIMIT,REPLACED,FOK,CITI,DARK
