trade_date,settlement_date,trade_id,customer_id,account_number,order_id,exec_id,symbol,isin,side,quantity,price,currency,gross_amount,commission,net_amount,base_currency,base_gross_amount,base_net_amount,fx_rate,market,order_type,exec_type,time_in_force,broker_id,venue
2023-11-01T09:52:14.621946Z,2023-11-03,TRD_8D7462171BBB,CUST_00001,CUST_00001_INVESTMENT_01,ORD_CF7281598C2E,EXE_E2AD99D373B4,CS,CH2467755453,2,235.4117,233.7,CHF,-55015.71,440.1257,-54575.59,CHF,-55015.71,-54575.59,1.0,SIX,STOP_LIMIT,REPLACED,DAY,WF,SIP
2023-11-01T15:29:05.276156Z,2023-11-03,TRD_5599E8EBFE1E,CUST_00001,CUST_00001_INVESTMENT_01,ORD_FCADAC77AC37,EXE_C601A79B115F,TSLA,US9474143113,1,87.6979,204.61,USD,17943.87,89.7193,17854.15,CHF,17943.87,17854.15,1.0,NYSE,MARKET,REPLACED,IOC,BAML,BLOCK
2023-11-01T11:23:18.629140Z,2023-11-03,TRD_6766D4A601C2,CUST_00001,CUST_00001_INVESTMENT_01,ORD_ECCD272EE0FA,EXE_D6DA09F0F732,SAP,DE3638188370,1,364.8483,142.36,EUR,51939.8,207.7592,51732.04,CHF,51939.8,51732.04,1.0,XETRA,LIMIT,NEW,GTC,UBS,CROSS
2023-11-01T09:35:58.892002Z,2023-11-03,TRD_990788FE02EB,CUST_00001,CUST_00001_INVESTMENT_01,ORD_C478B8E5C255,EXE_D953175D2E54,NESN,CH2943569271,2,725.1633,528.38,CHF,-383161.78,3065.2943,-380096.49,CHF,-383161.78,-380096.49,1.0,SIX,STOP_LIMIT,NEW,DAY,GS,CROSS
2023-11-01T10:19:01.999648Z,2023-11-03,TRD_5B60F22FA4C9,CUST_00001,CUST_00001_INVESTMENT_01,ORD_27E6C238D3D5,EXE_AD58D1EEFA81,LLOY,GB8817722309,1,133.0145,702.4,GBP,93429.38,560.5763,92868.81,CHF,93429.38,92868.81,1.0,LSE,STOP_LIMIT,REPLACED,GTC,WF,BATS
2023-11-01T09:09:45.743420Z,2023-11-03,TRD_309A37353613,CUST_00001,CUST_00001_INVESTMENT_01,ORD_DAA7DC81E43B,EXE_47AB4925BED2,DAI,DE2487168541,1,82.8109,149.23,EUR,12357.87,49.4315,12308.44,CHF,12357.87,12308.44,1.0,XETRA,STOP,PARTIAL_FILL,FOK,CITI,BATS
