trade_date,settlement_date,trade_id,customer_id,account_number,order_id,exec_id,symbol,isin,side,quantity,price,currency,gross_amount,commission,net_amount,base_currency,base_gross_amount,base_net_amount,fx_rate,market,order_type,exec_type,time_in_force,broker_id,venue
2024-11-20T10:08:21.423761Z,2024-11-22,TRD_777171A42D80,CUST_00001,CUST_00001_INVESTMENT_01,ORD_73216EF06893,EXE_1D0FDE64979E,GSK,GB7322189177,1,37.9986,1476.54,GBP,56106.45,336.6387,55769.81,CHF,56106.45,55769.81,1.0,LSE,MARKET,FILL,DAY,JPM,SIP
2024-11-20T12:55:22.221037Z,2024-11-22,TRD_D73C3C0C6268,CUST_00001,CUST_00001_INVESTMENT_01,ORD_D3D338A098AC,EXE_64268B8AD7F8,DTE,DE4315352448,2,313.5929,52.65,EUR,-16510.67,66.0427,-16444.62,CHF,-16510.67,-16444.62,1.0,XETRA,STOP_LIMIT,REPLACED,DAY,GS,CHI-X
2024-11-20T09:49:54.412673Z,2024-11-22,TRD_34A84728C695,CUST_00001,CUST_00001_INVESTMENT_01,ORD_F02799586796,EXE_AAE6DB354C22,GSK,GB6249596053,1,781.7496,1546.01,GBP,1208592.7,7251.5562,1201341.14,CHF,1208592.7,1201341.14,1.0,LSE,STOP_LIMIT,CANCELED,GTC,DB,SIP
2024-11-20T16:07:53.186135Z,2024-11-22,TRD_FE375CF3BF04,CUST_00001,CUST_00001_INVESTMENT_01,ORD_448E4BA57C3B,EXE_6B9A9E8A046B,CSCO,US1523760160,2,924.4838,190.29,USD,-175920.02,879.6001,-175040.42,CHF,-175920.02,-175040.42,1.0,NASDAQ,LIMIT,PARTIAL_FILL,IOC,CS,BLOCK
2024-11-20T09:17:27.306027Z,2024-11-22,TRD_FD0A32931481,CUST_00001,CUST_00001_INVESTMENT_01,ORD_87E59A27476F,EXE_2E2D70D828D8,VOD,GB5732404301,1,264.1516,1885.12,GBP,497957.46,2987.7448,494969.72,CHF,497957.46,494969.72,1.0,LSE,LIMIT,REPLACED,GTC,GS,BLOCK
