trade_date,settlement_date,trade_id,customer_id,account_number,order_id,exec_id,symbol,isin,side,quantity,price,currency,gross_amount,commission,net_amount,base_currency,base_gross_amount,base_net_amount,fx_rate,market,order_type,exec_type,time_in_force,broker_id,venue
2025-06-06T15:45:19.277427Z,2025-06-10,TRD_D8FC82341A23,CUST_00001,CUST_00001_INVESTMENT_01,ORD_F2140C961D0B,EXE_AA8851A6D8F1,ABB,CH6831452855,1,430.5724,78.02,CHF,33593.26,268.7461,33324.51,CHF,33593.26,33324.51,1.0,SIX,STOP,CANCELED,FOK,WF,BATS
2025-06-06T11:34:11.405513Z,2025-06-10,TRD_9FD714244E24,CUST_00001,CUST_00001_INVESTMENT_01,ORD_4CCC77A1D78B,EXE_3E5AF591C861,4063,JP1225498487,2,221.5239,2379.0,JPY,-527005.36,3162.0321,-523843.33,CHF,-527005.36,-523843.33,1.0,TSE,STOP_LIMIT,CANCELED,FOK,CS,DARK
2025-06-06T11:48:13.483764Z,2025-06-10,TRD_5C2824A23E72,CUST_00001,CUST_00001_INVESTMENT_01,ORD_C5BE9724B21B,EXE_5207D3AB6A17,4063,JP8832948243,2,151.3921,1089.0,JPY,-164866.0,989.196,-163876.8,CHF,-164866.0,-163876.8,1.0,TSE,LIMIT,REPLACED,DAY,WF,DARK
2025-06-06T15:00:50.133034Z,2025-06-10,TRD_5CA6B25861CC,CUST_00001,CUST_00001_INVESTMENT_01,ORD_FBD571FEF6BE,EXE_D813741198C9,META,US8139326032,2,96.8695,197.22,USD,-19104.6,95.523,-19009.08,CHF,-19104.6,-19009.08,1.0,NYSE,MARKET,PARTIAL_FILL,FOK,MS,CHI-X
2025-06-06T11:36:19.020008Z,2025-06-10,TRD_ABA36BBE894F,CUST_00001,CUST_00001_INVESTMENT_01,ORD_226692CB1F5F,EXE_5B6292457973,6861,JP3889713701,2,317.941,3860.0,JPY,-1227252.26,7363.5136,-1219888.75,CHF,-1227252.26,-1219888.75,1.0,TSE,STOP,CANCELED,FOK,CS,CHI-X
2025-06-06T11:52:36.762071Z,2025-06-10,TRD_957F1B30D9F7,CUST_00001,CUST_00001_INVESTMENT_01,ORD_1D606BF78E57,EXE_33CD10F45AA1,IFX,DE7999378744,2,74.6834,79.08,EUR,-5905.96,23.6239,-5882.34,CHF,-5905.96,-5882.34,1.0,XETRA,STOP_LIMIT,NEW,GTC,JPM,DARK
