trade_date,settlement_date,trade_id,customer_id,account_number,order_id,exec_id,symbol,isin,side,quantity,price,currency,gross_amount,commission,net_amount,base_currency,base_gross_amount,base_net_amount,fx_rate,market,order_type,exec_type,time_in_force,broker_id,venue
2024-01-01T13:47:04.414781Z,2024-01-03,TRD_EBA672E85117,CUST_00001,CUST_00001_INVESTMENT_01,ORD_B942FA8B85DC,EXE_72836A478456,CS,CH2890994843,1,113.149,412.92,CHF,46721.49,373.7719,46347.71,CHF,46721.49,46347.71,1.0,SIX,STOP,CANCELED,GTC,MS,DARK
2024-01-01T09:08:42.839823Z,2024-01-03,TRD_138CF48641E3,CUST_00001,CUST_00001_INVESTMENT_01,ORD_A75FAEDE52A1,EXE_1E59DF35DB4B,CFR,CH8632378726,2,893.5396,748.47,CHF,-668787.58,5350.3007,-663437.28,CHF,-668787.58,-663437.28,1.0,SIX,STOP_LIMIT,NEW,FOK,TD,BLOCK
2024-01-01T10:47:09.343642Z,2024-01-03,TRD_16BAF909EDA4,CUST_00001,CUST_00001_INVESTMENT_01,ORD_F55514228958,EXE_39DBA5B5B2C2,SHEL,GB8590767089,1,137.6866,939.48,GBP,129353.81,776.1228,128577.68,CHF,129353.81,128577.68,1.0,LSE,STOP,PARTIAL_FILL,FOK,MS,CROSS
2024-01-01T09:40:49.018623Z,2024-01-03,TRD_494B3EECC1D3,CUST_00001,CUST_00001_INVESTMENT_01,ORD_E08BC19820DC,EXE_F5B8C750F343,SIE,DE3981548882,1,319.6644,91.27,EUR,29175.77,116.7031,29059.07,CHF,29175.77,29059.07,1.0,XETRA,STOP_LIMIT,FILL,IOC,GS,BATS
2024-01-01T15:27:29.244680Z,2024-01-03,TRD_8D353570E0C2,CUST_00001,CUST_00001_INVESTMENT_01,ORD_BC5FDC8DE5EE,EXE_D90BCFC5FEAB,BAS,DE4641933745,2,352.7884,86.01,EUR,-30343.33,121.3733,-30221.96,CHF,-30343.33,-30221.96,1.0,XETRA,MARKET,NEW,DAY,WF,CHI-X
2024-01-01T15:07:10.044337Z,2024-01-03,TRD_93029DD916A0,CUST_00001,CUST_00001_INVESTMENT_01,ORD_8FA3F5C9A0D6,EXE_40D43BAB8282,7267,JP8966222645,1,273.8815,1752.0,JPY,479840.39,2879.0423,476961.35,CHF,479840.39,476961.35,1.0,TSE,STOP_LIMIT,FILL,GTC,TD,BLOCK
