trade_date,settlement_date,trade_id,customer_id,account_number,order_id,exec_id,symbol,isin,side,quantity,price,currency,gross_amount,commission,net_amount,base_currency,base_gross_amount,base_net_amount,fx_rate,market,order_type,exec_type,time_in_force,broker_id,venue
2023-10-12T10:57:07.210552Z,2023-10-16,TRD_A9C19682BF10,CUST_00001,CUST_00001_INVESTMENT_01,ORD_EDA9FAF3BE3F,EXE_16942E81E6D5,IFX,DE4644095321,2,989.2035,115.18,EUR,-113936.46,455.7458,-113480.71,CHF,-113936.46,-113480.71,1.0,XETRA,LIMIT,REPLACED,GTC,DB,SIP
2023-10-12T11:27:35.004184Z,2023-10-16,TRD_517017F56326,CUST_00001,CUST_00001_INVESTMENT_01,ORD_86EBE680B60A,EXE_FCB0BFDDF2E7,VOD,GB1712818137,1,64.8576,1050.89,GBP,68158.2,408.9492,67749.25,CHF,68158.2,67749.25,1.0,LSE,LIMIT,REPLACED,FOK,WF,CROSS
2023-10-12T14:29:01.508521Z,2023-10-16,TRD_3662E48EE983,CUST_00001,CUST_00001_INVESTMENT_01,ORD_466257192949,EXE_EFD85295DC25,CS,CH5436408314,2,983.2466,691.01,CHF,-679433.23,5435.4659,-673997.77,CHF,-679433.23,-673997.77,1.0,SIX,MARKET,CANCELED,IOC,CITI,CROSS
2023-10-12T11:25:40.332932Z,2023-10-16,TRD_F14C7C24F432,CUST_00001,CUST_00001_INVESTMENT_01,ORD_3110E3498C81,EXE_57C773E721E7,BT,GB7077570512,2,865.8906,408.33,GBP,-353569.11,2121.4147,-351447.69,CHF,-353569.11,-351447.69,1.0,LSE,LIMIT,REPLACED,DAY,MS,BLOCK
2023-10-12T12:13:20.546705Z,2023-10-16,TRD_91A4269F47AB,CUST_00001,CUST_00001_INVESTMENT_01,ORD_70C1FDB2E845,EXE_3DE1EF467087,GOOGL,US2929316212,2,663.9474,164.27,USD,-109066.64,545.3332,-108521.31,CHF,-109066.64,-108521.31,1.0,NASDAQ,LIMIT,REPLACED,FOK,MS,BATS
