trade_date,settlement_date,trade_id,customer_id,account_number,order_id,exec_id,symbol,isin,side,quantity,price,currency,gross_amount,commission,net_amount,base_currency,base_gross_amount,base_net_amount,fx_rate,market,order_type,exec_type,time_in_force,broker_id,venue
2024-08-29T11:15:01.690220Z,2024-09-02,TRD_BDC07C67598B,CUST_00001,CUST_00001_INVESTMENT_01,ORD_B5EA11BB40F9,EXE_02EA6F38754F,GSK,GB8337981235,1,747.9322,1085.84,GBP,812134.7,4872.8082,807261.89,CHF,812134.7,807261.89,1.0,LSE,STOP_LIMIT,REPLACED,IOC,GS,BATS
2024-08-29T10:49:23.911201Z,2024-09-02,TRD_C6F298E15134,CUST_00001,CUST_00001_INVESTMENT_01,ORD_7F6D7207DD0A,EXE_53B32A291171,8316,JP9685087464,1,588.4415,1895.0,JPY,1115096.64,6690.5799,1108406.06,CHF,1115096.64,1108406.06,1.0,TSE,STOP,FILL,IOC,JPM,BLOCK
2024-08-29T15:23:17.570603Z,2024-09-02,TRD_80EAC1468A8E,CUST_00001,CUST_00001_INVESTMENT_01,ORD_18206CF3A702,EXE_12A7108E6591,ALV,DE7159903256,2,36.698,95.25,EUR,-3495.48,13.9819,-3481.5,CHF,-3495.48,-3481.5,1.0,XETRA,STOP_LIMIT,REPLACED,GTC,UBS,BATS
2024-08-29T09:48:56.816592Z,2024-09-02,TRD_87D41D0E0214,CUST_00001,CUST_00001_INVESTMENT_01,ORD_B8098B2AAF5B,EXE_0CE8DB93B0AD,JPM,US9913509488,1,346.7661,203.27,USD,70487.15,352.4357,70134.71,CHF,70487.15,70134.71,1.0,NYSE,STOP,NEW,IOC,TD,BATS
2024-08-29T09:18:16.505391Z,2024-09-02,TRD_DEBDD4F98A9D,CUST_00001,CUST_00001_INVESTMENT_01,ORD_902A9AFA1A78,EXE_A00FE983B595,RIO,GB6724598547,1,44.405,1894.16,GBP,84110.17,504.661,83605.51,CHF,84110.17,83605.51,1.0,LSE,STOP,FILL,FOK,TD,SIP
2024-08-29T13:42:45.861542Z,2024-09-02,TRD_57032CE138F7,CUST_00001,CUST_00001_INVESTMENT_01,ORD_9F2BB84CE438,EXE_10C0EAFF089D,ALV,DE9539599144,1,581.9566,30.0,EUR,17458.7,69.8348,17388.86,CHF,17458.7,17388.86,1.0,XETRA,MARKET,REPLACED,GTC,MS,BLOCK
