trade_date,settlement_date,trade_id,customer_id,account_number,order_id,exec_id,symbol,isin,side,quantity,price,currency,gross_amount,commission,net_amount,base_currency,base_gross_amount,base_net_amount,fx_rate,market,order_type,exec_type,time_in_force,broker_id,venue
2024-07-02T12:27:38.734130Z,2024-07-04,TRD_EA47A784FCE0,CUST_00001,CUST_00001_INVESTMENT_01,ORD_20B10559741D,EXE_99F3A6AF3A38,7203,JP1042293247,1,304.6187,3603.0,JPY,1097541.18,6585.2471,1090955.93,CHF,1097541.18,1090955.93,1.0,TSE,STOP,NEW,FOK,JPM,SIP
2024-07-02T13:10:52.257535Z,2024-07-04,TRD_7B31447BA7E6,CUST_00001,CUST_00001_INVESTMENT_01,ORD_E2EF5870696B,EXE_5DA14F7B6C33,4063,JP5456258950,1,641.1924,3064.0,JPY,1964613.51,11787.6811,1952825.83,CHF,1964613.51,1952825.83,1.0,TSE,LIMIT,NEW,GTC,CS,SIP
2024-07-02T13:13:42.222423Z,2024-07-04,TRD_BA1636D39C72,CUST_00001,CUST_00001_INVESTMENT_01,ORD_1A34383011B6,EXE_F6A6BECBB3F7,DTE,DE5173645262,2,62.1491,48.36,EUR,-3005.53,12.0221,-2993.51,CHF,-3005.53,-2993.51,1.0,XETRA,STOP,REPLACED,FOK,BAML,CHI-X
2024-07-02T16:06:36.066247Z,2024-07-04,TRD_0B23DA8D5343,CUST_00001,CUST_00001_INVESTMENT_01,ORD_DAF098E3E3AC,EXE_FE1B68AF850D,MUV2,DE5560328373,1,394.2604,99.05,EUR,39051.49,156.206,38895.29,CHF,39051.49,38895.29,1.0,XETRA,STOP_LIMIT,FILL,GTC,CS,CROSS
2024-07-02T10:33:23.158102Z,2024-07-04,TRD_A545E9BA560C,CUST_00001,CUST_00001_INVESTMENT_01,ORD_DD0DC3D22F8D,EXE_530ACCFD2342,VOW,DE3764921991,1,460.2589,39.42,EUR,18143.41,72.5736,18070.83,CHF,18143.41,18070.83,1.0,XETRA,MARKET,NEW,DAY,UBS,BLOCK
2024-07-02T09:35:34.618759Z,2024-07-04,TRD_BA61709E6BFB,CUST_00001,CUST_00001_INVESTMENT_01,ORD_5D2743817E75,EXE_BAB450AD8FA2,NVDA,US9813904763,1,260.2208,179.21,USD,46634.17,233.1708,46401.0,CHF,46634.17,46401.0,1.0,NYSE,LIMIT,NEW,IOC,WF,CHI-X
