trade_date,settlement_date,trade_id,customer_id,account_number,order_id,exec_id,symbol,isin,side,quantity,price,currency,gross_amount,commission,net_amount,base_currency,base_gross_amount,base_net_amount,fx_rate,market,order_type,exec_type,time_in_force,broker_id,venue
2025-07-29T11:23:59.804554Z,2025-07-31,TRD_D4191147CFD1,CUST_00001,CUST_00001_INVESTMENT_01,ORD_A198FEC9B18C,EXE_04DE9FC910E7,6758,JP6579372970,1,299.3298,3282.0,JPY,982400.4,5894.4024,976506.0,CHF,982400.4,976506.0,1.0,TSE,STOP_LIMIT,CANCELED,IOC,MS,SIP
2025-07-29T13:20:44.672391Z,2025-07-31,TRD_897C48CBF6B1,CUST_00001,CUST_00001_INVESTMENT_01,ORD_6C6F5DB5C849,EXE_2EE1D3091E2C,UHR,CH9452941285,2,191.7516,462.45,CHF,-88675.53,709.4042,-87966.12,CHF,-88675.53,-87966.12,1.0,SIX,MARKET,NEW,DAY,DB,CROSS
2025-07-29T16:45:19.477508Z,2025-07-31,TRD_DCB05FC20875,CUST_00001,CUST_00001_INVESTMENT_01,ORD_6D6FE0498562,EXE_341E6BBC69AA,BT,GB2164721856,2,81.3156,492.38,GBP,-40038.18,240.2291,-39797.95,CHF,-40038.18,-39797.95,1.0,LSE,MARKET,PARTIAL_FILL,FOK,DB,DARK
2025-07-29T16:08:21.155814Z,2025-07-31,TRD_FAFFBC1B7EE2,CUST_00001,CUST_00001_INVESTMENT_01,ORD_4385D5BA58A2,EXE_F2E89007307E,BARC,GB7856619221,2,878.404,749.07,GBP,-657986.08,3947.9165,-654038.17,CHF,-657986.08,-654038.17,1.0,LSE,STOP,FILL,FOK,JPM,BATS
