trade_date,settlement_date,trade_id,customer_id,account_number,order_id,exec_id,symbol,isin,side,quantity,price,currency,gross_amount,commission,net_amount,base_currency,base_gross_amount,base_net_amount,fx_rate,market,order_type,exec_type,time_in_force,broker_id,venue
2024-02-13T13:03:09.943693Z,2024-02-15,TRD_02BAA873A778,CUST_00001,CUST_00001_INVESTMENT_01,ORD_53C2505886E7,EXE_31C97AAB7BC2,BAS,DE6038966845,1,199.5494,121.53,EUR,24251.24,97.005,24154.23,CHF,24251.24,24154.23,1.0,XETRA,LIMIT,PARTIAL_FILL,DAY,DB,SIP
2024-02-13T10:27:06.152263Z,2024-02-15,TRD_E0DCDF8DFE52,CUST_00001,CUST_00001_INVESTMENT_01,ORD_3926079A48F3,EXE_2FDD0D57A7DF,GOOGL,US5684633552,2,307.3444,60.49,USD,-18591.26,92.9563,-18498.31,CHF,-18591.26,-18498.31,1.0,NASDAQ,STOP,PARTIAL_FILL,DAY,MS,CROSS
2024-02-13T16:45:23.527004Z,2024-02-15,TRD_EE57BFE5A977,CUST_00001,CUST_00001_INVESTMENT_01,ORD_D2597CBB66B2,EXE_3ADECA2FCCDF,7267,JP2877539952,2,809.9346,4430.0,JPY,-3588010.28,21528.0617,-3566482.22,CHF,-3588010.28,-3566482.22,1.0,TSE,MARKET,NEW,GTC,DB,BLOCK
2024-02-13T11:40:44.972588Z,2024-02-15,TRD_77FD64538D63,CUST_00001,CUST_00001_INVESTMENT_01,ORD_B04F203FEDD3,EXE_7E8FC3509FAC,ADBE,US6164182016,1,892.6669,266.34,USD,237752.9,1188.7645,236564.14,CHF,237752.9,236564.14,1.0,NASDAQ,STOP,CANCELED,GTC,CS,DARK
2024-02-13T16:43:23.490036Z,2024-02-15,TRD_E5DD9B992D20,CUST_00001,CUST_00001_INVESTMENT_01,ORD_C7FC939C4BB5,EXE_3A9E47944B0F,8316,JP9241169749,1,869.21,2260.0,JPY,1964414.6,11786.4876,1952628.11,CHF,1964414.6,1952628.11,1.0,TSE,MARKET,REPLACED,IOC,TD,BLOCK
2024-02-13T10:49:09.049674Z,2024-02-15,TRD_8E07F2840633,CUST_00001,CUST_00001_INVESTMENT_01,ORD_D7FB4B3CF42F,EXE_8F88AB93B4E7,ZURN,CH6671680343,2,379.1545,881.21,CHF,-334114.74,2672.9179,-331441.82,CHF,-334114.74,-331441.82,1.0,SIX,STOP_LIMIT,NEW,DAY,WF,SIP
