trade_date,settlement_date,trade_id,customer_id,account_number,order_id,exec_id,symbol,isin,side,quantity,price,currency,gross_amount,commission,net_amount,base_currency,base_gross_amount,base_net_amount,fx_rate,market,order_type,exec_type,time_in_force,broker_id,venue
2024-05-14T12:11:45.402773Z,2024-05-16,TRD_795F7D54F4ED,CUST_00001,CUST_00001_INVESTMENT_01,ORD_36B3BB424C79,EXE_BE70424D671F,AMZN,US9849015962,2,523.1648,95.59,USD,-50009.32,250.0466,-49759.28,CHF,-50009.32,-49759.28,1.0,NYSE,MARKET,REPLACED,GTC,WF,BATS
2024-05-14T14:43:39.706766Z,2024-05-16,TRD_A06C305C2471,CUST_00001,CUST_00001_INVESTMENT_01,ORD_09B01E4107E9,EXE_25DBECC8041F,SAP,DE5885191090,2,879.3594,25.35,EUR,-22291.76,89.167,-22202.59,CHF,-22291.76,-22202.59,1.0,XETRA,LIMIT,NEW,FOK,MS,CROSS
2024-05-14T16:09:15.448464Z,2024-05-16,TRD_420D9D5C52D9,CUST_00001,CUST_00001_INVESTMENT_01,ORD_ECAE4E9DB4E6,EXE_3B152D80065B,GOOGL,US2051303212,1,154.5765,132.81,USD,20529.3,102.6465,20426.66,CHF,20529.3,20426.66,1.0,NYSE,LIMIT,CANCELED,IOC,MS,BLOCK
2024-05-14T11:48:37.373305Z,2024-05-16,TRD_9AEC21A4DEEA,CUST_00001,CUST_00001_INVESTMENT_01,ORD_A7A3011D7361,EXE_DF2013E869D4,LLOY,GB2682976759,1,938.0323,1828.24,GBP,1714948.17,10289.689,1704658.48,CHF,1714948.17,1704658.48,1.0,LSE,MARKET,CANCELED,IOC,GS,CHI-X
2024-05-14T10:16:14.864004Z,2024-05-16,TRD_0E95B2A782A9,CUST_00001,CUST_00001_INVESTMENT_01,ORD_79DB7CF73E1C,EXE_4680C5A39922,VOW,DE5142421276,2,450.2936,45.69,EUR,-20573.91,82.2957,-20491.62,CHF,-20573.91,-20491.62,1.0,XETRA,MARKET,PARTIAL_FILL,FOK,JPM,DARK
2024-05-14T16:58:34.673489Z,2024-05-16,TRD_D3CB7FC33FD4,CUST_00001,CUST_00001_INVESTMENT_01,ORD_D065AD6798CD,EXE_A79CD562732E,NOVN,CH1990519104,1,823.2019,382.92,CHF,315220.47,2521.7638,312698.71,CHF,315220.47,312698.71,1.0,SIX,LIMIT,CANCELED,DAY,CITI,CHI-X
2024-05-14T14:35:27.340841Z,2024-05-16,TRD_F4DD3425E411,CUST_00001,CUST_00001_INVESTMENT_01,ORD_8F9EA5F759CE,EXE_86E1FD7F05F2,AZN,GB7838322459,2,545.6852,223.63,GBP,-122031.58,732.1895,-121299.39,CHF,-122031.58,-121299.39,1.0,LSE,STOP,FILL,DAY,CS,CHI-X
