trade_date,settlement_date,trade_id,customer_id,account_number,order_id,exec_id,symbol,isin,side,quantity,price,currency,gross_amount,commission,net_amount,base_currency,base_gross_amount,base_net_amount,fx_rate,market,order_type,exec_type,time_in_force,broker_id,venue
2025-05-06T13:33:38.986320Z,2025-05-08,TRD_E5E882A5795C,CUST_00001,CUST_00001_INVESTMENT_01,ORD_9E083116B053,EXE_3806DDF283DD,ZURN,CH6033420107,1,209.8206,716.34,CHF,150302.89,1202.4231,149100.47,CHF,150302.89,149100.47,1.0,SIX,LIMIT,PARTIAL_FILL,GTC,DB,CROSS
2025-05-06T15:20:36.724056Z,2025-05-08,TRD_5E83134C1E1F,CUST_00001,CUST_00001_INVESTMENT_01,ORD_16E6686B0C00,EXE_B6D59141C8B0,AMZN,US2639644103,1,590.3571,234.0,USD,138143.56,690.7178,137452.84,CHF,138143.56,137452.84,1.0,NASDAQ,STOP_LIMIT,PARTIAL_FILL,GTC,CITI,DARK
2025-05-06T16:49:40.342646Z,2025-05-08,TRD_3AA25F44C6FC,CUST_00001,CUST_00001_INVESTMENT_01,ORD_0C095D68727D,EXE_433DE4A1738B,AAPL,US6122516069,2,764.4527,246.52,USD,-188452.88,942.2644,-187510.62,CHF,-188452.88,-187510.62,1.0,NASDAQ,STOP_LIMIT,REPLACED,FOK,DB,BLOCK
2025-05-06T13:14:57.641167Z,2025-05-08,TRD_0828FAA330BC,CUST_00001,CUST_00001_INVESTMENT_01,ORD_BC3DE8E42E0F,EXE_1AA5586E09B1,8316,JP5865844437,1,772.8211,4519.0,JPY,3492378.55,20954.2713,3471424.28,CHF,3492378.55,3471424.28,1.0,TSE,MARKET,PARTIAL_FILL,GTC,WF,BATS
2025-05-06T15:05:47.724219Z,2025-05-08,TRD_2C2B759D5FBE,CUST_00001,CUST_00001_INVESTMENT_01,ORD_A07446972645,EXE_8387B78F3AB9,AZN,GB1984366803,1,496.8956,1770.15,GBP,879579.75,5277.4785,874302.27,CHF,879579.75,874302.27,1.0,LSE,STOP_LIMIT,PARTIAL_FILL,GTC,MS,CHI-X
2025-05-06T15:19:04.991403Z,2025-05-08,TRD_E50F258651F6,CUST_00001,CUST_00001_INVESTMENT_01,ORD_2444022F18B5,EXE_B6811908E3D0,LLOY,GB6554920113,2,496.7162,1178.63,GBP,-585444.61,3512.6677,-581931.95,CHF,-585444.61,-581931.95,1.0,LSE,STOP_LIMIT,FILL,FOK,BAML,CHI-X
2025-05-06T15:33:32.857525Z,2025-05-08,TRD_875A393DE1E7,CUST_00001,CUST_00001_INVESTMENT_01,ORD_7C3C977BD529,EXE_7EB9A677D6C7,NVDA,US3813729584,1,669.4187,92.99,USD,62249.24,311.2462,61938.0,CHF,62249.24,61938.0,1.0,NASDAQ,STOP,NEW,DAY,JPM,CROSS
