trade_date,settlement_date,trade_id,customer_id,account_number,order_id,exec_id,symbol,isin,side,quantity,price,currency,gross_amount,commission,net_amount,base_currency,base_gross_amount,base_net_amount,fx_rate,market,order_type,exec_type,time_in_force,broker_id,venue
2025-01-14T13:59:56.994085Z,2025-01-16,TRD_9A00E79495E6,CUST_00001,CUST_00001_INVESTMENT_02,ORD_98A98D71D94E,EXE_AADF65091275,INTC,US7531007617,1,809.2464,212.75,USD,172167.17,860.8359,171306.34,CHF,172167.17,171306.34,1.0,NASDAQ,MARKET,REPLACED,FOK,CITI,DARK
2025-01-14T12:04:26.406757Z,2025-01-16,TRD_DEC9DA92B483,CUST_00001,CUST_00001_INVESTMENT_02,ORD_1CB5C13A2569,EXE_6CE471444851,UHR,CH4257502358,1,365.4521,313.65,CHF,114624.05,916.9924,113707.06,CHF,114624.05,113707.06,1.0,SIX,MARKET,FILL,FOK,CS,CROSS
2025-01-14T09:44:44.143087Z,2025-01-16,TRD_FF0D5B925DC6,CUST_00001,CUST_00001_INVESTMENT_02,ORD_63558C6CF442,EXE_57C07AC2141F,VOD,GB9292058424,2,692.7026,587.12,GBP,-406699.55,2440.1973,-404259.35,CHF,-406699.55,-404259.35,1.0,LSE,STOP_LIMIT,NEW,IOC,CS,CHI-X
2025-01-14T12:30:52.521475Z,2025-01-16,TRD_5468B689E241,CUST_00001,CUST_00001_INVESTMENT_02,ORD_347E1B900210,EXE_F33BA08E1179,AMZN,US4379282682,1,518.9516,142.02,USD,73701.51,368.5075,73333.0,CHF,73701.51,73333.0,1.0,NYSE,STOP,NEW,DAY,CITI,BATS
2025-01-14T12:19:52.729593Z,2025-01-16,TRD_01D2BA1B4BEF,CUST_00001,CUST_00001_INVESTMENT_02,ORD_CFFB2581FBF2,EXE_00FA417E16DA,HSBA,GB5780185183,2,365.4076,431.3,GBP,-157600.3,945.6018,-156654.7,CHF,-157600.3,-156654.7,1.0,LSE,STOP_LIMIT,FILL,IOC,TD,BATS
2025-01-14T16:10:25.134675Z,2025-01-16,TRD_A400342D3A11,CUST_00001,CUST_00001_INVESTMENT_02,ORD_D54661E16888,EXE_3E805EA4FC42,8306,JP2229551006,1,627.5272,1077.0,JPY,675846.79,4055.0808,671791.71,CHF,675846.79,671791.71,1.0,TSE,MARKET,NEW,GTC,CITI,BLOCK
