trade_date,settlement_date,trade_id,customer_id,account_number,order_id,exec_id,symbol,isin,side,quantity,price,currency,gross_amount,commission,net_amount,base_currency,base_gross_amount,base_net_amount,fx_rate,market,order_type,exec_type,time_in_force,broker_id,venue
2025-04-16T16:03:23.027890Z,2025-04-18,TRD_B9ABDBDE41B2,CUST_00001,CUST_00001_INVESTMENT_01,ORD_5A57FB7BD8BE,EXE_7AA420116674,BAS,DE1469310386,1,888.7395,122.19,EUR,108595.08,434.3803,108160.7,CHF,108595.08,108160.7,1.0,XETRA,STOP_LIMIT,FILL,GTC,CS,BLOCK
2025-04-16T12:44:19.670936Z,2025-04-18,TRD_07002C716AF3,CUST_00001,CUST_00001_INVESTMENT_01,ORD_DD232E33AAB5,EXE_EBE7644782BD,SIE,DE1388261145,1,458.3091,77.04,EUR,35308.13,141.2325,35166.9,CHF,35308.13,35166.9,1.0,XETRA,LIMIT,FILL,IOC,WF,BLOCK
2025-04-16T13:30:58.448771Z,2025-04-18,TRD_68EB683DAD1D,CUST_00001,CUST_00001_INVESTMENT_01,ORD_AC867B57C587,EXE_46A5D9700506,UHR,CH1029833684,1,833.329,252.4,CHF,210332.24,1682.6579,208649.58,CHF,210332.24,208649.58,1.0,SIX,STOP,FILL,IOC,BAML,SIP
2025-04-16T15:36:39.039000Z,2025-04-18,TRD_D5FB58946DBB,CUST_00001,CUST_00001_INVESTMENT_01,ORD_C9F26C881B6E,EXE_74C63011B421,GOOGL,US4828119422,1,407.1944,219.06,USD,89200.01,446.0,88754.01,CHF,89200.01,88754.01,1.0,NYSE,MARKET,NEW,GTC,TD,DARK
