trade_date,settlement_date,trade_id,customer_id,account_number,order_id,exec_id,symbol,isin,side,quantity,price,currency,gross_amount,commission,net_amount,base_currency,base_gross_amount,base_net_amount,fx_rate,market,order_type,exec_type,time_in_force,broker_id,venue
2025-01-31T11:22:57.443923Z,2025-02-04,TRD_FF8F7144D725,CUST_00001,CUST_00001_INVESTMENT_02,ORD_AB9CCEE8F937,EXE_CCD60690C04A,VOW,DE5271996121,1,842.2625,36.21,EUR,30498.33,121.9933,30376.33,CHF,30498.33,30376.33,1.0,XETRA,LIMIT,CANCELED,FOK,GS,BATS
2025-01-31T13:06:36.171628Z,2025-02-04,TRD_EA5C3DE962B5,CUST_00001,CUST_00001_INVESTMENT_02,ORD_E0C21DDE74FD,EXE_41BE52DF8EE0,AAPL,US9755194255,1,779.2486,162.13,USD,126339.58,631.6979,125707.88,CHF,126339.58,125707.88,1.0,NASDAQ,MARKET,CANCELED,IOC,CS,BATS
2025-01-31T16:39:43.237749Z,2025-02-04,TRD_458DD5F115AB,CUST_00001,CUST_00001_INVESTMENT_02,ORD_D3B0FB9F0D6C,EXE_E956CB6A30A5,UHR,CH4940718008,1,290.2287,630.19,CHF,182899.22,1463.1938,181436.03,CHF,182899.22,181436.03,1.0,SIX,STOP_LIMIT,CANCELED,IOC,BAML,CROSS
2025-01-31T09:56:51.826937Z,2025-02-04,TRD_94C19A2422E5,CUST_00001,CUST_00001_INVESTMENT_02,ORD_E6B3662EBE4B,EXE_7AAF4938EA38,JPM,US4070571910,1,478.1366,268.75,USD,128499.21,642.4961,127856.72,CHF,128499.21,127856.72,1.0,NYSE,LIMIT,NEW,IOC,CITI,SIP
2025-01-31T15:18:31.928180Z,2025-02-04,TRD_30A045AD98F8,CUST_00001,CUST_00001_INVESTMENT_02,ORD_18B6540B212F,EXE_FBF5579D4070,BP,GB3071796675,1,647.3341,1675.93,GBP,1084886.64,6509.3198,1078377.32,CHF,1084886.64,1078377.32,1.0,LSE,STOP_LIMIT,REPLACED,DAY,UBS,CROSS
