trade_date,settlement_date,trade_id,customer_id,account_number,order_id,exec_id,symbol,isin,side,quantity,price,currency,gross_amount,commission,net_amount,base_currency,base_gross_amount,base_net_amount,fx_rate,market,order_type,exec_type,time_in_force,broker_id,venue
2024-10-01T10:18:58.220426Z,2024-10-03,TRD_DB4F40BC1B46,CUST_00001,CUST_00001_INVESTMENT_01,ORD_5F6901551EFF,EXE_BF14FEF8990F,NESN,CH3096379948,1,583.7424,845.78,CHF,493717.65,3949.7412,489767.91,CHF,493717.65,489767.91,1.0,SIX,STOP_LIMIT,CANCELED,FOK,DB,DARK
2024-10-01T15:05:00.594345Z,2024-10-03,TRD_3404409815DC,CUST_00001,CUST_00001_INVESTMENT_01,ORD_31B1F05440C9,EXE_F7817CE653CF,ADBE,US1646462591,2,997.1018,186.13,USD,-185590.56,927.9528,-184662.61,CHF,-185590.56,-184662.61,1.0,NASDAQ,STOP,FILL,GTC,DB,CROSS
2024-10-01T09:20:30.899041Z,2024-10-03,TRD_A5D53F8DE823,CUST_00001,CUST_00001_INVESTMENT_01,ORD_A667D53D11BB,EXE_6A694963E70A,META,US5374740568,2,541.6618,298.71,USD,-161799.8,808.999,-160990.8,CHF,-161799.8,-160990.8,1.0,NASDAQ,STOP_LIMIT,CANCELED,IOC,DB,BLOCK
2024-10-01T12:26:40.944066Z,2024-10-03,TRD_E691B075656F,CUST_00001,CUST_00001_INVESTMENT_01,ORD_9C072E5A4B35,EXE_77825E529B35,TSLA,US8819138283,1,853.8477,266.08,USD,227191.8,1135.959,226055.84,CHF,227191.8,226055.84,1.0,NYSE,STOP_LIMIT,PARTIAL_FILL,FOK,BAML,SIP
2024-10-01T13:43:33.681736Z,2024-10-03,TRD_A8588FE35FD6,CUST_00001,CUST_00001_INVESTMENT_01,ORD_9F132D5AA25B,EXE_6A2D45DD4A8A,NESN,CH5794112298,2,46.4342,61.6,CHF,-2860.35,22.8828,-2837.46,CHF,-2860.35,-2837.46,1.0,SIX,MARKET,FILL,DAY,MS,BATS
