trade_date,settlement_date,trade_id,customer_id,account_number,order_id,exec_id,symbol,isin,side,quantity,price,currency,gross_amount,commission,net_amount,base_currency,base_gross_amount,base_net_amount,fx_rate,market,order_type,exec_type,time_in_force,broker_id,venue
2024-04-22T11:48:12.232204Z,2024-04-24,TRD_062051E6D3CD,CUST_00001,CUST_00001_INVESTMENT_01,ORD_C2D79E80CDEB,EXE_3418373886A0,9433,JP5296678988,2,253.1202,4965.0,JPY,-1256741.79,7540.4508,-1249201.34,CHF,-1256741.79,-1249201.34,1.0,TSE,STOP,NEW,GTC,CS,BLOCK
2024-04-22T14:15:12.339081Z,2024-04-24,TRD_D06D5E0C357D,CUST_00001,CUST_00001_INVESTMENT_01,ORD_6608D39202D9,EXE_8DA1443E958F,AAPL,US1264969655,1,662.7931,280.82,USD,186125.56,930.6278,185194.93,CHF,186125.56,185194.93,1.0,NASDAQ,LIMIT,PARTIAL_FILL,IOC,JPM,CHI-X
2024-04-22T12:53:34.808310Z,2024-04-24,TRD_881366A1C0D5,CUST_00001,CUST_00001_INVESTMENT_01,ORD_12F46255A1ED,EXE_B9F604DFED85,META,US9465127398,2,354.3321,271.1,USD,-96059.43,480.2972,-95579.14,CHF,-96059.43,-95579.14,1.0,NASDAQ,STOP,NEW,DAY,MS,DARK
2024-04-22T15:14:20.130288Z,2024-04-24,TRD_068D8F60A687,CUST_00001,CUST_00001_INVESTMENT_01,ORD_58B9173334CF,EXE_808C767EF767,UHR,CH1644680596,1,330.7816,679.04,CHF,224613.94,1796.9115,222817.03,CHF,224613.94,222817.03,1.0,SIX,STOP_LIMIT,REPLACED,FOK,CS,CHI-X
2024-04-22T09:17:32.151116Z,2024-04-24,TRD_94DE3EF5B32D,CUST_00001,CUST_00001_INVESTMENT_01,ORD_D758D86165D5,EXE_33DED16D71E2,9433,JP8525591008,2,87.4724,2449.0,JPY,-214219.91,1285.3194,-212934.59,CHF,-214219.91,-212934.59,1.0,TSE,STOP,CANCELED,FOK,GS,BATS
