trade_date,settlement_date,trade_id,customer_id,account_number,order_id,exec_id,symbol,isin,side,quantity,price,currency,gross_amount,commission,net_amount,base_currency,base_gross_amount,base_net_amount,fx_rate,market,order_type,exec_type,time_in_force,broker_id,venue
2025-03-25T12:37:59.402294Z,2025-03-27,TRD_E0E40F2D8B9A,CUST_00001,CUST_00001_INVESTMENT_01,ORD_820E3ADA305C,EXE_B7761D707B0A,SAP,DE2544134656,1,301.1533,24.32,EUR,7324.05,29.2962,7294.75,CHF,7324.05,7294.75,1.0,XETRA,STOP_LIMIT,CANCELED,IOC,GS,BLOCK
2025-03-25T13:23:46.075384Z,2025-03-27,TRD_FB98733A583A,CUST_00001,CUST_00001_INVESTMENT_01,ORD_508AE4D14D1C,EXE_60F792F47154,DAI,DE8745688577,2,742.6762,27.48,EUR,-20408.74,81.635,-20327.11,CHF,-20408.74,-20327.11,1.0,XETRA,MARKET,CANCELED,DAY,TD,DARK
2025-03-25T11:11:13.902672Z,2025-03-27,TRD_381A122C06CA,CUST_00001,CUST_00001_INVESTMENT_01,ORD_3145F5DDB989,EXE_30A65C52F074,4502,JP7996546202,1,895.1214,2821.0,JPY,2525137.47,15150.8248,2509986.64,CHF,2525137.47,2509986.64,1.0,TSE,STOP,PARTIAL_FILL,DAY,TD,SIP
2025-03-25T11:43:31.306717Z,2025-03-27,TRD_FAB04349B819,CUST_00001,CUST_00001_INVESTMENT_01,ORD_8CBDA89995CF,EXE_FEFE52DAA576,BT,GB4852963086,1,264.2023,1233.97,GBP,326017.71,1956.1063,324061.61,CHF,326017.71,324061.61,1.0,LSE,LIMIT,NEW,DAY,CS,DARK
