trade_date,settlement_date,trade_id,customer_id,account_number,order_id,exec_id,symbol,isin,side,quantity,price,currency,gross_amount,commission,net_amount,base_currency,base_gross_amount,base_net_amount,fx_rate,market,order_type,exec_type,time_in_force,broker_id,venue
2025-07-17T13:24:04.914671Z,2025-07-21,TRD_190143D933A8,CUST_00001,CUST_00001_INVESTMENT_01,ORD_8B1E9A188573,EXE_2031983AA4A8,META,US5285395918,2,668.7728,272.09,USD,-181966.39,909.832,-181056.56,CHF,-181966.39,-181056.56,1.0,NYSE,LIMIT,REPLACED,DAY,UBS,BLOCK
2025-07-17T09:10:19.317384Z,2025-07-21,TRD_5F4178F8B822,CUST_00001,CUST_00001_INVESTMENT_01,ORD_023BBC1A70B7,EXE_828A09E247D8,9984,JP4154448903,2,659.0267,2760.0,JPY,-1818913.69,10913.4822,-1808000.21,CHF,-1818913.69,-1808000.21,1.0,TSE,STOP_LIMIT,FILL,IOC,CS,SIP
2025-07-17T13:00:29.806927Z,2025-07-21,TRD_273562203641,CUST_00001,CUST_00001_INVESTMENT_01,ORD_3C448255855F,EXE_8F5DC56D9EBD,MUV2,DE6464625098,2,867.598,60.41,EUR,-52411.6,209.6464,-52201.95,CHF,-52411.6,-52201.95,1.0,XETRA,STOP,FILL,DAY,WF,DARK
2025-07-17T10:34:18.711330Z,2025-07-21,TRD_D329D94075EF,CUST_00001,CUST_00001_INVESTMENT_01,ORD_98CD853B869C,EXE_578856225516,AMZN,US9763790854,2,29.2666,272.35,USD,-7970.76,39.8538,-7930.9,CHF,-7970.76,-7930.9,1.0,NASDAQ,LIMIT,FILL,GTC,MS,BATS
2025-07-17T13:02:16.107537Z,2025-07-21,TRD_5E7A03B3BAF6,CUST_00001,CUST_00001_INVESTMENT_01,ORD_5DE83DC68C34,EXE_25E20D458810,LLOY,GB2999136398,1,416.4047,427.1,GBP,177846.45,1067.0787,176779.37,CHF,177846.45,176779.37,1.0,LSE,STOP,PARTIAL_FILL,FOK,JPM,BATS
