trade_date,settlement_date,trade_id,customer_id,account_number,order_id,exec_id,symbol,isin,side,quantity,price,currency,gross_amount,commission,net_amount,base_currency,base_gross_amount,base_net_amount,fx_rate,market,order_type,exec_type,time_in_force,broker_id,venue
2024-05-16T10:07:48.825814Z,2024-05-20,TRD_3573003614C6,CUST_00001,CUST_00001_INVESTMENT_01,ORD_67F80807C8D5,EXE_209DC82261B7,NESN,CH3932905245,2,457.2839,857.64,CHF,-392184.96,3137.4797,-389047.48,CHF,-392184.96,-389047.48,1.0,SIX,MARKET,CANCELED,GTC,UBS,BLOCK
2024-05-16T10:16:41.928750Z,2024-05-20,TRD_845FEA4590A7,CUST_00001,CUST_00001_INVESTMENT_01,ORD_ADDAEBD704DD,EXE_F2B0F24B81F4,AAPL,US6081137065,2,630.6314,133.15,USD,-83968.57,419.8429,-83548.73,CHF,-83968.57,-83548.73,1.0,NASDAQ,STOP,NEW,FOK,TD,BLOCK
2024-05-16T09:13:27.130998Z,2024-05-20,TRD_789011ED3142,CUST_00001,CUST_00001_INVESTMENT_01,ORD_0807DC58EFC5,EXE_BE810AE03622,CFR,CH6028983725,2,397.3882,647.19,CHF,-257185.67,2057.4854,-255128.18,CHF,-257185.67,-255128.18,1.0,SIX,MARKET,NEW,DAY,JPM,CHI-X
2024-05-16T09:28:54.910240Z,2024-05-20,TRD_2547A0077699,CUST_00001,CUST_00001_INVESTMENT_01,ORD_8C932D60E42A,EXE_F5EBDD0EBA6B,JPM,US8324688209,2,951.2253,93.19,USD,-88644.69,443.2234,-88201.46,CHF,-88644.69,-88201.46,1.0,NYSE,MARKET,CANCELED,DAY,GS,BATS
