trade_date,settlement_date,trade_id,customer_id,account_number,order_id,exec_id,symbol,isin,side,quantity,price,currency,gross_amount,commission,net_amount,base_currency,base_gross_amount,base_net_amount,fx_rate,market,order_type,exec_type,time_in_force,broker_id,venue
2025-09-16T12:14:03.338229Z,2025-09-18,TRD_FC2ECF2DB39F,CUST_00001,CUST_00001_INVESTMENT_01,ORD_B76FB2803356,EXE_EBF449D6D76D,AZN,GB9869982532,1,125.1663,436.79,GBP,54671.39,328.0283,54343.36,CHF,54671.39,54343.36,1.0,LSE,LIMIT,FILL,GTC,WF,BLOCK
2025-09-16T12:36:41.322100Z,2025-09-18,TRD_A6214C2EBE09,CUST_00001,CUST_00001_INVESTMENT_01,ORD_9D1CF835E275,EXE_C3C38BD4D77A,V,US2714753731,1,152.8882,180.65,USD,27619.25,138.0963,27481.16,CHF,27619.25,27481.16,1.0,NYSE,MARKET,PARTIAL_FILL,DAY,UBS,BLOCK
2025-09-16T12:35:32.670062Z,2025-09-18,TRD_02AA964FFEE7,CUST_00001,CUST_00001_INVESTMENT_01,ORD_CF8224731D04,EXE_5AED222C74D7,TSLA,US2349676629,1,205.1103,258.78,USD,53078.44,265.3922,52813.05,CHF,53078.44,52813.05,1.0,NYSE,LIMIT,NEW,GTC,BAML,CHI-X
2025-09-16T13:42:29.170056Z,2025-09-18,TRD_047279B1F50D,CUST_00001,CUST_00001_INVESTMENT_01,ORD_552A935F0189,EXE_EBFDF933FF93,BT,GB4649881162,2,688.6314,1936.2,GBP,-1333328.12,7999.9687,-1325328.15,CHF,-1333328.12,-1325328.15,1.0,LSE,STOP,PARTIAL_FILL,DAY,TD,SIP
2025-09-16T15:18:27.624545Z,2025-09-18,TRD_A6CCC0660E1E,CUST_00001,CUST_00001_INVESTMENT_01,ORD_A0AF235A7632,EXE_190D0E718B55,IFX,DE3815480497,1,10.4706,21.74,EUR,227.63,0.9105,226.72,CHF,227.63,226.72,1.0,XETRA,LIMIT,CANCELED,GTC,DB,CROSS
