trade_date,settlement_date,trade_id,customer_id,account_number,order_id,exec_id,symbol,isin,side,quantity,price,currency,gross_amount,commission,net_amount,base_currency,base_gross_amount,base_net_amount,fx_rate,market,order_type,exec_type,time_in_force,broker_id,venue
2024-09-10T16:36:45.608017Z,2024-09-12,TRD_E33E80E67666,CUST_00001,CUST_00001_INVESTMENT_01,ORD_1A0E669AB3BC,EXE_92BD2B2C8D90,INTC,US9562871658,1,745.3796,89.98,USD,67069.26,335.3463,66733.91,CHF,67069.26,66733.91,1.0,NASDAQ,STOP,NEW,DAY,DB,CHI-X
2024-09-10T13:41:08.796521Z,2024-09-12,TRD_3CF442C66C6F,CUST_00001,CUST_00001_INVESTMENT_01,ORD_811E58949A6E,EXE_974A1DDC0FE4,UBSG,CH2847146226,1,481.7263,728.84,CHF,351101.4,2808.8112,348292.59,CHF,351101.4,348292.59,1.0,SIX,STOP,PARTIAL_FILL,FOK,TD,BATS
2024-09-10T09:00:45.763864Z,2024-09-12,TRD_E0422B919AF4,CUST_00001,CUST_00001_INVESTMENT_01,ORD_3DA5A3189980,EXE_A42BF1703B9D,AMZN,US6486373853,2,369.9737,241.53,USD,-89359.75,446.7987,-88912.95,CHF,-89359.75,-88912.95,1.0,NASDAQ,STOP_LIMIT,REPLACED,IOC,UBS,BATS
2024-09-10T13:20:17.707278Z,2024-09-12,TRD_12F5DDD41705,CUST_00001,CUST_00001_INVESTMENT_01,ORD_9F82138A95A9,EXE_DD4260202E6F,6861,JP1687606462,1,266.0194,3931.0,JPY,1045722.26,6274.3336,1039447.93,CHF,1045722.26,1039447.93,1.0,TSE,MARKET,CANCELED,FOK,JPM,SIP
2024-09-10T16:21:12.238557Z,2024-09-12,TRD_E763E73AF3AD,CUST_00001,CUST_00001_INVESTMENT_01,ORD_8EA74BFEF55B,EXE_E2A24AAC4FF6,INTC,US5779611912,1,33.1771,298.83,USD,9914.31,49.5716,9864.74,CHF,9914.31,9864.74,1.0,NASDAQ,LIMIT,FILL,GTC,GS,CROSS
2024-09-10T13:33:20.135242Z,2024-09-12,TRD_ADEDB3143039,CUST_00001,CUST_00001_INVESTMENT_01,ORD_9CC5BC1D9265,EXE_03464CD53CF5,ROG,CH5346681447,1,189.8008,122.31,CHF,23214.54,185.7163,23028.82,CHF,23214.54,23028.82,1.0,SIX,MARKET,NEW,FOK,DB,CROSS
