trade_date,settlement_date,trade_id,customer_id,account_number,order_id,exec_id,symbol,isin,side,quantity,price,currency,gross_amount,commission,net_amount,base_currency,base_gross_amount,base_net_amount,fx_rate,market,order_type,exec_type,time_in_force,broker_id,venue
2024-03-08T11:42:14.033021Z,2024-03-12,TRD_AE84F8322A62,CUST_00001,CUST_00001_INVESTMENT_02,ORD_E76B4A6BB678,EXE_014D0D0AA55F,ALV,DE9474065316,2,295.3565,70.7,EUR,-20881.7,83.5268,-20798.18,CHF,-20881.7,-20798.18,1.0,XETRA,LIMIT,FILL,IOC,MS,CHI-X
2024-03-08T15:34:45.615098Z,2024-03-12,TRD_244E49F547AD,CUST_00001,CUST_00001_INVESTMENT_02,ORD_FD09F142A1B0,EXE_53B99AE19E41,DTE,DE4653453796,1,14.9922,79.29,EUR,1188.73,4.7549,1183.98,CHF,1188.73,1183.98,1.0,XETRA,STOP_LIMIT,PARTIAL_FILL,DAY,BAML,CHI-X
2024-03-08T10:32:23.390560Z,2024-03-12,TRD_22ADBF47091C,CUST_00001,CUST_00001_INVESTMENT_02,ORD_E6AD7E860C3E,EXE_A77F613D3583,CSCO,US6764595939,2,202.3819,161.39,USD,-32662.41,163.3121,-32499.1,CHF,-32662.41,-32499.1,1.0,NASDAQ,MARKET,CANCELED,DAY,CS,CROSS
2024-03-08T09:37:10.583572Z,2024-03-12,TRD_AF692BE13E94,CUST_00001,CUST_00001_INVESTMENT_02,ORD_A75C9AD7E7F9,EXE_99AFAA93BE22,BAS,DE8883981092,1,613.3713,44.34,EUR,27196.88,108.7875,27088.1,CHF,27196.88,27088.1,1.0,XETRA,STOP,NEW,IOC,CS,BATS
