trade_date,settlement_date,trade_id,customer_id,account_number,order_id,exec_id,symbol,isin,side,quantity,price,currency,gross_amount,commission,net_amount,base_currency,base_gross_amount,base_net_amount,fx_rate,market,order_type,exec_type,time_in_force,broker_id,venue
2025-07-30T09:38:42.380504Z,2025-08-01,TRD_3A9735A02C56,CUST_00001,CUST_00001_INVESTMENT_02,ORD_EF25124288F5,EXE_879F1A5B487B,NVDA,US6639839180,1,184.4773,233.45,USD,43066.23,215.3311,42850.89,CHF,43066.23,42850.89,1.0,NASDAQ,LIMIT,NEW,DAY,CITI,CROSS
2025-07-30T12:34:01.664115Z,2025-08-01,TRD_6999BD2C392B,CUST_00001,CUST_00001_INVESTMENT_02,ORD_3EC3C5AA937F,EXE_B80809D8DC7C,MSFT,US5833372139,1,434.9916,244.87,USD,106516.39,532.582,105983.81,CHF,106516.39,105983.81,1.0,NASDAQ,STOP_LIMIT,NEW,GTC,GS,CHI-X
2025-07-30T12:45:58.547567Z,2025-08-01,TRD_5A6408AB72B2,CUST_00001,CUST_00001_INVESTMENT_02,ORD_C36756FE8718,EXE_30D02471FDE1,6861,JP4075135358,2,776.4423,2013.0,JPY,-1562978.35,9377.8701,-1553600.48,CHF,-1562978.35,-1553600.48,1.0,TSE,STOP_LIMIT,NEW,GTC,UBS,BATS
2025-07-30T11:32:15.725485Z,2025-08-01,TRD_36B4FF3D7197,CUST_00001,CUST_00001_INVESTMENT_02,ORD_B30A863200F5,EXE_840D7657EE1F,4063,JP4358864263,1,383.7223,2965.0,JPY,1137736.62,6826.4197,1130910.2,CHF,1137736.62,1130910.2,1.0,TSE,MARKET,CANCELED,GTC,JPM,CHI-X
