trade_date,settlement_date,trade_id,customer_id,account_number,order_id,exec_id,symbol,isin,side,quantity,price,currency,gross_amount,commission,net_amount,base_currency,base_gross_amount,base_net_amount,fx_rate,market,order_type,exec_type,time_in_force,broker_id,venue
2023-10-17T12:55:51.272355Z,2023-10-19,TRD_19F90A611738,CUST_00001,CUST_00001_INVESTMENT_01,ORD_3B4A32D48265,EXE_2D8419120516,MSFT,US6843400260,1,705.0927,94.77,USD,66821.64,334.1082,66487.53,CHF,66821.64,66487.53,1.0,NASDAQ,LIMIT,PARTIAL_FILL,FOK,DB,BATS
2023-10-17T12:11:45.250437Z,2023-10-19,TRD_9268D407A883,CUST_00001,CUST_00001_INVESTMENT_01,ORD_B6A49ED551B1,EXE_EBCE8D9EC40D,SHEL,GB9436358844,1,223.1719,1348.85,GBP,301025.42,1806.1525,299219.26,CHF,301025.42,299219.26,1.0,LSE,STOP,REPLACED,GTC,GS,CROSS
2023-10-17T09:38:56.751694Z,2023-10-19,TRD_23B3C60DE979,CUST_00001,CUST_00001_INVESTMENT_01,ORD_BA7337F67990,EXE_B82F8C9C4191,ABB,CH5651309850,1,326.9525,644.99,CHF,210881.09,1687.0487,209194.04,CHF,210881.09,209194.04,1.0,SIX,MARKET,PARTIAL_FILL,FOK,CITI,CROSS
2023-10-17T10:50:27.012789Z,2023-10-19,TRD_79F3802206EA,CUST_00001,CUST_00001_INVESTMENT_01,ORD_C934E52E7F87,EXE_48377EC80BA0,MSFT,US8332051593,1,971.6217,284.67,USD,276591.55,1382.9577,275208.59,CHF,276591.55,275208.59,1.0,NASDAQ,STOP,REPLACED,IOC,UBS,CROSS
2023-10-17T10:53:32.583095Z,2023-10-19,TRD_C289C40B53C7,CUST_00001,CUST_00001_INVESTMENT_01,ORD_884D7A3831BE,EXE_D9A047BA8FE7,BMW,DE6357863110,1,890.1877,121.59,EUR,108237.92,432.9517,107804.97,CHF,108237.92,107804.97,1.0,XETRA,STOP_LIMIT,REPLACED,DAY,CITI,CROSS
