trade_date,settlement_date,trade_id,customer_id,account_number,order_id,exec_id,symbol,isin,side,quantity,price,currency,gross_amount,commission,net_amount,base_currency,base_gross_amount,base_net_amount,fx_rate,market,order_type,exec_type,time_in_force,broker_id,venue
2024-10-21T12:59:09.488646Z,2024-10-23,TRD_166CD55A347B,CUST_00001,CUST_00001_INVESTMENT_01,ORD_C86A7BC7D4FC,EXE_206406ADDDB8,LLOY,GB5385829608,1,371.7111,498.4,GBP,185260.81,1111.5649,184149.25,CHF,185260.81,184149.25,1.0,LSE,MARKET,NEW,GTC,MS,SIP
2024-10-21T16:28:07.594992Z,2024-10-23,TRD_A3A9E800E512,CUST_00001,CUST_00001_INVESTMENT_01,ORD_05F2781ED74F,EXE_DF59C6092194,META,US9297208313,1,342.5353,197.06,USD,67500.01,337.5,67162.51,CHF,67500.01,67162.51,1.0,NASDAQ,LIMIT,REPLACED,IOC,BAML,DARK
2024-10-21T12:34:15.748478Z,2024-10-23,TRD_0C489B5A7864,CUST_00001,CUST_00001_INVESTMENT_01,ORD_779237A005E7,EXE_980B75D78C27,TSLA,US7438462353,2,737.9728,88.17,USD,-65067.06,325.3353,-64741.73,CHF,-65067.06,-64741.73,1.0,NYSE,MARKET,FILL,IOC,WF,SIP
2024-10-21T12:57:04.482625Z,2024-10-23,TRD_FF4BBEAB5CA7,CUST_00001,CUST_00001_INVESTMENT_01,ORD_90006E5D3BA2,EXE_F66ECF50F457,MSFT,US8234186188,1,297.5592,169.07,USD,50308.33,251.5417,50056.79,CHF,50308.33,50056.79,1.0,NYSE,MARKET,CANCELED,DAY,TD,CROSS
2024-10-21T09:40:25.928901Z,2024-10-23,TRD_193D420B7D50,CUST_00001,CUST_00001_INVESTMENT_01,ORD_B9217A7941FB,EXE_F38F31D89859,VOW,DE3436297835,1,733.2192,40.13,EUR,29424.09,117.6963,29306.39,CHF,29424.09,29306.39,1.0,XETRA,LIMIT,CANCELED,GTC,UBS,BLOCK
