trade_date,settlement_date,trade_id,customer_id,account_number,order_id,exec_id,symbol,isin,side,quantity,price,currency,gross_amount,commission,net_amount,base_currency,base_gross_amount,base_net_amount,fx_rate,market,order_type,exec_type,time_in_force,broker_id,venue
2025-07-25T14:02:05.717628Z,2025-07-29,TRD_13836EE30D0B,CUST_00003,CUST_00003_INVESTMENT_01,ORD_1C414AA54F76,EXE_D9F696F38E93,DTE,DE7786690093,2,610.6041,79.95,EUR,-48817.8,195.2712,-48622.53,CHF,-48817.8,-48622.53,1.0,XETRA,MARKET,NEW,GTC,CITI,CHI-X
2025-07-25T12:19:46.255252Z,2025-07-29,TRD_DAB6A87A9662,CUST_00003,CUST_00003_INVESTMENT_01,ORD_99829696C3A4,EXE_0C9ACDC29606,BP,GB8047459643,1,115.3398,1163.61,GBP,134210.54,805.2633,133405.28,CHF,134210.54,133405.28,1.0,LSE,LIMIT,CANCELED,DAY,WF,CROSS
2025-07-25T13:19:10.170906Z,2025-07-29,TRD_A4622710B9B8,CUST_00003,CUST_00003_INVESTMENT_01,ORD_000EA80AAC17,EXE_E9EF4B69C56D,8306,JP3221342843,1,637.1905,4498.0,JPY,2866082.87,17196.4972,2848886.37,CHF,2866082.87,2848886.37,1.0,TSE,STOP_LIMIT,NEW,GTC,GS,DARK
2025-07-25T13:16:52.751431Z,2025-07-29,TRD_1DE090B6DA0A,CUST_00003,CUST_00003_INVESTMENT_01,ORD_89106A7ED10A,EXE_C7439755229E,ADBE,US6749010005,2,43.8316,192.07,USD,-8418.74,42.0937,-8376.64,CHF,-8418.74,-8376.64,1.0,NASDAQ,MARKET,NEW,GTC,BAML,BATS
