trade_date,settlement_date,trade_id,customer_id,account_number,order_id,exec_id,symbol,isin,side,quantity,price,currency,gross_amount,commission,net_amount,base_currency,base_gross_amount,base_net_amount,fx_rate,market,order_type,exec_type,time_in_force,broker_id,venue
2024-03-01T15:15:22.422116Z,2024-03-05,TRD_2787953CD92F,CUST_00001,CUST_00001_INVESTMENT_01,ORD_897CC4B3867E,EXE_53F5970D9819,GSK,GB6057891488,2,801.2358,1344.05,GBP,-1076900.98,6461.4059,-1070439.57,CHF,-1076900.98,-1070439.57,1.0,LSE,MARKET,CANCELED,GTC,CITI,CHI-X
2024-03-01T13:03:29.925430Z,2024-03-05,TRD_1F6CE6BA13BC,CUST_00001,CUST_00001_INVESTMENT_01,ORD_6127B45F9F6C,EXE_3BC7AE7AFA50,9984,JP3384843403,1,251.9705,3385.0,JPY,852920.14,5117.5209,847802.62,CHF,852920.14,847802.62,1.0,TSE,LIMIT,REPLACED,FOK,CS,DARK
2024-03-01T10:51:38.288842Z,2024-03-05,TRD_6F616799B252,CUST_00001,CUST_00001_INVESTMENT_01,ORD_A27425F66F67,EXE_E2704A8AE865,JNJ,US7330791243,2,229.0309,95.41,USD,-21851.84,109.2592,-21742.58,CHF,-21851.84,-21742.58,1.0,NYSE,STOP_LIMIT,PARTIAL_FILL,GTC,JPM,BLOCK
2024-03-01T14:46:32.632393Z,2024-03-05,TRD_5C02AE7B2581,CUST_00001,CUST_00001_INVESTMENT_01,ORD_2B61CEAB731C,EXE_42ED08965831,NVDA,US8233260611,1,101.6529,241.43,USD,24542.06,122.7103,24419.35,CHF,24542.06,24419.35,1.0,NYSE,LIMIT,REPLACED,FOK,WF,DARK
2024-03-01T12:12:35.023485Z,2024-03-05,TRD_9FDC9B31EA99,CUST_00001,CUST_00001_INVESTMENT_01,ORD_DE7D533137A3,EXE_3063B8AF554D,4063,JP2261346673,1,684.7883,3180.0,JPY,2177626.79,13065.7608,2164561.03,CHF,2177626.79,2164561.03,1.0,TSE,LIMIT,PARTIAL_FILL,FOK,MS,CHI-X
