trade_date,settlement_date,trade_id,customer_id,account_number,order_id,exec_id,symbol,isin,side,quantity,price,currency,gross_amount,commission,net_amount,base_currency,base_gross_amount,base_net_amount,fx_rate,market,order_type,exec_type,time_in_force,broker_id,venue
2024-08-15T16:46:39.103746Z,2024-08-19,TRD_D7E08DC0B677,CUST_00001,CUST_00001_INVESTMENT_01,ORD_415205C765D8,EXE_F5806EF6771C,VOD,GB6156060791,2,465.6973,1896.37,GBP,-883134.39,5298.8063,-877835.58,CHF,-883134.39,-877835.58,1.0,LSE,MARKET,FILL,DAY,BAML,CROSS
2024-08-15T16:44:25.374114Z,2024-08-19,TRD_1A322EEFA8DB,CUST_00001,CUST_00001_INVESTMENT_01,ORD_B18F1094A571,EXE_9401543A83E3,CS,CH5763870347,1,533.904,790.86,CHF,422243.32,3377.9465,418865.37,CHF,422243.32,418865.37,1.0,SIX,MARKET,NEW,FOK,UBS,BATS
2024-08-15T09:01:24.800507Z,2024-08-19,TRD_47AA83720A0F,CUST_00001,CUST_00001_INVESTMENT_01,ORD_FA7EC0B1C146,EXE_1A7D59D6ABDB,GSK,GB1699452554,2,202.034,1863.01,GBP,-376391.36,2258.3482,-374133.01,CHF,-376391.36,-374133.01,1.0,LSE,STOP_LIMIT,PARTIAL_FILL,DAY,UBS,CROSS
2024-08-15T13:52:10.861001Z,2024-08-19,TRD_00088011E6E6,CUST_00001,CUST_00001_INVESTMENT_01,ORD_A6EA47513CD5,EXE_2FFE783F372C,GIVN,CH8622080426,1,256.233,973.26,CHF,249381.33,1995.0506,247386.28,CHF,249381.33,247386.28,1.0,SIX,STOP_LIMIT,CANCELED,FOK,DB,BLOCK
2024-08-15T12:38:12.929243Z,2024-08-19,TRD_99525AC5539C,CUST_00001,CUST_00001_INVESTMENT_01,ORD_E4E0B6E6F6D7,EXE_F801238719AE,UBSG,CH8616449021,2,892.9456,335.56,CHF,-299636.83,2397.0946,-297239.73,CHF,-299636.83,-297239.73,1.0,SIX,STOP,FILL,FOK,UBS,BLOCK
2024-08-15T16:57:19.257195Z,2024-08-19,TRD_2F47146D022C,CUST_00001,CUST_00001_INVESTMENT_01,ORD_02A9812AA6C5,EXE_126FE8E6B02C,UHR,CH7856535018,2,697.7865,903.96,CHF,-630771.08,5046.1687,-625724.92,CHF,-630771.08,-625724.92,1.0,SIX,STOP_LIMIT,FILL,GTC,GS,BLOCK
