trade_date,settlement_date,trade_id,customer_id,account_number,order_id,exec_id,symbol,isin,side,quantity,price,currency,gross_amount,commission,net_amount,base_currency,base_gross_amount,base_net_amount,fx_rate,market,order_type,exec_type,time_in_force,broker_id,venue
2024-12-18T13:45:11.213850Z,2024-12-20,TRD_991DFA85C2B4,CUST_00001,CUST_00001_INVESTMENT_01,ORD_A07657A3F274,EXE_AFB1DCB50A04,NOVN,CH4695144302,2,159.8037,461.05,CHF,-73677.5,589.42,-73088.08,CHF,-73677.5,-73088.08,1.0,SIX,STOP_LIMIT,PARTIAL_FILL,GTC,DB,BATS
2024-12-18T15:58:33.460915Z,2024-12-20,TRD_587B3729C2EC,CUST_00001,CUST_00001_INVESTMENT_01,ORD_2A561C7D9B4E,EXE_70FD712A22C2,BT,GB8330864094,1,260.0735,1438.86,GBP,374209.36,2245.2561,371964.1,CHF,374209.36,371964.1,1.0,LSE,LIMIT,PARTIAL_FILL,DAY,TD,CROSS
2024-12-18T13:40:30.894744Z,2024-12-20,TRD_A5401F6FCE1D,CUST_00001,CUST_00001_INVESTMENT_01,ORD_B8C06E680C9E,EXE_7B27604B2A3D,4063,JP7182656775,1,518.5448,3572.0,JPY,1852242.03,11113.4522,1841128.57,CHF,1852242.03,1841128.57,1.0,TSE,STOP,PARTIAL_FILL,IOC,MS,BLOCK
2024-12-18T13:13:18.596180Z,2024-12-20,TRD_B24DF083A7B3,CUST_00001,CUST_00001_INVESTMENT_01,ORD_0BC6667C3D87,EXE_A0BF94486658,SAP,DE9926359853,2,155.4099,37.59,EUR,-5841.86,23.3674,-5818.49,CHF,-5841.86,-5818.49,1.0,XETRA,LIMIT,FILL,FOK,GS,BATS
2024-12-18T10:01:42.822684Z,2024-12-20,TRD_F4A5F5E95668,CUST_00001,CUST_00001_INVESTMENT_01,ORD_45E0A050FE15,EXE_17C34513D216,IFX,DE2258709880,2,418.5539,144.37,EUR,-60426.63,241.7065,-60184.92,CHF,-60426.63,-60184.92,1.0,XETRA,STOP_LIMIT,FILL,IOC,TD,BATS
2024-12-18T13:05:33.920595Z,2024-12-20,TRD_CB75264C171D,CUST_00001,CUST_00001_INVESTMENT_01,ORD_E3FA9D742390,EXE_7A0318ECAEC1,GOOGL,US8041508705,1,408.1775,72.12,USD,29437.76,147.1888,29290.57,CHF,29437.76,29290.57,1.0,NASDAQ,STOP_LIMIT,REPLACED,FOK,BAML,CHI-X
