trade_date,settlement_date,trade_id,customer_id,account_number,order_id,exec_id,symbol,isin,side,quantity,price,currency,gross_amount,commission,net_amount,base_currency,base_gross_amount,base_net_amount,fx_rate,market,order_type,exec_type,time_in_force,broker_id,venue
2024-02-21T16:30:16.220296Z,2024-02-23,TRD_1C76B6DB3D13,CUST_00001,CUST_00001_INVESTMENT_01,ORD_CC7BF0F02C1F,EXE_4B9A977169A3,NESN,CH4211675564,2,46.8251,335.89,CHF,-15728.08,125.8247,-15602.26,CHF,-15728.08,-15602.26,1.0,SIX,STOP,NEW,IOC,CITI,DARK
2024-02-21T10:23:17.548095Z,2024-02-23,TRD_0E4FC056FCEB,CUST_00001,CUST_00001_INVESTMENT_01,ORD_F37D783A8BF6,EXE_41B639D8CC7A,6758,JP4750246463,2,554.4933,3766.0,JPY,-2088221.77,12529.3306,-2075692.44,CHF,-2088221.77,-2075692.44,1.0,TSE,STOP,REPLACED,DAY,CITI,CHI-X
2024-02-21T11:37:22.331484Z,2024-02-23,TRD_F0944F7957EB,CUST_00001,CUST_00001_INVESTMENT_01,ORD_F019F278BC8F,EXE_46BF8168081E,NOVN,CH4245899283,1,12.5099,455.93,CHF,5703.64,45.6291,5658.01,CHF,5703.64,5658.01,1.0,SIX,STOP_LIMIT,FILL,IOC,MS,DARK
2024-02-21T15:31:08.876507Z,2024-02-23,TRD_A86FD0889670,CUST_00001,CUST_00001_INVESTMENT_01,ORD_C0B6C5CE5EE1,EXE_A4B2AB27498A,6861,JP5839319708,2,474.8502,4451.0,JPY,-2113558.24,12681.3494,-2100876.89,CHF,-2113558.24,-2100876.89,1.0,TSE,MARKET,CANCELED,IOC,BAML,SIP
2024-02-21T16:23:12.997734Z,2024-02-23,TRD_93CFB2F65294,CUST_00001,CUST_00001_INVESTMENT_01,ORD_0B3FD4F8AA9E,EXE_B3141F1F61CF,NVDA,US4524736872,1,586.0057,196.11,USD,114921.58,574.6079,114346.97,CHF,114921.58,114346.97,1.0,NASDAQ,STOP,CANCELED,GTC,BAML,DARK
