trade_date,settlement_date,trade_id,customer_id,account_number,order_id,exec_id,symbol,isin,side,quantity,price,currency,gross_amount,commission,net_amount,base_currency,base_gross_amount,base_net_amount,fx_rate,market,order_type,exec_type,time_in_force,broker_id,venue
2025-02-17T14:13:38.454635Z,2025-02-19,TRD_42EFBE5E12B3,CUST_00001,CUST_00001_INVESTMENT_02,ORD_8C1032B6B543,EXE_12894A4D3797,NVDA,US4417636450,1,645.7134,178.01,USD,114943.44,574.7172,114368.73,CHF,114943.44,114368.73,1.0,NASDAQ,LIMIT,NEW,IOC,UBS,CHI-X
2025-02-17T13:28:04.170094Z,2025-02-19,TRD_279AC1DBBA10,CUST_00001,CUST_00001_INVESTMENT_02,ORD_1BA09D4DFDC7,EXE_D7118F727BFC,BP,GB2146230193,1,555.9232,1779.3,GBP,989154.15,5934.9249,983219.22,CHF,989154.15,983219.22,1.0,LSE,STOP,CANCELED,GTC,JPM,CROSS
2025-02-17T16:51:51.488573Z,2025-02-19,TRD_9D986277FC25,CUST_00001,CUST_00001_INVESTMENT_02,ORD_BF1358491FFC,EXE_8C8F197C04E2,DAI,DE6236344318,1,862.1806,92.94,EUR,80131.06,320.5243,79810.54,CHF,80131.06,79810.54,1.0,XETRA,STOP_LIMIT,CANCELED,DAY,UBS,CROSS
2025-02-17T09:02:26.480870Z,2025-02-19,TRD_643362964624,CUST_00001,CUST_00001_INVESTMENT_02,ORD_292AB599FB1B,EXE_E95A8E2D5D0B,NOVN,CH9546929218,2,924.1642,76.57,CHF,-70763.25,566.106,-70197.15,CHF,-70763.25,-70197.15,1.0,SIX,STOP,FILL,GTC,TD,CROSS
