trade_date,settlement_date,trade_id,customer_id,account_number,order_id,exec_id,symbol,isin,side,quantity,price,currency,gross_amount,commission,net_amount,base_currency,base_gross_amount,base_net_amount,fx_rate,market,order_type,exec_type,time_in_force,broker_id,venue
2025-05-12T10:40:16.177101Z,2025-05-14,TRD_26DFC33045EA,CUST_00001,CUST_00001_INVESTMENT_02,ORD_201CB1CB4848,EXE_E2BE7B5A57FD,BT,GB6920690369,2,747.1164,1762.61,GBP,-1316874.84,7901.249,-1308973.59,CHF,-1316874.84,-1308973.59,1.0,LSE,LIMIT,FILL,DAY,CITI,BLOCK
2025-05-12T12:31:11.763264Z,2025-05-14,TRD_31385C63CA53,CUST_00001,CUST_00001_INVESTMENT_02,ORD_FF3CD801A0A6,EXE_D57EBC377DF6,SIE,DE2976689478,1,374.762,80.93,EUR,30329.49,121.318,30208.17,CHF,30329.49,30208.17,1.0,XETRA,LIMIT,CANCELED,DAY,TD,DARK
2025-05-12T11:55:11.048934Z,2025-05-14,TRD_E2F8107A5D87,CUST_00001,CUST_00001_INVESTMENT_02,ORD_5E392528E84F,EXE_87E55C70D862,RIO,GB3579504403,2,18.3344,638.75,GBP,-11711.1,70.2666,-11640.83,CHF,-11711.1,-11640.83,1.0,LSE,STOP_LIMIT,REPLACED,DAY,CITI,BATS
2025-05-12T11:57:42.823143Z,2025-05-14,TRD_4DB9287B03B4,CUST_00001,CUST_00001_INVESTMENT_02,ORD_A5B4DF21F656,EXE_FB1ED5FCC23A,ZURN,CH9971372701,2,303.4291,262.37,CHF,-79610.69,636.8855,-78973.81,CHF,-79610.69,-78973.81,1.0,SIX,STOP_LIMIT,REPLACED,IOC,TD,CROSS
2025-05-12T12:45:00.329103Z,2025-05-14,TRD_CF5977246E04,CUST_00001,CUST_00001_INVESTMENT_02,ORD_36E12E81DD37,EXE_7E1084656653,ZURN,CH6347970047,1,112.7856,867.48,CHF,97839.25,782.714,97056.54,CHF,97839.25,97056.54,1.0,SIX,LIMIT,CANCELED,DAY,GS,DARK
2025-05-12T12:36:27.483998Z,2025-05-14,TRD_55D97F3AA9F8,CUST_00001,CUST_00001_INVESTMENT_02,ORD_07B0E058FA89,EXE_F8ECDFCEE21B,SHEL,GB9923298288,2,734.6662,1902.24,GBP,-1397511.43,8385.0686,-1389126.36,CHF,-1397511.43,-1389126.36,1.0,LSE,LIMIT,PARTIAL_FILL,DAY,TD,BLOCK
