trade_date,settlement_date,trade_id,customer_id,account_number,order_id,exec_id,symbol,isin,side,quantity,price,currency,gross_amount,commission,net_amount,base_currency,base_gross_amount,base_net_amount,fx_rate,market,order_type,exec_type,time_in_force,broker_id,venue
2024-12-02T12:30:49.095608Z,2024-12-04,TRD_36B126938706,CUST_00001,CUST_00001_INVESTMENT_01,ORD_B61F007180F6,EXE_599F3B319EE2,V,US2535520390,2,668.1524,231.75,USD,-154844.32,774.2216,-154070.1,CHF,-154844.32,-154070.1,1.0,NYSE,MARKET,CANCELED,GTC,GS,BATS
2024-12-02T09:39:32.601996Z,2024-12-04,TRD_A4D7F377991E,CUST_00001,CUST_00001_INVESTMENT_01,ORD_C02EC374564A,EXE_537D439CBFE3,AAPL,US2376928942,2,379.2681,87.99,USD,-33371.8,166.859,-33204.94,CHF,-33371.8,-33204.94,1.0,NASDAQ,MARKET,CANCELED,DAY,UBS,BATS
2024-12-02T12:02:10.745252Z,2024-12-04,TRD_D91A98C0900A,CUST_00001,CUST_00001_INVESTMENT_01,ORD_9789F41C843B,EXE_E2992A3434CC,IFX,DE2699576594,2,488.4134,89.43,EUR,-43678.81,174.7152,-43504.1,CHF,-43678.81,-43504.1,1.0,XETRA,STOP,REPLACED,DAY,MS,BATS
2024-12-02T10:16:04.616340Z,2024-12-04,TRD_4C74B6F0C1C3,CUST_00001,CUST_00001_INVESTMENT_01,ORD_8F3C94D13B1A,EXE_6DE2B8BE3BDF,GOOGL,US8794944228,1,28.5646,75.75,USD,2163.77,10.8188,2152.95,CHF,2163.77,2152.95,1.0,NASDAQ,STOP,REPLACED,FOK,GS,SIP
2024-12-02T10:11:55.152694Z,2024-12-04,TRD_4C98FC094000,CUST_00001,CUST_00001_INVESTMENT_01,ORD_B3C37151C37D,EXE_D081E1CCB350,META,US5791281542,2,258.207,62.55,USD,-16150.85,80.7542,-16070.09,CHF,-16150.85,-16070.09,1.0,NASDAQ,LIMIT,NEW,DAY,CS,CHI-X
