trade_date,settlement_date,trade_id,customer_id,account_number,order_id,exec_id,symbol,isin,side,quantity,price,currency,gross_amount,commission,net_amount,base_currency,base_gross_amount,base_net_amount,fx_rate,market,order_type,exec_type,time_in_force,broker_id,venue
2025-01-02T15:23:11.889502Z,2025-01-06,TRD_158768A10348,CUST_00001,CUST_00001_INVESTMENT_02,ORD_D88C54F9861D,EXE_03B1116E98C9,V,US4716687246,2,93.7851,297.75,USD,-27924.51,139.6226,-27784.89,CHF,-27924.51,-27784.89,1.0,NYSE,STOP_LIMIT,NEW,GTC,CITI,CROSS
2025-01-02T15:15:13.629120Z,2025-01-06,TRD_B0BA343FA58E,CUST_00001,CUST_00001_INVESTMENT_02,ORD_AF33257A5FB8,EXE_88F50A37256A,NESN,CH4278864684,2,400.7486,737.69,CHF,-295628.23,2365.0259,-293263.21,CHF,-295628.23,-293263.21,1.0,SIX,LIMIT,PARTIAL_FILL,GTC,MS,CROSS
2025-01-02T11:41:13.218551Z,2025-01-06,TRD_0E4B90CD00C1,CUST_00001,CUST_00001_INVESTMENT_02,ORD_0669DA49A066,EXE_EC134CBFCDB0,DTE,DE3548511900,1,471.3336,127.78,EUR,60227.01,240.908,59986.1,CHF,60227.01,59986.1,1.0,XETRA,MARKET,PARTIAL_FILL,GTC,GS,DARK
2025-01-02T10:00:00.694722Z,2025-01-06,TRD_32F4306B1817,CUST_00001,CUST_00001_INVESTMENT_02,ORD_7CA7598BC398,EXE_0B51D6E65673,AMZN,US1061450623,1,430.2603,77.65,USD,33409.71,167.0486,33242.66,CHF,33409.71,33242.66,1.0,NYSE,LIMIT,REPLACED,GTC,CS,CROSS
2025-01-02T10:33:02.183168Z,2025-01-06,TRD_E6DD570F0A0D,CUST_00001,CUST_00001_INVESTMENT_02,ORD_605B1D52C541,EXE_E01B616F948E,JPM,US7993773002,2,637.8688,262.7,USD,-167568.13,837.8407,-166730.29,CHF,-167568.13,-166730.29,1.0,NYSE,LIMIT,CANCELED,IOC,WF,CROSS
