trade_date,settlement_date,trade_id,customer_id,account_number,order_id,exec_id,symbol,isin,side,quantity,price,currency,gross_amount,commission,net_amount,base_currency,base_gross_amount,base_net_amount,fx_rate,market,order_type,exec_type,time_in_force,broker_id,venue
2023-11-14T13:13:04.033865Z,2023-11-16,TRD_9D7B813400E4,CUST_00001,CUST_00001_INVESTMENT_01,ORD_D1F53A30E11D,EXE_E39A9C865AC1,ABB,CH9064586089,2,181.2652,934.73,CHF,-169434.02,1355.4722,-168078.55,CHF,-169434.02,-168078.55,1.0,SIX,STOP,FILL,GTC,CS,CHI-X
2023-11-14T11:24:40.934779Z,2023-11-16,TRD_ACF362C9D6C7,CUST_00001,CUST_00001_INVESTMENT_01,ORD_3F81D2577A5C,EXE_6A1AF9F0583F,HSBA,GB5873646692,1,687.3508,294.08,GBP,202136.12,1212.8167,200923.31,CHF,202136.12,200923.31,1.0,LSE,MARKET,CANCELED,GTC,TD,BLOCK
2023-11-14T12:54:33.190244Z,2023-11-16,TRD_4C48A242CCA0,CUST_00001,CUST_00001_INVESTMENT_01,ORD_A0C0830B688C,EXE_ED1FCE693354,AAPL,US8623532307,2,550.8203,249.19,USD,-137258.91,686.2946,-136572.62,CHF,-137258.91,-136572.62,1.0,NASDAQ,MARKET,REPLACED,IOC,UBS,CROSS
2023-11-14T09:34:57.645215Z,2023-11-16,TRD_45593DE431F2,CUST_00001,CUST_00001_INVESTMENT_01,ORD_B43132768D3C,EXE_8F8B295134B8,META,US9057860851,2,273.9489,250.55,USD,-68637.9,343.1895,-68294.71,CHF,-68637.9,-68294.71,1.0,NYSE,MARKET,PARTIAL_FILL,IOC,CITI,CHI-X
2023-11-14T12:37:54.410852Z,2023-11-16,TRD_0A139C2267A2,CUST_00001,CUST_00001_INVESTMENT_01,ORD_1DB6498AADE8,EXE_D3DC0EEC3C27,CSCO,US4447768334,2,114.9277,166.69,USD,-19157.3,95.7865,-19061.51,CHF,-19157.3,-19061.51,1.0,NASDAQ,MARKET,PARTIAL_FILL,IOC,UBS,CHI-X
2023-11-14T14:36:25.506821Z,2023-11-16,TRD_ADEB48510F43,CUST_00001,CUST_00001_INVESTMENT_01,ORD_0FC290FDA54E,EXE_AD6970B17A93,IFX,DE6177628016,1,184.3782,126.33,EUR,23292.5,93.17,23199.33,CHF,23292.5,23199.33,1.0,XETRA,LIMIT,CANCELED,GTC,TD,CROSS
2023-11-14T14:07:59.815798Z,2023-11-16,TRD_3444840798C8,CUST_00001,CUST_00001_INVESTMENT_01,ORD_510EFBC494ED,EXE_54AF249C65BE,LLOY,GB1973619471,2,649.7007,914.75,GBP,-594313.72,3565.8823,-590747.83,CHF,-594313.72,-590747.83,1.0,LSE,STOP_LIMIT,CANCELED,GTC,MS,BATS
2023-11-14T13:35:55.066935Z,2023-11-16,TRD_A053FD36B9AA,CUST_00001,CUST_00001_INVESTMENT_01,ORD_74A6D7103DD9,EXE_99779BBFD629,DAI,DE2749147702,1,631.1925,99.83,EUR,63011.95,252.0478,62759.9,CHF,63011.95,62759.9,1.0,XETRA,STOP_LIMIT,CANCELED,FOK,JPM,BLOCK
