trade_date,settlement_date,trade_id,customer_id,account_number,order_id,exec_id,symbol,isin,side,quantity,price,currency,gross_amount,commission,net_amount,base_currency,base_gross_amount,base_net_amount,fx_rate,market,order_type,exec_type,time_in_force,broker_id,venue
2025-06-25T14:35:43.827587Z,2025-06-27,TRD_0B444118BA83,CUST_00001,CUST_00001_INVESTMENT_01,ORD_DDF2C1BFCE88,EXE_BAD4A9AE6A54,AAPL,US2165943088,2,348.475,142.97,USD,-49821.47,249.1074,-49572.36,CHF,-49821.47,-49572.36,1.0,NASDAQ,MARKET,PARTIAL_FILL,DAY,MS,CHI-X
2025-06-25T12:36:38.347996Z,2025-06-27,TRD_21D2ED9FB95F,CUST_00001,CUST_00001_INVESTMENT_01,ORD_F91F351DB25D,EXE_5F9825345EB0,AMZN,US7595383465,2,309.414,141.43,USD,-43760.42,218.8021,-43541.62,CHF,-43760.42,-43541.62,1.0,NYSE,STOP,PARTIAL_FILL,GTC,CS,DARK
2025-06-25T10:09:36.731843Z,2025-06-27,TRD_A897CD9740CB,CUST_00001,CUST_00001_INVESTMENT_01,ORD_26139A93033B,EXE_AA1883950083,MSFT,US7066693290,2,449.9993,238.57,USD,-107356.33,536.7817,-106819.55,CHF,-107356.33,-106819.55,1.0,NYSE,STOP_LIMIT,CANCELED,FOK,CITI,DARK
2025-06-25T09:36:39.357297Z,2025-06-27,TRD_9C581B68B725,CUST_00001,CUST_00001_INVESTMENT_01,ORD_6B80556E063C,EXE_5C81703EE226,DAI,DE1411926514,2,770.2692,134.93,EUR,-103932.42,415.7297,-103516.69,CHF,-103932.42,-103516.69,1.0,XETRA,LIMIT,CANCELED,IOC,DB,CHI-X
