trade_date,settlement_date,trade_id,customer_id,account_number,order_id,exec_id,symbol,isin,side,quantity,price,currency,gross_amount,commission,net_amount,base_currency,base_gross_amount,base_net_amount,fx_rate,market,order_type,exec_type,time_in_force,broker_id,venue
2025-04-09T10:45:45.031608Z,2025-04-11,TRD_7E91AD29E57B,CUST_00001,CUST_00001_INVESTMENT_02,ORD_573ED3BE21CB,EXE_482EFA170E8B,SIE,DE1769121880,1,864.2739,105.51,EUR,91189.54,364.7582,90824.78,CHF,91189.54,90824.78,1.0,XETRA,STOP_LIMIT,FILL,GTC,CS,SIP
2025-04-09T16:15:13.762923Z,2025-04-11,TRD_EEB7035E0083,CUST_00001,CUST_00001_INVESTMENT_02,ORD_F9DC08CCE9B3,EXE_848785EC58DE,TSLA,US6936398927,1,833.3376,55.94,USD,46616.91,233.0845,46383.82,CHF,46616.91,46383.82,1.0,NYSE,STOP_LIMIT,PARTIAL_FILL,IOC,DB,BATS
2025-04-09T12:30:06.833850Z,2025-04-11,TRD_9E51C6B3084A,CUST_00001,CUST_00001_INVESTMENT_02,ORD_9255C2C18658,EXE_C4C639BD55A6,6758,JP5112448298,1,715.3707,3334.0,JPY,2385045.91,14310.2755,2370735.64,CHF,2385045.91,2370735.64,1.0,TSE,STOP_LIMIT,REPLACED,FOK,UBS,BLOCK
2025-04-09T10:08:38.409913Z,2025-04-11,TRD_2E68AAB69E14,CUST_00001,CUST_00001_INVESTMENT_02,ORD_31BB5E7BB9F7,EXE_12CD94960137,ROG,CH1358763263,2,245.5742,850.7,CHF,-208909.97,1671.2798,-207238.69,CHF,-208909.97,-207238.69,1.0,SIX,STOP,NEW,FOK,UBS,DARK
