trade_date,settlement_date,trade_id,customer_id,account_number,order_id,exec_id,symbol,isin,side,quantity,price,currency,gross_amount,commission,net_amount,base_currency,base_gross_amount,base_net_amount,fx_rate,market,order_type,exec_type,time_in_force,broker_id,venue
2025-01-22T10:03:54.464959Z,2025-01-24,TRD_1384D090D37D,CUST_00001,CUST_00001_INVESTMENT_02,ORD_E5A2BF20EFD4,EXE_1C565EB552A8,UBSG,CH2146436406,2,511.7682,406.19,CHF,-207875.13,1663.001,-206212.12,CHF,-207875.13,-206212.12,1.0,SIX,MARKET,PARTIAL_FILL,IOC,WF,SIP
2025-01-22T14:44:38.809311Z,2025-01-24,TRD_B950FF9597B5,CUST_00001,CUST_00001_INVESTMENT_02,ORD_4839420E0F2E,EXE_9379BDD3B836,BT,GB7115751751,1,897.3234,1868.65,GBP,1676783.37,10060.7002,1666722.67,CHF,1676783.37,1666722.67,1.0,LSE,STOP_LIMIT,REPLACED,IOC,GS,CROSS
2025-01-22T14:32:27.157767Z,2025-01-24,TRD_29F484ECBD39,CUST_00001,CUST_00001_INVESTMENT_02,ORD_C81C67F5ECB2,EXE_05E4ADB48C8B,MSFT,US8643509443,2,390.7686,135.95,USD,-53124.99,265.625,-52859.37,CHF,-53124.99,-52859.37,1.0,NYSE,LIMIT,FILL,GTC,MS,CHI-X
2025-01-22T11:04:09.895331Z,2025-01-24,TRD_5EC4BBF58383,CUST_00001,CUST_00001_INVESTMENT_02,ORD_F8746A4602E3,EXE_25E6E28EE1A1,BAS,DE5339108502,1,526.889,40.33,EUR,21249.43,84.9977,21164.44,CHF,21249.43,21164.44,1.0,XETRA,STOP,FILL,IOC,UBS,BATS
2025-01-22T10:37:57.847110Z,2025-01-24,TRD_1DE1CC2CFF42,CUST_00001,CUST_00001_INVESTMENT_02,ORD_C24DCFD6D4B2,EXE_AC607AEF4294,AAPL,US8734502869,1,408.2369,87.91,USD,35888.11,179.4405,35708.67,CHF,35888.11,35708.67,1.0,NASDAQ,STOP_LIMIT,REPLACED,IOC,GS,BLOCK
2025-01-22T14:06:50.851463Z,2025-01-24,TRD_E13342C9A1EE,CUST_00001,CUST_00001_INVESTMENT_02,ORD_B7F941C85126,EXE_C3BEAF5A7CB7,8306,JP7034502194,1,558.4475,3795.0,JPY,2119308.26,12715.8496,2106592.41,CHF,2119308.26,2106592.41,1.0,TSE,LIMIT,NEW,DAY,UBS,CROSS
